UNITID,INSTNM,CITY,STABBR,PREDDEG,CONTROL,LOCALE,HBCU,PBI,ANNHI,TRIBAL,AANAPII,HSI,NANTI,MENONLY,WOMENONLY,RELAFFIL,ADM_RATE,SAT_AVG,UGDS,TUITIONFEE_IN,TUITIONFEE_OUT,GRAD_DEBT_MDN,MD_EARN_WNE_P10
100654,Alabama A & M University,Normal,AL,3,1,12.0,1.0,0.0,0.0,0.0,0.0,0.0,0.0,0.0,0.0,,0.5795,938.0,6124.0,10024.0,18634.0,31000,40628.0
100663,University of Alabama at Birmingham,Birmingham,AL,3,1,12.0,0.0,0.0,0.0,0.0,0.0,0.0,0.0,0.0,0.0,,0.8818,1258.0,11635.0,9098.0,22562.0,22300,54501.0
100690,Amridge University,Montgomery,AL,3,2,12.0,0.0,0.0,0.0,0.0,0.0,0.0,0.0,0.0,0.0,74.0,,,241.0,7590.0,7590.0,32189,37621.0
100706,University of Alabama in Huntsville,Huntsville,AL,3,1,12.0,0.0,0.0,0.0,0.0,0.0,0.0,0.0,0.0,0.0,,0.6857,1319.0,6591.0,12132.0,26408.0,20705,61767.0
100724,Alabama State University,Montgomery,AL,3,1,12.0,1.0,0.0,0.0,0.0,0.0,0.0,0.0,0.0,0.0,,0.9755,976.0,3477.0,11248.0,19576.0,31000,34502.0
100751,The University of Alabama,Tuscaloosa,AL,3,1,12.0,0.0,0.0,0.0,0.0,0.0,0.0,0.0,0.0,0.0,,0.7665,1285.0,33227.0,12180.0,34172.0,22750,59221.0
100760,Central Alabama Community College,Alexander City,AL,1,1,32.0,0.0,0.0,0.0,0.0,0.0,0.0,0.0,0.0,0.0,,,,1203.0,5110.0,8980.0,9766,33506.0
100812,Athens State University,Athens,AL,3,1,31.0,0.0,0.0,0.0,0.0,0.0,0.0,0.0,0.0,0.0,,,,2446.0,,,18051,50273.0
100830,Auburn University at Montgomery,Montgomery,AL,3,1,12.0,0.0,1.0,0.0,0.0,0.0,0.0,0.0,0.0,0.0,,0.9157,1093.0,2542.0,9700.0,20668.0,25000,44391.0
100858,Auburn University,Auburn,AL,3,1,13.0,0.0,0.0,0.0,0.0,0.0,0.0,0.0,0.0,0.0,,0.4592,1345.0,26816.0,12890.0,34922.0,21000,65337.0
101028,Chattahoochee Valley Community College,Phenix City,AL,2,1,21.0,0.0,1.0,0.0,0.0,0.0,0.0,0.0,0.0,0.0,,,,1110.0,5100.0,8970.0,10500,36438.0
101116,South University-Montgomery,Montgomery,AL,3,3,12.0,0.0,0.0,0.0,0.0,0.0,0.0,0.0,0.0,0.0,,,,299.0,18145.0,18145.0,26123,34421.0
101143,Enterprise State Community College,Enterprise,AL,2,1,32.0,0.0,0.0,0.0,0.0,0.0,0.0,0.0,0.0,0.0,,,,1585.0,5100.0,8970.0,7499,42572.0
101161,Coastal Alabama Community College,Bay Minette,AL,1,1,32.0,0.0,0.0,0.0,0.0,0.0,0.0,0.0,0.0,0.0,,,,4798.0,5040.0,8910.0,11000,34894.0
101189,Faulkner University,Montgomery,AL,3,2,12.0,0.0,1.0,0.0,0.0,0.0,0.0,0.0,0.0,0.0,74.0,0.7307,1020.0,1549.0,23920.0,23920.0,23000,43457.0
101240,Gadsden State Community College,Gadsden,AL,1,1,13.0,1.0,0.0,0.0,0.0,0.0,0.0,0.0,0.0,0.0,,,,3548.0,4272.0,7368.0,PS,32937.0
101277,New Beginning College of Cosmetology,Albertville,AL,1,3,32.0,0.0,0.0,0.0,0.0,0.0,0.0,0.0,0.0,0.0,,,,81.0,,,9500,
101286,George C Wallace Community College-Dothan,Dothan,AL,1,1,13.0,0.0,0.0,0.0,0.0,0.0,0.0,0.0,0.0,0.0,,,,3017.0,4980.0,8850.0,PS,31399.0
101295,George C Wallace State Community College-Hanceville,Hanceville,AL,1,1,42.0,0.0,0.0,0.0,0.0,0.0,0.0,0.0,0.0,0.0,,,,4423.0,5220.0,9090.0,11000,39842.0
101301,George C Wallace State Community College-Selma,Selma,AL,1,1,32.0,0.0,1.0,0.0,0.0,0.0,0.0,0.0,0.0,0.0,,,,855.0,4740.0,8610.0,PS,31598.0
101365,Herzing University-Birmingham,Birmingham,AL,2,2,21.0,0.0,0.0,0.0,0.0,0.0,0.0,0.0,0.0,0.0,,0.9326,,442.0,13450.0,13450.0,21500,36909.0
101435,Huntingdon College,Montgomery,AL,3,2,12.0,0.0,0.0,0.0,0.0,0.0,0.0,0.0,0.0,0.0,71.0,0.6949,1142.0,879.0,29070.0,29070.0,27000,49601.0
101453,Heritage Christian University,Florence,AL,3,2,13.0,0.0,0.0,0.0,0.0,0.0,0.0,0.0,0.0,0.0,74.0,0.9,1020.0,75.0,11982.0,11982.0,PS,42597.0
101462,J. F. Drake State Community and Technical College,Huntsville,AL,1,1,12.0,1.0,0.0,0.0,0.0,0.0,0.0,0.0,0.0,0.0,,,,755.0,5190.0,9060.0,PS,28281.0
101471,J F Ingram State Technical College,Deatsville,AL,1,1,41.0,0.0,0.0,0.0,0.0,0.0,0.0,0.0,0.0,0.0,,,,960.0,6084.0,6084.0,PS,
101480,Jacksonville State University,Jacksonville,AL,3,1,23.0,0.0,0.0,0.0,0.0,0.0,0.0,0.0,0.0,0.0,,0.7769,1059.0,7036.0,12894.0,23334.0,22189,45235.0
101505,Jefferson State Community College,Birmingham,AL,2,1,12.0,0.0,0.0,0.0,0.0,0.0,0.0,0.0,0.0,0.0,,,,5470.0,5100.0,8970.0,9689,40719.0
101514,John C Calhoun State Community College,Tanner,AL,1,1,13.0,0.0,0.0,0.0,0.0,0.0,0.0,0.0,0.0,0.0,,,,7070.0,5120.0,8990.0,12000,38192.0
101569,Lawson State Community College,Birmingham,AL,2,1,12.0,1.0,0.0,0.0,0.0,0.0,0.0,0.0,0.0,0.0,,,,2900.0,5040.0,8910.0,PS,31701.0
101587,University of West Alabama,Livingston,AL,3,1,43.0,0.0,1.0,0.0,0.0,0.0,0.0,0.0,0.0,0.0,,0.4265,1015.0,2974.0,10990.0,20090.0,24944,44232.0
101602,Lurleen B Wallace Community College,Andalusia,AL,2,1,41.0,0.0,0.0,0.0,0.0,0.0,0.0,0.0,0.0,0.0,,,,1097.0,5190.0,9060.0,PS,32307.0
101648,Marion Military Institute,Marion,AL,2,1,43.0,0.0,0.0,0.0,0.0,0.0,0.0,0.0,0.0,0.0,,0.9703,1068.0,329.0,9538.0,15538.0,9250,59644.0
101675,Miles College,Fairfield,AL,3,2,21.0,1.0,0.0,0.0,0.0,0.0,0.0,0.0,0.0,0.0,55.0,,,1155.0,13314.0,13314.0,31217,32627.0
101693,University of Mobile,Mobile,AL,3,2,41.0,0.0,0.0,0.0,0.0,0.0,0.0,0.0,0.0,0.0,75.0,0.7789,1220.0,1307.0,26910.0,26910.0,26500,43611.0
101709,University of Montevallo,Montevallo,AL,3,1,31.0,0.0,0.0,0.0,0.0,0.0,0.0,0.0,0.0,0.0,,0.5385,,2151.0,13948.0,26968.0,24000,42957.0
101736,Northwest Shoals Community College,Muscle Shoals,AL,1,1,13.0,0.0,0.0,0.0,0.0,0.0,0.0,0.0,0.0,0.0,,,,1969.0,5131.0,9001.0,10000,33828.0
101879,University of North Alabama,Florence,AL,3,1,13.0,0.0,0.0,0.0,0.0,0.0,0.0,0.0,0.0,0.0,,0.8731,,5811.0,12120.0,22320.0,22077,45415.0
101897,Northeast Alabama Community College,Rainsville,AL,1,1,42.0,0.0,0.0,0.0,0.0,0.0,0.0,0.0,0.0,0.0,,,,1629.0,5040.0,8910.0,6100,34913.0
101912,Oakwood University,Huntsville,AL,3,2,12.0,1.0,0.0,0.0,0.0,0.0,0.0,0.0,0.0,0.0,95.0,0.4522,,1153.0,22512.0,22512.0,27000,42488.0
101994,Reid State Technical College,Evergreen,AL,1,1,43.0,0.0,0.0,0.0,0.0,0.0,0.0,0.0,0.0,0.0,,,,416.0,5454.0,9324.0,PS,28982.0
102030,Bishop State Community College,Mobile,AL,1,1,12.0,1.0,0.0,0.0,0.0,0.0,0.0,0.0,0.0,0.0,,,,2437.0,5340.0,9210.0,PS,29916.0
102049,Samford University,Birmingham,AL,3,2,21.0,0.0,0.0,0.0,0.0,0.0,0.0,0.0,0.0,0.0,54.0,0.8236,1201.0,4206.0,40150.0,40150.0,19500,58469.0
102058,Selma University,Selma,AL,3,2,32.0,1.0,0.0,0.0,0.0,0.0,0.0,0.0,0.0,0.0,54.0,,,32.0,4800.0,4800.0,,
102067,Shelton State Community College,Tuscaloosa,AL,1,1,12.0,1.0,0.0,0.0,0.0,0.0,0.0,0.0,0.0,0.0,,,,3148.0,5127.0,8997.0,PS,35014.0
102076,Snead State Community College,Boaz,AL,1,1,32.0,0.0,0.0,0.0,0.0,0.0,1.0,0.0,0.0,0.0,,,,1427.0,5278.0,9664.0,9000,35735.0
102094,University of South Alabama,Mobile,AL,3,1,12.0,0.0,0.0,0.0,0.0,0.0,0.0,0.0,0.0,0.0,,0.7096,1147.0,8879.0,10116.0,19092.0,24929,49379.0
102234,Spring Hill College,Mobile,AL,3,2,12.0,0.0,0.0,0.0,0.0,0.0,0.0,0.0,0.0,0.0,30.0,0.7657,1120.0,782.0,24054.0,24054.0,27000,51500.0
102270,Stillman College,Tuscaloosa,AL,3,2,12.0,1.0,0.0,0.0,0.0,0.0,0.0,0.0,0.0,0.0,66.0,0.6225,,706.0,12126.0,12126.0,29067,35421.0
102298,Talladega College,Talladega,AL,3,2,32.0,1.0,0.0,0.0,0.0,0.0,0.0,0.0,0.0,0.0,76.0,0.8542,,701.0,15650.0,15650.0,28500,32229.0
102313,H Councill Trenholm State Community College,Montgomery,AL,1,1,12.0,1.0,0.0,0.0,0.0,0.0,0.0,0.0,0.0,0.0,,,,1674.0,5190.0,9060.0,PS,32183.0
102368,Troy University,Troy,AL,3,1,33.0,0.0,0.0,0.0,0.0,0.0,0.0,0.0,0.0,0.0,,0.9604,1088.0,9805.0,10176.0,20352.0,25000,42062.0
102377,Tuskegee University,Tuskegee,AL,3,2,32.0,1.0,0.0,0.0,0.0,0.0,0.0,0.0,0.0,0.0,,0.4868,1120.0,2630.0,25386.0,25386.0,27000,49641.0
102395,United States Sports University,Daphne,AL,3,2,13.0,0.0,0.0,0.0,0.0,0.0,0.0,0.0,0.0,0.0,,0.6137,,228.0,13800.0,13800.0,PS,55257.0
102429,Bevill State Community College,Jasper,AL,1,1,32.0,0.0,0.0,0.0,0.0,0.0,0.0,0.0,0.0,0.0,,,,2177.0,4734.0,8346.0,PS,34107.0
102553,University of Alaska Anchorage,Anchorage,AK,3,1,11.0,0.0,0.0,0.0,0.0,0.0,0.0,0.0,0.0,0.0,,,,7212.0,7738.0,21322.0,20210,51871.0
102580,Alaska Bible College,Palmer,AK,3,2,23.0,0.0,0.0,0.0,0.0,0.0,0.0,0.0,0.0,0.0,88.0,,,24.0,9730.0,9730.0,PS,
102614,University of Alaska Fairbanks,Fairbanks,AK,3,1,13.0,0.0,0.0,1.0,0.0,0.0,0.0,1.0,0.0,0.0,,,,4207.0,8736.0,22320.0,20291,48866.0
102632,University of Alaska Southeast,Juneau,AK,1,1,41.0,0.0,0.0,1.0,0.0,0.0,0.0,1.0,0.0,0.0,,0.6329,,907.0,7056.0,20640.0,19111,48475.0
102669,Alaska Pacific University,Anchorage,AK,2,2,11.0,0.0,0.0,1.0,0.0,0.0,0.0,1.0,0.0,0.0,71.0,0.9645,,457.0,20760.0,20760.0,23500,54271.0
102711,Alaska Vocational Technical Center,Seward,AK,1,1,43.0,0.0,0.0,0.0,0.0,0.0,0.0,0.0,0.0,0.0,,,,107.0,,,PS,51083.0
102845,Charter College,Anchorage,AK,1,3,11.0,0.0,0.0,0.0,0.0,0.0,0.0,0.0,0.0,0.0,,,,2157.0,18375.0,18375.0,14176,35504.0
103501,Alaska Career College,Anchorage,AK,1,3,11.0,0.0,0.0,0.0,0.0,0.0,0.0,0.0,0.0,0.0,,,,250.0,,,7377,34468.0
103741,Empire Beauty School-Tucson,Tucson,AZ,1,3,11.0,0.0,0.0,0.0,0.0,0.0,0.0,0.0,0.0,0.0,,,,203.0,,,13000,25073.0
103893,Carrington College-Phoenix North,Phoenix,AZ,1,3,11.0,0.0,0.0,0.0,0.0,0.0,0.0,0.0,0.0,0.0,,,,1080.0,,,9500,36718.0
103909,Carrington College-Mesa,Mesa,AZ,1,3,11.0,0.0,0.0,0.0,0.0,0.0,0.0,0.0,0.0,0.0,,,,528.0,,,9500,36718.0
103927,Carrington College-Tucson,Tucson,AZ,1,3,11.0,0.0,0.0,0.0,0.0,0.0,0.0,0.0,0.0,0.0,,,,517.0,,,9500,36718.0
103963,Miller-Motte College-Arizona Automotive Institute,Glendale,AZ,1,3,21.0,0.0,0.0,0.0,0.0,0.0,0.0,0.0,0.0,0.0,,,,689.0,,,15917,31102.0
104090,Brookline College-Phoenix,Phoenix,AZ,2,3,11.0,0.0,0.0,0.0,0.0,0.0,0.0,0.0,0.0,0.0,,,,712.0,,,9500,29576.0
104151,Arizona State University Campus Immersion,Tempe,AZ,3,1,12.0,0.0,0.0,0.0,0.0,0.0,1.0,0.0,0.0,0.0,,0.8989,,64674.0,12223.0,33139.0,19500,62668.0
104160,Arizona Western College,Yuma,AZ,1,1,12.0,0.0,0.0,0.0,0.0,0.0,1.0,0.0,0.0,0.0,,,,6374.0,3060.0,9870.0,4826,36857.0
104179,University of Arizona,Tucson,AZ,3,1,11.0,0.0,0.0,0.0,0.0,0.0,1.0,0.0,0.0,0.0,,0.8614,1246.0,42537.0,13926.0,42278.0,19620,59979.0
104346,Central Arizona College,Coolidge,AZ,1,1,41.0,0.0,0.0,0.0,0.0,0.0,0.0,0.0,0.0,0.0,,,,4912.0,2250.0,4500.0,10010,40513.0
104391,Charles of Italy Beauty College,Lake Havasu City,AZ,1,3,13.0,0.0,0.0,0.0,0.0,0.0,0.0,0.0,0.0,0.0,,,,76.0,,,7388,26269.0
104425,Cochise County Community College District,Sierra Vista,AZ,2,1,13.0,0.0,0.0,0.0,0.0,0.0,1.0,0.0,0.0,0.0,,,,3096.0,2280.0,6120.0,6750,38033.0
104443,Empire Beauty School-Chandler,Chandler,AZ,1,3,11.0,0.0,0.0,0.0,0.0,0.0,0.0,0.0,0.0,0.0,,,,104.0,,,10667,23921.0
104568,Avalon Institute-Mesa,Mesa,AZ,1,3,11.0,0.0,0.0,0.0,0.0,0.0,0.0,0.0,0.0,0.0,,,,298.0,,,6332,30803.0
104577,Eastern Arizona College,Thatcher,AZ,1,1,33.0,0.0,0.0,0.0,0.0,0.0,1.0,0.0,0.0,0.0,,,,2643.0,2352.0,9552.0,PS,38018.0
104586,Embry-Riddle Aeronautical University-Prescott,Prescott,AZ,3,2,13.0,0.0,0.0,0.0,0.0,0.0,0.0,0.0,0.0,0.0,,0.7658,1250.0,3218.0,44149.0,44149.0,23666,84131.0
104665,The School of Architecture,Scottsdale,AZ,4,2,12.0,0.0,0.0,0.0,0.0,0.0,0.0,0.0,0.0,0.0,,,,,,,PS,
104708,Glendale Community College,Glendale,AZ,1,1,21.0,0.0,0.0,0.0,0.0,0.0,1.0,0.0,0.0,0.0,,,,11975.0,2358.0,8958.0,6960,43108.0
104717,Grand Canyon University,Phoenix,AZ,3,2,11.0,0.0,0.0,0.0,0.0,0.0,0.0,0.0,0.0,0.0,,0.7891,1077.0,73371.0,17850.0,17850.0,22114,42186.0
105145,GateWay Community College,Phoenix,AZ,1,1,11.0,0.0,0.0,0.0,0.0,0.0,1.0,0.0,0.0,0.0,,,,4538.0,2358.0,8958.0,6750,46147.0
105154,Mesa Community College,Mesa,AZ,1,1,11.0,0.0,0.0,0.0,0.0,0.0,1.0,0.0,0.0,0.0,,,,14460.0,2358.0,8958.0,7473,44034.0
105206,Mohave Community College,Kingman,AZ,1,1,41.0,0.0,0.0,0.0,0.0,0.0,1.0,0.0,0.0,0.0,,,,3216.0,2208.0,7968.0,9700,35522.0
105215,Universal Technical Institute-Phoenix,Avondale,AZ,1,3,21.0,0.0,0.0,0.0,0.0,0.0,0.0,0.0,0.0,0.0,,,,527.0,,,13097,48341.0
105297,Dine College,Tsaile,AZ,2,1,43.0,0.0,0.0,0.0,1.0,0.0,0.0,0.0,0.0,0.0,,,,1375.0,1410.0,1410.0,PS,29188.0
105330,Northern Arizona University,Flagstaff,AZ,3,1,13.0,0.0,0.0,0.0,0.0,0.0,1.0,0.0,0.0,0.0,,0.8961,,22903.0,13009.0,29881.0,19000,54384.0
105349,Northland Pioneer College,Holbrook,AZ,1,1,43.0,0.0,0.0,0.0,0.0,0.0,0.0,1.0,0.0,0.0,,,,1010.0,2232.0,10320.0,PS,34199.0
105428,Phoenix College,Phoenix,AZ,1,1,11.0,0.0,0.0,0.0,0.0,0.0,1.0,0.0,0.0,0.0,,,,8555.0,2358.0,8958.0,6750,40870.0
105525,Pima Community College,Tucson,AZ,1,1,11.0,0.0,0.0,0.0,0.0,0.0,1.0,0.0,0.0,0.0,,,,14242.0,2442.0,7758.0,7000,39810.0
105534,Pima Medical Institute-Tucson,Tucson,AZ,2,3,11.0,0.0,0.0,0.0,0.0,0.0,0.0,0.0,0.0,0.0,,,,2567.0,,,9500,38673.0
105543,Pima Medical Institute-Albuquerque,Albuquerque,NM,1,3,11.0,0.0,0.0,0.0,0.0,0.0,0.0,0.0,0.0,0.0,,,,562.0,,,5500,30917.0
105589,Prescott College,Prescott,AZ,3,2,13.0,0.0,0.0,0.0,0.0,0.0,0.0,0.0,0.0,0.0,,0.9451,,219.0,35685.0,35685.0,16300,42359.0
105659,Refrigeration School Inc,Phoenix,AZ,1,3,11.0,0.0,0.0,0.0,0.0,0.0,0.0,0.0,0.0,0.0,,,,1346.0,,,8233,52953.0
105668,Rio Salado College,Tempe,AZ,1,1,12.0,0.0,0.0,0.0,0.0,0.0,1.0,0.0,0.0,0.0,,,,11668.0,2358.0,8958.0,9500,41015.0
105677,Roberto-Venn School of Luthiery,Phoenix,AZ,1,3,11.0,0.0,0.0,0.0,0.0,0.0,0.0,0.0,0.0,0.0,,,,21.0,,,PS,35209.0
105747,Scottsdale Community College,Scottsdale,AZ,1,1,41.0,0.0,0.0,0.0,0.0,0.0,1.0,0.0,0.0,0.0,,,,5377.0,2358.0,8958.0,8000,47905.0
105792,South Mountain Community College,Phoenix,AZ,1,1,11.0,0.0,0.0,0.0,0.0,0.0,1.0,0.0,0.0,0.0,,,,3645.0,2358.0,8958.0,8000,39825.0
105899,Arizona Christian University,Glendale,AZ,3,2,21.0,0.0,0.0,0.0,0.0,0.0,1.0,0.0,0.0,0.0,88.0,0.7062,,1165.0,35098.0,35098.0,23000,51612.0
106041,Universal Technical Institute of Arizona Inc,Avondale,AZ,2,3,21.0,0.0,0.0,0.0,0.0,0.0,0.0,0.0,0.0,0.0,,,,1957.0,,,13124,52873.0
106148,Yavapai College,Prescott,AZ,1,1,13.0,0.0,0.0,0.0,0.0,0.0,1.0,0.0,0.0,0.0,,,,3988.0,2948.0,9486.0,9000,39890.0
106245,University of Arkansas at Little Rock,Little Rock,AR,3,1,12.0,0.0,0.0,0.0,0.0,0.0,0.0,0.0,0.0,0.0,,0.5878,1049.0,4949.0,9748.0,22158.0,22000,45265.0
106263,University of Arkansas for Medical Sciences,Little Rock,AR,3,1,12.0,0.0,0.0,0.0,0.0,0.0,0.0,0.0,0.0,0.0,,,,1571.0,,,14000,73827.0
106306,Arkansas Baptist College,Little Rock,AR,3,2,12.0,1.0,0.0,0.0,0.0,0.0,0.0,0.0,0.0,0.0,54.0,,,342.0,8760.0,8760.0,25375,28418.0
106315,Arkansas Beauty School-Little Rock,Little Rock,AR,1,3,12.0,0.0,0.0,0.0,0.0,0.0,0.0,0.0,0.0,0.0,,,,106.0,,,6333,18078.0
106324,Arkansas Beauty College,Russellville,AR,1,3,33.0,0.0,0.0,0.0,0.0,0.0,0.0,0.0,0.0,0.0,,,,61.0,,,PS,16857.0
106342,Lyon College,Batesville,AR,3,2,33.0,0.0,0.0,0.0,0.0,0.0,0.0,0.0,0.0,0.0,66.0,0.6276,,648.0,31000.0,31000.0,21500,44232.0
106351,Arkansas Technical School,North Little Rock,AR,1,3,13.0,0.0,0.0,0.0,0.0,0.0,0.0,0.0,0.0,0.0,,,,123.0,,,16500,16209.0
106397,University of Arkansas,Fayetteville,AR,3,1,12.0,0.0,0.0,0.0,0.0,0.0,0.0,0.0,0.0,0.0,,0.743,1169.0,28677.0,10104.0,29966.0,21500,58191.0
106412,University of Arkansas at Pine Bluff,Pine Bluff,AR,3,1,32.0,1.0,0.0,0.0,0.0,0.0,0.0,0.0,0.0,0.0,,0.4118,922.0,1807.0,9412.0,17992.0,24202,35550.0
106449,Arkansas State University-Beebe,Beebe,AR,1,1,31.0,0.0,0.0,0.0,0.0,0.0,0.0,0.0,0.0,0.0,,,,1986.0,3336.0,5232.0,8093,36603.0
106458,Arkansas State University,Jonesboro,AR,3,1,13.0,0.0,0.0,0.0,0.0,0.0,0.0,0.0,0.0,0.0,,0.8226,1090.0,9110.0,8090.0,14522.0,20500,42617.0
106467,Arkansas Tech University,Russellville,AR,1,1,33.0,0.0,0.0,0.0,0.0,0.0,0.0,0.0,0.0,0.0,,0.9589,1049.0,5388.0,8674.0,14668.0,21000,41766.0
106485,University of Arkansas at Monticello,Monticello,AR,1,1,33.0,0.0,0.0,0.0,0.0,0.0,0.0,0.0,0.0,0.0,,,,1933.0,9292.0,14857.0,19971,36902.0
106494,Arthur's Beauty College,Jacksonville,AR,1,3,21.0,0.0,0.0,0.0,0.0,0.0,0.0,0.0,0.0,0.0,,,,29.0,,,9833,21954.0
106546,Baptist Health College Little Rock,Little Rock,AR,1,2,12.0,0.0,0.0,0.0,0.0,0.0,0.0,0.0,0.0,0.0,54.0,0.9545,,569.0,13987.0,13987.0,10000,62244.0
106625,Black River Technical College,Pocahontas,AR,1,1,32.0,0.0,0.0,0.0,0.0,0.0,0.0,0.0,0.0,0.0,,,,903.0,4776.0,7488.0,9500,34818.0
106704,University of Central Arkansas,Conway,AR,3,1,13.0,0.0,0.0,0.0,0.0,0.0,0.0,0.0,0.0,0.0,,0.8949,1118.0,7762.0,10523.0,18023.0,20346,45938.0
106713,Central Baptist College,Conway,AR,3,2,13.0,0.0,0.0,0.0,0.0,0.0,0.0,0.0,0.0,0.0,54.0,0.6346,1046.0,484.0,21330.0,21330.0,22250,46789.0
106795,Cossatot Community College of the University of Arkansas,De Queen,AR,1,1,33.0,0.0,0.0,0.0,0.0,0.0,1.0,0.0,0.0,0.0,,,,772.0,4200.0,5070.0,PS,33775.0
106810,Crowley's Ridge College,Paragould,AR,3,2,41.0,0.0,0.0,0.0,0.0,0.0,0.0,0.0,0.0,0.0,74.0,,,165.0,16670.0,16670.0,26228,39533.0
106883,University of Arkansas-East Arkansas Community College,Forrest City,AR,1,1,32.0,0.0,0.0,0.0,0.0,0.0,0.0,0.0,0.0,0.0,,,,554.0,3300.0,4380.0,6000,28471.0
106908,Paul Mitchell the School-Little Rock,North Little Rock,AR,1,3,13.0,0.0,0.0,0.0,0.0,0.0,0.0,0.0,0.0,0.0,,,,360.0,,,10725,24765.0
106980,National Park College,Hot Springs,AR,1,1,23.0,0.0,0.0,0.0,0.0,0.0,0.0,0.0,0.0,0.0,,,,1789.0,5600.0,7280.0,10500,32444.0
106999,University of Arkansas Community College-Batesville,Batesville,AR,1,1,33.0,0.0,0.0,0.0,0.0,0.0,0.0,0.0,0.0,0.0,,,,751.0,3630.0,4662.0,10250,33706.0
107044,Harding University,Searcy,AR,3,2,32.0,0.0,0.0,0.0,0.0,0.0,0.0,0.0,0.0,0.0,74.0,0.7052,1182.0,3382.0,26262.0,26262.0,26500,52876.0
107071,Henderson State University,Arkadelphia,AR,3,1,32.0,0.0,0.0,0.0,0.0,0.0,0.0,0.0,0.0,0.0,,,,1456.0,8244.0,10620.0,19500,43459.0
107080,Hendrix College,Conway,AR,3,2,13.0,0.0,0.0,0.0,0.0,0.0,0.0,0.0,0.0,0.0,71.0,0.5565,1282.0,1100.0,38200.0,38200.0,26688,60376.0
107099,Hot Springs Beauty College,Hot Springs,AR,1,3,13.0,0.0,0.0,0.0,0.0,0.0,0.0,0.0,0.0,0.0,,,,86.0,,,9700,21563.0
107123,Jefferson Regional School of Nursing,Pine Bluff,AR,2,2,32.0,0.0,0.0,0.0,0.0,0.0,0.0,0.0,0.0,0.0,,,,92.0,,,12000,73975.0
107141,John Brown University,Siloam Springs,AR,3,2,32.0,0.0,0.0,0.0,0.0,0.0,0.0,0.0,0.0,0.0,,0.7614,1195.0,1471.0,31756.0,31756.0,21250,53907.0
107220,Career Academy of Hair Design,Springdale,AR,1,3,13.0,0.0,0.0,0.0,0.0,0.0,0.0,0.0,0.0,0.0,,,,245.0,,,6365,21567.0
107293,Academy of Salon and Spa,Fort Smith,AR,1,3,13.0,0.0,0.0,0.0,0.0,0.0,0.0,0.0,0.0,0.0,,,,52.0,,,4833,16941.0
107318,Arkansas State University Mid-South,West Memphis,AR,1,1,21.0,0.0,0.0,0.0,0.0,0.0,0.0,0.0,0.0,0.0,,,,502.0,3216.0,4824.0,PS,31857.0
107327,Arkansas Northeastern College,Blytheville,AR,1,1,33.0,0.0,0.0,0.0,0.0,0.0,0.0,0.0,0.0,0.0,,,,756.0,2570.0,4250.0,PS,33169.0
107442,New Tyler Barber College Inc,North Little Rock,AR,1,3,13.0,0.0,0.0,0.0,0.0,0.0,0.0,0.0,0.0,0.0,,,,39.0,,,PS,18715.0
107460,North Arkansas College,Harrison,AR,1,1,33.0,0.0,0.0,0.0,0.0,0.0,0.0,0.0,0.0,0.0,,,,1202.0,3504.0,5592.0,9000,34653.0
107488,Northwest Technical Institute,Springdale,AR,1,1,13.0,0.0,0.0,0.0,0.0,0.0,0.0,0.0,0.0,0.0,,,,206.0,6277.0,6277.0,PS,41513.0
107512,Ouachita Baptist University,Arkadelphia,AR,3,2,32.0,0.0,0.0,0.0,0.0,0.0,0.0,0.0,0.0,0.0,75.0,0.6752,1211.0,1602.0,34500.0,34500.0,21050,51673.0
107521,Arkansas State University Three Rivers,Malvern,AR,1,1,31.0,0.0,0.0,0.0,0.0,0.0,0.0,0.0,0.0,0.0,,,,550.0,3788.0,4388.0,10250,37374.0
107549,Ozarka College,Melbourne,AR,1,1,43.0,0.0,0.0,0.0,0.0,0.0,0.0,0.0,0.0,0.0,,,,575.0,3820.0,6820.0,9818,29314.0
107558,University of the Ozarks,Clarksville,AR,3,2,33.0,0.0,0.0,0.0,0.0,0.0,0.0,0.0,0.0,0.0,66.0,0.5951,1105.0,767.0,25950.0,25950.0,20875,44384.0
107585,University of Arkansas Community College-Morrilton,Morrilton,AR,1,1,32.0,0.0,0.0,0.0,0.0,0.0,0.0,0.0,0.0,0.0,,1.0,1020.0,1447.0,3648.0,4728.0,10315,34924.0
107600,Philander Smith University,Little Rock,AR,3,2,12.0,1.0,0.0,0.0,0.0,0.0,0.0,0.0,0.0,0.0,71.0,,,751.0,13014.0,13014.0,24736,38427.0
107619,Phillips Community College of the University of Arkansas,Helena,AR,1,1,33.0,0.0,0.0,0.0,0.0,0.0,0.0,0.0,0.0,0.0,,,,614.0,3380.0,4550.0,PS,29552.0
107637,Southeast Arkansas College,Pine Bluff,AR,1,1,32.0,0.0,1.0,0.0,0.0,0.0,0.0,0.0,0.0,0.0,,,,851.0,5200.0,8650.0,8600,33603.0
107655,University of Aesthetics & Cosmetology,El Dorado,AR,1,3,33.0,0.0,0.0,0.0,0.0,0.0,0.0,0.0,0.0,0.0,,,,42.0,,,9833,26754.0
107664,University of Arkansas-Pulaski Technical College,North Little Rock,AR,1,1,13.0,0.0,1.0,0.0,0.0,0.0,0.0,0.0,0.0,0.0,,,,4118.0,6300.0,9450.0,12080,34722.0
107725,University of Arkansas Hope-Texarkana,Hope,AR,1,1,32.0,0.0,0.0,0.0,0.0,0.0,0.0,0.0,0.0,0.0,,,,583.0,3880.0,5560.0,PS,34162.0
107743,University of Arkansas Community College Rich Mountain,Mena,AR,1,1,33.0,0.0,0.0,0.0,0.0,0.0,0.0,0.0,0.0,0.0,,,,503.0,3696.0,4272.0,6500,30037.0
107789,Paul Mitchell the School-Arkansas,Fayetteville,AR,1,3,12.0,0.0,0.0,0.0,0.0,0.0,0.0,0.0,0.0,0.0,,,,99.0,,,9833,20077.0
107831,Searcy Beauty College,Searcy,AR,1,3,32.0,0.0,0.0,0.0,0.0,0.0,0.0,0.0,0.0,0.0,,,,54.0,,,12429,19896.0
107840,Shorter College,N Little Rock,AR,2,2,13.0,1.0,0.0,0.0,0.0,0.0,0.0,0.0,0.0,0.0,51.0,,,287.0,6246.0,6246.0,29500,
107877,Williams Baptist University,Walnut Ridge,AR,3,2,42.0,0.0,0.0,0.0,0.0,0.0,0.0,0.0,0.0,0.0,75.0,0.8342,980.0,478.0,21070.0,21070.0,21820,38484.0
107974,South Arkansas College,El Dorado,AR,1,1,33.0,0.0,0.0,0.0,0.0,0.0,0.0,0.0,0.0,0.0,,,,862.0,3324.0,5532.0,11153,34521.0
107983,Southern Arkansas University Main Campus,Magnolia,AR,3,1,33.0,0.0,0.0,0.0,0.0,0.0,0.0,0.0,0.0,0.0,,0.7533,1047.0,2708.0,9960.0,15690.0,18750,42386.0
107992,Southern Arkansas University Tech,Camden,AR,1,1,42.0,0.0,0.0,0.0,0.0,0.0,0.0,0.0,0.0,0.0,,,,672.0,5040.0,6480.0,6000,36376.0
108065,Velvatex College of Beauty Culture,Little Rock,AR,1,3,12.0,0.0,0.0,0.0,0.0,0.0,0.0,0.0,0.0,0.0,,,,8.0,,,PS,17412.0
108092,University of Arkansas-Fort Smith,Fort Smith,AR,2,1,13.0,0.0,0.0,0.0,0.0,0.0,0.0,0.0,0.0,0.0,,0.8046,1050.0,4091.0,7334.0,12182.0,18250,41102.0
108232,Academy of Art University,San Francisco,CA,3,3,11.0,0.0,0.0,0.0,0.0,0.0,0.0,0.0,0.0,0.0,,,,3587.0,30736.0,30736.0,31000,39008.0
108269,Academy of Chinese Culture and Health Sciences,Oakland,CA,4,2,11.0,0.0,0.0,0.0,0.0,0.0,0.0,0.0,0.0,0.0,,,,,,,PS,
108667,College of Alameda,Alameda,CA,2,1,21.0,0.0,0.0,0.0,0.0,1.0,1.0,0.0,0.0,0.0,,,,4487.0,1258.0,9898.0,PS,42563.0
108807,Allan Hancock College,Santa Maria,CA,1,1,12.0,0.0,0.0,0.0,0.0,0.0,1.0,0.0,0.0,0.0,,,,8052.0,1156.0,9892.0,PS,42786.0
108861,Berkeley School of Theology,Berkeley,CA,1,2,12.0,0.0,0.0,0.0,0.0,0.0,0.0,0.0,0.0,0.0,52.0,0.8889,,17.0,2856.0,2856.0,PS,
108870,American Film Institute Conservatory,Los Angeles,CA,4,2,11.0,0.0,0.0,0.0,0.0,0.0,0.0,0.0,0.0,0.0,,,,,,,PS,
108977,American Beauty College,West Covina,CA,1,3,21.0,0.0,0.0,0.0,0.0,0.0,0.0,0.0,0.0,0.0,,,,334.0,,,5430,22481.0
109040,American Career College-Los Angeles,Los Angeles,CA,1,3,11.0,0.0,0.0,0.0,0.0,0.0,0.0,0.0,0.0,0.0,,,,2168.0,,,9500,38430.0
109208,American River College,Sacramento,CA,2,1,21.0,0.0,0.0,0.0,0.0,1.0,1.0,0.0,0.0,0.0,,,,25621.0,1288.0,12616.0,9625,40162.0
109350,Antelope Valley Community College District,Lancaster,CA,2,1,21.0,0.0,0.0,0.0,0.0,0.0,1.0,0.0,0.0,0.0,,,,11534.0,1124.0,9548.0,12500,36526.0
109651,Art Center College of Design,Pasadena,CA,3,2,12.0,0.0,0.0,0.0,0.0,0.0,0.0,0.0,0.0,0.0,,0.7454,,2017.0,54170.0,54170.0,31000,71958.0
109721,Associated Technical College-Los Angeles,Los Angeles,CA,1,3,11.0,0.0,0.0,0.0,0.0,0.0,0.0,0.0,0.0,0.0,,,,315.0,,,9500,24368.0
109785,Azusa Pacific University,Azusa,CA,3,2,21.0,0.0,0.0,0.0,0.0,1.0,1.0,0.0,0.0,0.0,88.0,0.8843,1195.0,2759.0,44458.0,44458.0,23219,66677.0
109819,Bakersfield College,Bakersfield,CA,2,1,11.0,0.0,0.0,0.0,0.0,0.0,1.0,0.0,0.0,0.0,,,,17280.0,1430.0,11300.0,8312,37291.0
109907,Barstow Community College,Barstow,CA,1,1,32.0,0.0,0.0,0.0,0.0,0.0,1.0,0.0,0.0,0.0,,,,2657.0,1104.0,9744.0,3500,35104.0
109934,Bellus Academy-Chula Vista,Chula Vista,CA,1,3,11.0,0.0,0.0,0.0,0.0,0.0,0.0,0.0,0.0,0.0,,,,341.0,,,7917,23576.0
110060,Bethesda University,Anaheim,CA,3,2,11.0,0.0,0.0,0.0,0.0,0.0,0.0,0.0,0.0,0.0,99.0,,,205.0,7220.0,7220.0,9000,
110097,Biola University,La Mirada,CA,3,2,21.0,0.0,0.0,0.0,0.0,0.0,0.0,0.0,0.0,0.0,88.0,0.7435,1261.0,3474.0,48984.0,48984.0,23875,56778.0
110194,Brownson Technical School,Anaheim,CA,1,3,11.0,0.0,0.0,0.0,0.0,0.0,0.0,0.0,0.0,0.0,,,,307.0,,,9500,68767.0
110219,Bryan University,Tempe,AZ,1,3,12.0,0.0,0.0,0.0,0.0,0.0,0.0,0.0,0.0,0.0,,,,2506.0,12219.0,12219.0,20000,40283.0
110246,Butte College,Oroville,CA,2,1,42.0,0.0,0.0,0.0,0.0,0.0,1.0,0.0,0.0,0.0,,,,8890.0,1356.0,9276.0,10500,41810.0
110316,California Institute of Integral Studies,San Francisco,CA,3,2,11.0,0.0,0.0,0.0,0.0,0.0,0.0,0.0,0.0,0.0,,,,38.0,,,18750,48848.0
110334,Cabrillo College,Aptos,CA,2,1,22.0,0.0,0.0,0.0,0.0,0.0,1.0,0.0,0.0,0.0,,,,8002.0,1270.0,9862.0,14380,44114.0
110361,California Baptist University,Riverside,CA,3,2,11.0,0.0,0.0,0.0,0.0,0.0,1.0,0.0,0.0,0.0,75.0,0.8488,,8179.0,41228.0,41228.0,26063,61504.0
110370,California College of the Arts,San Francisco,CA,3,2,11.0,0.0,0.0,0.0,0.0,0.0,0.0,0.0,0.0,0.0,,0.911,,990.0,60226.0,60226.0,27000,49414.0
110398,University of California College of the Law-San Francisco,San Francisco,CA,4,1,11.0,0.0,0.0,0.0,0.0,0.0,0.0,0.0,0.0,0.0,,,,,,,PS,
110404,California Institute of Technology,Pasadena,CA,3,2,12.0,0.0,0.0,0.0,0.0,0.0,0.0,0.0,0.0,0.0,,0.0257,,987.0,65898.0,65898.0,PS,128566.0
110413,California Lutheran University,Thousand Oaks,CA,3,2,12.0,0.0,0.0,0.0,0.0,0.0,1.0,0.0,0.0,0.0,39.0,0.7567,1266.0,2296.0,52560.0,52560.0,21669,68712.0
110422,California Polytechnic State University-San Luis Obispo,San Luis Obispo,CA,3,1,23.0,0.0,0.0,0.0,0.0,1.0,1.0,0.0,0.0,0.0,,0.3132,,21996.0,13596.0,34665.0,18500,90768.0
110468,Alliant International University-San Diego,San Diego,CA,1,3,11.0,0.0,0.0,0.0,0.0,0.0,0.0,0.0,0.0,0.0,,0.0,,391.0,14304.0,14304.0,12878,66666.0
110486,California State University-Bakersfield,Bakersfield,CA,3,1,11.0,0.0,0.0,0.0,0.0,0.0,1.0,0.0,0.0,0.0,,0.9385,,8577.0,8090.0,20690.0,16600,59009.0
110495,California State University-Stanislaus,Turlock,CA,3,1,23.0,0.0,0.0,0.0,0.0,0.0,1.0,0.0,0.0,0.0,,0.9814,,8385.0,8246.0,20846.0,13540,63188.0
110510,California State University-San Bernardino,San Bernardino,CA,3,1,12.0,0.0,0.0,0.0,0.0,0.0,1.0,0.0,0.0,0.0,,0.9374,,15023.0,8093.0,20693.0,14715,59977.0
110529,California State Polytechnic University-Pomona,Pomona,CA,3,1,21.0,0.0,0.0,0.0,0.0,1.0,1.0,0.0,0.0,0.0,,0.7517,,25042.0,7780.0,20380.0,16000,71902.0
110538,California State University-Chico,Chico,CA,3,1,12.0,0.0,0.0,0.0,0.0,0.0,1.0,0.0,0.0,0.0,,0.9272,,13631.0,8472.0,21072.0,16552,64172.0
110547,California State University-Dominguez Hills,Carson,CA,3,1,13.0,0.0,0.0,0.0,0.0,0.0,1.0,0.0,0.0,0.0,,0.933,,12538.0,7449.0,20049.0,13807,57162.0
110556,California State University-Fresno,Fresno,CA,3,1,11.0,0.0,0.0,0.0,0.0,1.0,1.0,0.0,0.0,0.0,,0.9526,,21605.0,7350.0,19950.0,14505,61244.0
110565,California State University-Fullerton,Fullerton,CA,3,1,21.0,0.0,0.0,0.0,0.0,1.0,1.0,0.0,0.0,0.0,,0.9052,,38546.0,7470.0,20070.0,13750,62951.0
110574,California State University-East Bay,Hayward,CA,3,1,21.0,0.0,0.0,0.0,0.0,1.0,1.0,0.0,0.0,0.0,,0.9739,,9809.0,7583.0,20183.0,16544,71401.0
110583,California State University-Long Beach,Long Beach,CA,3,1,11.0,0.0,0.0,0.0,0.0,1.0,1.0,0.0,0.0,0.0,,0.4627,,35924.0,7350.0,19950.0,14289,64403.0
110592,California State University-Los Angeles,Los Angeles,CA,3,1,11.0,0.0,0.0,0.0,0.0,1.0,1.0,0.0,0.0,0.0,,0.9125,,19562.0,7160.0,19760.0,13000,59211.0
110608,California State University-Northridge,Northridge,CA,3,1,11.0,0.0,0.0,0.0,0.0,0.0,1.0,0.0,0.0,0.0,,0.9345,,32691.0,7458.0,20058.0,13872,59115.0
110617,California State University-Sacramento,Sacramento,CA,3,1,11.0,0.0,0.0,0.0,0.0,1.0,1.0,0.0,0.0,0.0,,0.9399,,28350.0,8018.0,20618.0,15000,64876.0
110635,University of California-Berkeley,Berkeley,CA,3,1,12.0,0.0,0.0,0.0,0.0,1.0,0.0,0.0,0.0,0.0,,0.1098,,33068.0,16347.0,50547.0,13000,92446.0
110644,University of California-Davis,Davis,CA,3,1,23.0,0.0,0.0,0.0,0.0,1.0,1.0,0.0,0.0,0.0,,0.4183,,32253.0,16774.0,50974.0,13000,80838.0
110653,University of California-Irvine,Irvine,CA,3,1,11.0,0.0,0.0,0.0,0.0,1.0,1.0,0.0,0.0,0.0,,0.2857,,30197.0,15722.0,49922.0,15000,80735.0
110662,University of California-Los Angeles,Los Angeles,CA,3,1,11.0,0.0,0.0,0.0,0.0,1.0,1.0,0.0,0.0,0.0,,0.0897,,33475.0,15203.0,49403.0,14000,82511.0
110671,University of California-Riverside,Riverside,CA,3,1,11.0,0.0,0.0,0.0,0.0,1.0,1.0,0.0,0.0,0.0,,0.7639,,22593.0,15606.0,49806.0,17500,67699.0
110680,University of California-San Diego,La Jolla,CA,3,1,11.0,0.0,0.0,0.0,0.0,1.0,1.0,0.0,0.0,0.0,,0.2671,,34948.0,16758.0,50958.0,15500,84943.0
110699,University of California-San Francisco,San Francisco,CA,4,1,11.0,0.0,0.0,0.0,0.0,0.0,0.0,0.0,0.0,0.0,,,,,,,PS,
110705,University of California-Santa Barbara,Santa Barbara,CA,3,1,22.0,0.0,0.0,0.0,0.0,1.0,1.0,0.0,0.0,0.0,,0.3297,,23113.0,16414.0,50614.0,13993,74915.0
110714,University of California-Santa Cruz,Santa Cruz,CA,3,1,13.0,0.0,0.0,0.0,0.0,1.0,1.0,0.0,0.0,0.0,,0.6579,,17940.0,16005.0,50205.0,16666,68396.0
110778,Sofia University,Palo Alto,CA,3,3,13.0,0.0,0.0,0.0,0.0,0.0,0.0,0.0,0.0,0.0,,,,5.0,,,PS,
110875,California Beauty College,Modesto,CA,1,3,12.0,0.0,0.0,0.0,0.0,0.0,0.0,0.0,0.0,0.0,,,,122.0,,,PS,22255.0
111045,Haven University,Garden Grove,CA,3,2,21.0,0.0,0.0,0.0,0.0,0.0,0.0,0.0,0.0,0.0,108.0,,,28.0,7010.0,7010.0,,
111054,California Hair Design Academy,La Mesa,CA,1,3,21.0,0.0,0.0,0.0,0.0,0.0,0.0,0.0,0.0,0.0,,,,98.0,,,6333,19347.0
111081,California Institute of the Arts,Valencia,CA,3,2,21.0,0.0,0.0,0.0,0.0,0.0,0.0,0.0,0.0,0.0,,0.3234,,860.0,58996.0,58996.0,25000,41198.0
111188,Cal Poly Maritime Academy,Vallejo,CA,3,1,12.0,0.0,0.0,0.0,0.0,0.0,0.0,0.0,0.0,0.0,,0.9501,,804.0,9944.0,22544.0,24965,94784.0
111391,California Western School of Law,San Diego,CA,4,2,11.0,0.0,0.0,0.0,0.0,0.0,0.0,0.0,0.0,0.0,,,,,,,PS,
111434,Canada College,Redwood City,CA,2,1,21.0,0.0,0.0,0.0,0.0,1.0,1.0,0.0,0.0,0.0,,,,5175.0,1332.0,11384.0,PS,50087.0
111461,College of the Canyons,Santa Clarita,CA,2,1,21.0,0.0,0.0,0.0,0.0,1.0,1.0,0.0,0.0,0.0,,,,15832.0,1166.0,10958.0,9612,49022.0
111513,Career Academy of Beauty,Garden Grove,CA,1,3,21.0,0.0,0.0,0.0,0.0,0.0,0.0,0.0,0.0,0.0,,,,219.0,,,6333,24410.0
111638,Casa Loma College-Los Angeles,Sherman Oaks,CA,2,2,11.0,0.0,0.0,0.0,0.0,0.0,1.0,0.0,0.0,0.0,,0.4255,,758.0,,,26791,49854.0
111708,CET-San Diego,San Diego,CA,1,2,11.0,0.0,0.0,0.0,0.0,0.0,0.0,0.0,0.0,0.0,,,,223.0,,,7041,32986.0
111717,CET-San Jose,San Jose,CA,1,2,11.0,0.0,0.0,0.0,0.0,0.0,0.0,0.0,0.0,0.0,,,,266.0,,,7041,32986.0
111726,CET-El Centro,El Centro,CA,1,2,13.0,0.0,0.0,0.0,0.0,0.0,0.0,0.0,0.0,0.0,,,,130.0,,,7041,32986.0
111744,CET-Colton,Colton,CA,1,2,21.0,0.0,0.0,0.0,0.0,0.0,0.0,0.0,0.0,0.0,,,,162.0,,,7041,32986.0
111762,CET-Watsonville,Watsonville,CA,1,2,13.0,0.0,0.0,0.0,0.0,0.0,0.0,0.0,0.0,0.0,,,,142.0,,,7041,32986.0
111799,CET-Salinas,Salinas,CA,1,2,12.0,0.0,0.0,0.0,0.0,0.0,0.0,0.0,0.0,0.0,,,,171.0,,,7041,32986.0
111887,Cerritos College,Norwalk,CA,1,1,21.0,0.0,0.0,0.0,0.0,0.0,1.0,0.0,0.0,0.0,,,,18870.0,1364.0,12004.0,8447,41156.0
111896,Cerro Coso Community College,Ridgecrest,CA,2,1,41.0,0.0,0.0,0.0,0.0,0.0,1.0,0.0,0.0,0.0,,,,3171.0,1384.0,11254.0,PS,34963.0
111920,Chabot College,Hayward,CA,1,1,21.0,0.0,0.0,0.0,0.0,1.0,1.0,0.0,0.0,0.0,,,,11392.0,1150.0,8686.0,9500,48143.0
111939,Chaffey College,Rancho Cucamonga,CA,2,1,21.0,0.0,0.0,0.0,0.0,0.0,1.0,0.0,0.0,0.0,,,,18132.0,1184.0,11120.0,PS,42975.0
111948,Chapman University,Orange,CA,3,2,12.0,0.0,0.0,0.0,0.0,0.0,0.0,0.0,0.0,0.0,61.0,0.6543,1357.0,7478.0,64984.0,64984.0,20500,70070.0
111966,Charles R Drew University of Medicine and Science,Los Angeles,CA,3,2,21.0,0.0,0.0,0.0,0.0,0.0,0.0,0.0,0.0,0.0,,0.3874,,282.0,23000.0,23000.0,18750,83438.0
112075,Concordia University-Irvine,Irvine,CA,3,2,11.0,0.0,0.0,0.0,0.0,1.0,1.0,0.0,0.0,0.0,68.0,0.6599,,1536.0,43480.0,43480.0,24247,65083.0
112084,San Diego Christian College,Santee,CA,3,2,21.0,0.0,0.0,0.0,0.0,0.0,0.0,0.0,0.0,0.0,88.0,0.3081,,87.0,28012.0,28012.0,24941,49766.0
112127,Church Divinity School of the Pacific,Berkeley,CA,4,2,12.0,0.0,0.0,0.0,0.0,0.0,0.0,0.0,0.0,0.0,73.0,,,,,,PS,
112172,Citrus College,Glendora,CA,1,1,21.0,0.0,0.0,0.0,0.0,0.0,1.0,0.0,0.0,0.0,,,,8286.0,1204.0,10636.0,7851,42065.0
112181,Citrus Heights Beauty College,Citrus Heights,CA,1,3,21.0,0.0,0.0,0.0,0.0,0.0,0.0,0.0,0.0,0.0,,,,114.0,,,6333,
112190,City College of San Francisco,San Francisco,CA,1,1,11.0,0.0,0.0,0.0,0.0,1.0,1.0,0.0,0.0,0.0,,,,17348.0,1696.0,14656.0,8218,45805.0
112251,Claremont Graduate University,Claremont,CA,4,2,21.0,0.0,0.0,0.0,0.0,0.0,0.0,0.0,0.0,0.0,,,,,,,PS,64372.0
112260,Claremont McKenna College,Claremont,CA,3,2,21.0,0.0,0.0,0.0,0.0,0.0,0.0,0.0,0.0,0.0,,0.0959,1527.0,1388.0,67980.0,67980.0,13500,104736.0
112288,Milan Institute-Visalia,Visalia,CA,1,3,12.0,0.0,0.0,0.0,0.0,0.0,0.0,0.0,0.0,0.0,,,,635.0,,,8124,32493.0
112367,Clovis Adult Education,Clovis,CA,1,1,21.0,0.0,0.0,0.0,0.0,0.0,0.0,0.0,0.0,0.0,,,,226.0,,,PS,50098.0
112385,Coastline Community College,Fountain Valley,CA,2,1,13.0,0.0,0.0,0.0,0.0,1.0,1.0,0.0,0.0,0.0,,,,7393.0,1364.0,11612.0,8250,44483.0
112394,University of Silicon Valley,San Jose,CA,3,3,11.0,0.0,0.0,0.0,0.0,0.0,0.0,0.0,0.0,0.0,,0.5118,,455.0,22480.0,22480.0,31000,51017.0
112455,Coba Academy,Anaheim,CA,1,3,11.0,0.0,0.0,0.0,0.0,0.0,0.0,0.0,0.0,0.0,,,,109.0,,,6333,21208.0
112525,Western University of Health Sciences,Pomona,CA,4,2,21.0,0.0,0.0,0.0,0.0,0.0,0.0,0.0,0.0,0.0,,,,,,,PS,
112561,Columbia College,Sonora,CA,2,1,41.0,0.0,0.0,0.0,0.0,0.0,0.0,0.0,0.0,0.0,,,,1984.0,1282.0,9264.0,PS,39035.0
112570,California College of ASU,Los Angeles,CA,3,2,11.0,0.0,0.0,0.0,0.0,0.0,0.0,0.0,0.0,0.0,,,,71.0,25186.0,25186.0,25000,42014.0
112686,Compton College,Compton,CA,2,1,21.0,0.0,0.0,0.0,0.0,0.0,1.0,0.0,0.0,0.0,,,,3142.0,1142.0,8822.0,PS,34181.0
112826,Contra Costa College,San Pablo,CA,2,1,21.0,0.0,0.0,0.0,0.0,1.0,1.0,0.0,0.0,0.0,,,,5203.0,1312.0,10320.0,PS,40850.0
113096,Cosumnes River College,Sacramento,CA,2,1,11.0,0.0,0.0,0.0,0.0,1.0,1.0,0.0,0.0,0.0,,,,14023.0,1288.0,12616.0,10722,42446.0
113111,Crafton Hills College,Yucaipa,CA,2,1,21.0,0.0,0.0,0.0,0.0,0.0,1.0,0.0,0.0,0.0,,,,5687.0,1188.0,14556.0,PS,42553.0
113193,Cuesta College,San Luis Obispo,CA,1,1,41.0,0.0,0.0,0.0,0.0,0.0,0.0,0.0,0.0,0.0,,,,7180.0,1350.0,11010.0,13750,46047.0
113218,Cuyamaca College,El Cajon,CA,2,1,21.0,0.0,0.0,0.0,0.0,0.0,1.0,0.0,0.0,0.0,,,,7177.0,1346.0,11314.0,PS,32435.0
113236,Cypress College,Cypress,CA,1,1,13.0,0.0,0.0,0.0,0.0,1.0,1.0,0.0,0.0,0.0,,,,13354.0,1150.0,12379.0,10000,43533.0
113333,De Anza College,Cupertino,CA,2,1,13.0,0.0,0.0,0.0,0.0,1.0,1.0,0.0,0.0,0.0,,,,15264.0,1571.0,12596.0,5625,56596.0
113449,International School of Beauty Inc,Palm Desert,CA,1,3,13.0,0.0,0.0,0.0,0.0,0.0,0.0,0.0,0.0,0.0,,,,132.0,,,7083,19799.0
113573,College of the Desert,Palm Desert,CA,1,1,13.0,0.0,0.0,0.0,0.0,0.0,1.0,0.0,0.0,0.0,,,,10207.0,1326.0,10174.0,PS,39020.0
113582,Design Institute of San Diego,San Diego,CA,3,3,11.0,0.0,0.0,0.0,0.0,0.0,0.0,0.0,0.0,0.0,,1.0,,77.0,29300.0,29300.0,36844,46920.0
113634,Diablo Valley College,Pleasant Hill,CA,2,1,21.0,0.0,0.0,0.0,0.0,1.0,1.0,0.0,0.0,0.0,,,,15358.0,1312.0,10320.0,10021,51378.0
113698,Dominican University of California,San Rafael,CA,3,2,13.0,0.0,0.0,0.0,0.0,1.0,1.0,0.0,0.0,0.0,,0.835,1290.0,1114.0,52161.0,52161.0,27000,84713.0
113704,Dominican School of Philosophy & Theology,Berkeley,CA,4,2,12.0,0.0,0.0,0.0,0.0,0.0,0.0,0.0,0.0,0.0,30.0,,,,,,,
113856,East Los Angeles College,Monterey Park,CA,1,1,21.0,0.0,0.0,0.0,0.0,0.0,1.0,0.0,0.0,0.0,,,,27753.0,1238.0,10572.0,10500,42006.0
113980,El Camino Community College District,Torrance,CA,2,1,21.0,0.0,0.0,0.0,0.0,0.0,1.0,0.0,0.0,0.0,,,,19210.0,1144.0,7630.0,PS,41589.0
114266,Evergreen Valley College,San Jose,CA,2,1,11.0,0.0,0.0,0.0,0.0,1.0,0.0,0.0,0.0,0.0,,,,7688.0,1366.0,8718.0,13219,53077.0
114433,Feather River Community College District,Quincy,CA,2,1,43.0,0.0,0.0,0.0,0.0,0.0,0.0,0.0,0.0,0.0,,,,1828.0,1465.0,10435.0,10750,38142.0
114460,Federico Beauty Institute,Sacramento,CA,1,3,21.0,0.0,0.0,0.0,0.0,0.0,0.0,0.0,0.0,0.0,,,,220.0,,,6333,29856.0
114549,Fielding Graduate University,Santa Barbara,CA,4,2,13.0,0.0,0.0,0.0,0.0,0.0,0.0,0.0,0.0,0.0,,,,,,,PS,
114585,Five Branches University,Santa Cruz,CA,4,3,22.0,0.0,0.0,0.0,0.0,0.0,0.0,0.0,0.0,0.0,,,,,,,PS,
114637,Redondo Beach Beauty College,Torrance,CA,1,3,12.0,0.0,0.0,0.0,0.0,0.0,0.0,0.0,0.0,0.0,,,,43.0,,,PS,
114716,Foothill College,Los Altos Hills,CA,1,1,21.0,0.0,0.0,0.0,0.0,1.0,1.0,0.0,0.0,0.0,,,,11137.0,1565.0,12590.0,10500,57072.0
114734,Franciscan School of Theology,San Diego,CA,4,2,11.0,0.0,0.0,0.0,0.0,0.0,0.0,0.0,0.0,0.0,30.0,,,,,,,
114761,Fredrick and Charles Beauty College,Eureka,CA,1,3,33.0,0.0,0.0,0.0,0.0,0.0,0.0,0.0,0.0,0.0,,,,69.0,,,PS,21826.0
114789,Fresno City College,Fresno,CA,1,1,11.0,0.0,0.0,0.0,0.0,1.0,1.0,0.0,0.0,0.0,,,,21251.0,1334.0,10154.0,4058,37361.0
114813,Fresno Pacific University,Fresno,CA,3,2,11.0,0.0,0.0,0.0,0.0,0.0,1.0,0.0,0.0,0.0,43.0,0.6407,,1544.0,36660.0,36660.0,23146,58896.0
114840,Fuller Theological Seminary,Pasadena,CA,4,2,12.0,0.0,0.0,0.0,0.0,0.0,0.0,0.0,0.0,0.0,78.0,,,,,,PS,
114859,Fullerton College,Fullerton,CA,2,1,21.0,0.0,0.0,0.0,0.0,1.0,1.0,0.0,0.0,0.0,,,,17121.0,1150.0,12379.0,4500,43366.0
114938,Gavilan College,Gilroy,CA,2,1,41.0,0.0,0.0,0.0,0.0,0.0,1.0,0.0,0.0,0.0,,,,4786.0,1508.0,12249.0,PS,47169.0
114947,Gemological Institute of America-Carlsbad,Carlsbad,CA,1,2,12.0,0.0,0.0,0.0,0.0,0.0,0.0,0.0,0.0,0.0,,,,186.0,,,PS,42588.0
115001,Glendale Community College,Glendale,CA,2,1,12.0,0.0,0.0,0.0,0.0,0.0,1.0,0.0,0.0,0.0,,,,10509.0,1191.0,10935.0,8972,41540.0
115010,Glendale Career College,Glendale,CA,2,3,12.0,0.0,0.0,0.0,0.0,0.0,0.0,0.0,0.0,0.0,,,,896.0,,,9500,41472.0
115083,Golden Gate University,San Francisco,CA,3,2,11.0,0.0,0.0,0.0,0.0,0.0,0.0,0.0,0.0,0.0,,,,259.0,,,29875,87434.0
115126,Golden West College,Huntington Beach,CA,2,1,21.0,0.0,0.0,0.0,0.0,1.0,1.0,0.0,0.0,0.0,,,,9034.0,1380.0,11628.0,7179,43145.0
115214,Graduate Theological Union,Berkeley,CA,4,2,12.0,0.0,0.0,0.0,0.0,0.0,0.0,0.0,0.0,0.0,,,,,,,,
115296,Grossmont College,El Cajon,CA,2,1,21.0,0.0,0.0,0.0,0.0,0.0,1.0,0.0,0.0,0.0,,,,12163.0,1332.0,10628.0,8625,40309.0
115357,Salon Success Academy-Riverside,Riverside,CA,1,3,11.0,0.0,0.0,0.0,0.0,0.0,0.0,0.0,0.0,0.0,,,,164.0,,,11884,21777.0
115393,Hartnell College,Salinas,CA,2,1,12.0,0.0,0.0,0.0,0.0,0.0,1.0,0.0,0.0,0.0,,,,9453.0,1404.0,10374.0,PS,44316.0
115409,Harvey Mudd College,Claremont,CA,3,2,21.0,0.0,0.0,0.0,0.0,0.0,0.0,0.0,0.0,0.0,,0.1266,1545.0,921.0,68613.0,68613.0,25000,138687.0
115658,Hilltop Beauty School,Daly City,CA,1,3,21.0,0.0,0.0,0.0,0.0,0.0,0.0,0.0,0.0,0.0,,,,77.0,,,PS,25477.0
115746,Pacifica Graduate Institute,Santa Barbara CA,CA,4,3,41.0,0.0,0.0,0.0,0.0,0.0,0.0,0.0,0.0,0.0,,,,,,,PS,
115755,California State Polytechnic University-Humboldt,Arcata,CA,3,1,33.0,0.0,0.0,0.0,0.0,0.0,1.0,0.0,0.0,0.0,,0.982,,5612.0,8250.0,20850.0,18000,47626.0
115773,Humphreys University,Stockton,CA,3,2,11.0,0.0,0.0,0.0,0.0,1.0,1.0,0.0,0.0,0.0,,,,149.0,13500.0,13500.0,35500,39248.0
115861,Imperial Valley College,Imperial,CA,2,1,41.0,0.0,0.0,0.0,0.0,0.0,1.0,0.0,0.0,0.0,,,,7652.0,1148.0,8852.0,PS,34487.0
115931,Institute for Business and Technology,San Jose,CA,1,3,11.0,0.0,0.0,0.0,0.0,0.0,0.0,0.0,0.0,0.0,,,,765.0,,,7853,38015.0
116226,Interior Designers Institute,Newport Beach,CA,2,3,13.0,0.0,0.0,0.0,0.0,0.0,0.0,0.0,0.0,0.0,,,,97.0,20250.0,20250.0,22082,54974.0
116439,Irvine Valley College,Irvine,CA,2,1,11.0,0.0,0.0,0.0,0.0,1.0,0.0,0.0,0.0,0.0,,,,10286.0,1156.0,11860.0,6500,49156.0
116563,Bellus Academy-El Cajon,El Cajon,CA,1,3,21.0,0.0,0.0,0.0,0.0,0.0,0.0,0.0,0.0,0.0,,,,157.0,,,6333,30807.0
116846,American Jewish University,Los Angeles,CA,1,2,11.0,0.0,0.0,0.0,0.0,0.0,0.0,0.0,0.0,0.0,80.0,,,60.0,,,PS,61954.0
117052,Reedley College,Reedley,CA,1,1,32.0,0.0,0.0,0.0,0.0,0.0,1.0,0.0,0.0,0.0,,,,5504.0,1334.0,10154.0,2819,38493.0
117104,Life Pacific University,San Dimas,CA,3,2,21.0,0.0,0.0,0.0,0.0,0.0,1.0,0.0,0.0,0.0,79.0,0.958,,456.0,22118.0,22118.0,22395,43299.0
117140,University of La Verne,La Verne,CA,3,2,21.0,0.0,0.0,0.0,0.0,0.0,1.0,0.0,0.0,0.0,,0.7117,1083.0,3050.0,49470.0,49470.0,23500,65464.0
117168,Laguna College of Art and Design,Laguna Beach,CA,3,2,41.0,0.0,0.0,0.0,0.0,0.0,0.0,0.0,0.0,0.0,,0.9432,,746.0,37500.0,37500.0,27000,47867.0
117195,Lake Tahoe Community College,South Lake Tahoe,CA,2,1,41.0,0.0,0.0,0.0,0.0,0.0,1.0,0.0,0.0,0.0,,,,3660.0,1131.0,11103.0,PS,36657.0
117238,Lancaster Beauty School,Lancaster,CA,1,3,21.0,0.0,0.0,0.0,0.0,0.0,0.0,0.0,0.0,0.0,,,,150.0,,,6333,16220.0
117247,Laney College,Oakland,CA,2,1,11.0,0.0,0.0,0.0,0.0,1.0,1.0,0.0,0.0,0.0,,,,6842.0,1258.0,9898.0,PS,37282.0
117274,Lassen Community College,Susanville,CA,2,1,33.0,0.0,0.0,0.0,0.0,0.0,1.0,0.0,0.0,0.0,,,,1741.0,1144.0,9280.0,PS,35994.0
117283,Latin American Bible Institute,La Puente,CA,2,2,21.0,0.0,0.0,0.0,0.0,0.0,1.0,0.0,0.0,0.0,27.0,0.5455,,111.0,14050.0,14050.0,,
117520,Life Chiropractic College West,Hayward,CA,4,2,21.0,0.0,0.0,0.0,0.0,0.0,0.0,0.0,0.0,0.0,,,,,,,PS,
117557,Lincoln University,Oakland,CA,3,2,11.0,0.0,0.0,0.0,0.0,0.0,0.0,0.0,0.0,0.0,,,,204.0,13150.0,13150.0,PS,53695.0
117575,Southern California Seminary,El Cajon,CA,3,2,21.0,0.0,0.0,0.0,0.0,0.0,1.0,0.0,0.0,0.0,54.0,,,32.0,19080.0,19080.0,PS,39607.0
117627,La Sierra University,Riverside,CA,3,2,11.0,0.0,0.0,0.0,0.0,1.0,1.0,0.0,0.0,0.0,95.0,0.915,,1116.0,37710.0,37710.0,27000,61824.0
117636,Loma Linda University,Loma Linda,CA,3,2,21.0,0.0,0.0,0.0,0.0,1.0,1.0,0.0,0.0,0.0,95.0,,,909.0,,,20854,89816.0
117645,Long Beach City College,Long Beach,CA,1,1,11.0,0.0,0.0,0.0,0.0,0.0,1.0,0.0,0.0,0.0,,,,22427.0,1556.0,12544.0,10500,38870.0
117672,Southern California University of Health Sciences,Whittier,CA,1,2,21.0,0.0,0.0,0.0,0.0,1.0,1.0,0.0,0.0,0.0,,,,158.0,10476.0,10476.0,11400,70649.0
117690,Los Angeles Harbor College,Wilmington,CA,2,1,11.0,0.0,0.0,0.0,0.0,0.0,1.0,0.0,0.0,0.0,,,,6694.0,1238.0,10568.0,PS,41133.0
117706,Los Angeles Pierce College,Woodland Hills,CA,2,1,11.0,0.0,0.0,0.0,0.0,0.0,1.0,0.0,0.0,0.0,,,,13436.0,1238.0,10572.0,12936,44521.0
117715,Los Angeles Southwest College,Los Angeles,CA,2,1,21.0,0.0,1.0,0.0,0.0,0.0,0.0,0.0,0.0,0.0,,,,3706.0,1238.0,10572.0,PS,32172.0
117724,Los Angeles Trade Technical College,Los Angeles,CA,1,1,11.0,0.0,0.0,0.0,0.0,0.0,1.0,0.0,0.0,0.0,,,,9998.0,1238.0,10572.0,10500,35233.0
117733,Los Angeles Valley College,Valley Glen,CA,1,1,11.0,0.0,0.0,0.0,0.0,0.0,1.0,0.0,0.0,0.0,,,,12601.0,1238.0,10572.0,10500,42678.0
117751,The Master's University and Seminary,Santa Clarita,CA,3,2,21.0,0.0,0.0,0.0,0.0,0.0,0.0,0.0,0.0,0.0,42.0,0.8402,,1622.0,39020.0,39020.0,20500,57106.0
117788,Los Angeles City College,Los Angeles,CA,2,1,11.0,0.0,0.0,0.0,0.0,0.0,1.0,0.0,0.0,0.0,,,,11198.0,1238.0,10572.0,12750,36190.0
117803,Los Angeles County College of Nursing and Allied Health,Los Angeles,CA,2,1,11.0,0.0,0.0,0.0,0.0,0.0,0.0,0.0,0.0,0.0,,,,204.0,,,9500,115318.0
117867,Los Angeles Mission College,Sylmar,CA,2,1,11.0,0.0,0.0,0.0,0.0,0.0,1.0,0.0,0.0,0.0,,,,7999.0,1238.0,10572.0,12678,39834.0
117894,Los Medanos College,Pittsburg,CA,2,1,21.0,0.0,0.0,0.0,0.0,1.0,1.0,0.0,0.0,0.0,,,,7320.0,1312.0,10320.0,PS,42454.0
117946,Loyola Marymount University,Los Angeles,CA,3,2,11.0,0.0,0.0,0.0,0.0,1.0,1.0,0.0,0.0,0.0,30.0,0.4508,1359.0,7094.0,62357.0,62357.0,19500,78349.0
117955,Lu Ross Academy,Ventura,CA,1,3,12.0,0.0,0.0,0.0,0.0,0.0,0.0,0.0,0.0,0.0,,,,229.0,,,6333,23148.0
118134,Lyle's College of Beauty,Bakersfield,CA,1,3,11.0,0.0,0.0,0.0,0.0,0.0,0.0,0.0,0.0,0.0,,,,70.0,,,6333,25913.0
118143,Lyle's College of  Beauty,Fresno,CA,1,3,11.0,0.0,0.0,0.0,0.0,0.0,0.0,0.0,0.0,0.0,,,,90.0,,,6333,25913.0
118161,Lytles Redwood Empire Beauty College,Santa Rosa,CA,1,3,21.0,0.0,0.0,0.0,0.0,0.0,0.0,0.0,0.0,0.0,,,,86.0,,,8682,20358.0
118198,MTI College,Sacramento,CA,1,3,21.0,0.0,0.0,0.0,0.0,0.0,0.0,0.0,0.0,0.0,,0.6338,,2000.0,,,8836,45328.0
118347,College of Marin,Kentfield,CA,2,1,21.0,0.0,0.0,0.0,0.0,0.0,0.0,0.0,0.0,0.0,,,,4042.0,1558.0,9334.0,10062,42654.0
118684,Mendocino College,Ukiah,CA,2,1,41.0,0.0,0.0,0.0,0.0,0.0,1.0,0.0,0.0,0.0,,,,2870.0,1423.0,10003.0,10836,40243.0
118693,Menlo College,Atherton,CA,3,2,21.0,0.0,0.0,0.0,0.0,0.0,1.0,0.0,0.0,0.0,,0.6847,,752.0,53630.0,53630.0,21750,76419.0
118718,Merced College,Merced,CA,1,1,13.0,0.0,0.0,0.0,0.0,0.0,1.0,0.0,0.0,0.0,,,,10001.0,1200.0,8520.0,PS,37815.0
118772,Merritt College,Oakland,CA,1,1,11.0,0.0,0.0,0.0,0.0,1.0,1.0,0.0,0.0,0.0,,,,5288.0,1258.0,9898.0,PS,44392.0
118888,Northeastern University Oakland,Oakland,CA,3,2,11.0,0.0,0.0,0.0,0.0,0.0,0.0,0.0,0.0,0.0,,0.1665,1472.0,464.0,67778.0,67778.0,24250,92538.0
118912,MiraCosta College,Oceanside,CA,2,1,21.0,0.0,0.0,0.0,0.0,0.0,1.0,0.0,0.0,0.0,,,,10278.0,1158.0,9750.0,9000,43845.0
118930,Mission College,Santa Clara,CA,2,1,12.0,0.0,0.0,0.0,0.0,1.0,1.0,0.0,0.0,0.0,,,,5784.0,1438.0,12500.0,PS,50936.0
118958,Modern Beauty Academy,Oxnard,CA,1,3,12.0,0.0,0.0,0.0,0.0,0.0,0.0,0.0,0.0,0.0,,,,90.0,,,PS,22477.0
118976,Modesto Junior College,Modesto,CA,2,1,12.0,0.0,0.0,0.0,0.0,0.0,1.0,0.0,0.0,0.0,,,,15109.0,1282.0,9264.0,PS,42368.0
118994,Moler Barber College,Oakland,CA,1,3,11.0,0.0,0.0,0.0,0.0,0.0,0.0,0.0,0.0,0.0,,,,411.0,,,10556,15204.0
119058,Middlebury Institute of International Studies at Monterey,Monterey,CA,3,2,22.0,0.0,0.0,0.0,0.0,0.0,0.0,0.0,0.0,0.0,,,,4.0,,,13857,76310.0
119067,Monterey Peninsula College,Monterey,CA,2,1,22.0,0.0,0.0,0.0,0.0,0.0,1.0,0.0,0.0,0.0,,,,5624.0,1188.0,10572.0,PS,42176.0
119137,Moorpark College,Moorpark,CA,2,1,22.0,0.0,0.0,0.0,0.0,0.0,1.0,0.0,0.0,0.0,,,,12082.0,1426.0,9615.0,9500,49044.0
119164,Mt San Antonio College,Walnut,CA,2,1,21.0,0.0,0.0,0.0,0.0,1.0,1.0,0.0,0.0,0.0,,,,26140.0,1364.0,10464.0,5880,46283.0
119173,Mount Saint Mary's University,Los Angeles,CA,3,2,11.0,0.0,0.0,0.0,0.0,1.0,1.0,0.0,0.0,1.0,30.0,0.7313,,1719.0,49564.0,49564.0,25949,72379.0
119216,Mt San Jacinto Community College District,San Jacinto,CA,2,1,22.0,0.0,0.0,0.0,0.0,0.0,1.0,0.0,0.0,0.0,,,,15259.0,1448.0,12728.0,PS,38319.0
119270,Musicians Institute,Hollywood,CA,1,3,11.0,0.0,0.0,0.0,0.0,0.0,0.0,0.0,0.0,0.0,,0.7795,,759.0,34322.0,34322.0,PS,32778.0
119331,Napa Valley College,Napa,CA,2,1,13.0,0.0,0.0,0.0,0.0,1.0,1.0,0.0,0.0,0.0,,,,3813.0,1156.0,11908.0,10147,49517.0
119553,National Holistic Institute,Emeryville,CA,1,3,21.0,0.0,0.0,0.0,0.0,0.0,0.0,0.0,0.0,0.0,,,,1258.0,,,9500,27978.0
119605,National University,San Diego,CA,3,2,11.0,0.0,0.0,0.0,0.0,0.0,1.0,0.0,0.0,0.0,,,,10794.0,13284.0,13284.0,25000,67548.0
119678,Naval Postgraduate School,Monterey,CA,4,1,22.0,0.0,0.0,0.0,0.0,0.0,0.0,0.0,0.0,0.0,,,,,,,,
119775,Newschool of Architecture and Design,San Diego,CA,3,3,11.0,0.0,0.0,0.0,0.0,0.0,0.0,0.0,0.0,0.0,,1.0,,182.0,30291.0,30291.0,31000,68891.0
119951,North Adrian's College of Beauty Inc,Modesto,CA,1,3,12.0,0.0,0.0,0.0,0.0,0.0,0.0,0.0,0.0,0.0,,,,207.0,,,11000,27269.0
120069,North-West College-Pomona,Pomona,CA,1,3,21.0,0.0,0.0,0.0,0.0,0.0,0.0,0.0,0.0,0.0,,,,381.0,,,9500,39876.0
120078,North-West College-West Covina,West Covina,CA,1,3,21.0,0.0,0.0,0.0,0.0,0.0,0.0,0.0,0.0,0.0,,,,653.0,,,9500,37542.0
120087,North-West College-Van Nuys,Van Nuys,CA,1,3,11.0,0.0,0.0,0.0,0.0,0.0,0.0,0.0,0.0,0.0,,,,294.0,,,9500,32488.0
120166,San Francisco Bay University,Fremont,CA,3,2,12.0,0.0,0.0,0.0,0.0,0.0,0.0,0.0,0.0,0.0,,0.9578,,126.0,8830.0,8830.0,,
120184,Notre Dame de Namur University,Belmont,CA,3,2,21.0,0.0,0.0,0.0,0.0,0.0,0.0,0.0,0.0,0.0,30.0,,,33.0,,,25000,74576.0
120254,Occidental College,Los Angeles,CA,3,2,11.0,0.0,0.0,0.0,0.0,0.0,0.0,0.0,0.0,0.0,,0.4417,1452.0,1877.0,66274.0,66274.0,23000,75951.0
120290,Ohlone College,Fremont,CA,2,1,12.0,0.0,0.0,0.0,0.0,1.0,1.0,0.0,0.0,0.0,,,,7099.0,1202.0,8714.0,PS,54278.0
120342,Orange Coast College,Costa Mesa,CA,1,1,12.0,0.0,0.0,0.0,0.0,1.0,1.0,0.0,0.0,0.0,,,,16091.0,1392.0,11640.0,9500,47348.0
120403,Otis College of Art and Design,Los Angeles,CA,3,2,11.0,0.0,0.0,0.0,0.0,0.0,0.0,0.0,0.0,0.0,,0.8176,1310.0,1223.0,56488.0,56488.0,27000,58152.0
120421,Oxnard College,Oxnard,CA,2,1,12.0,0.0,0.0,0.0,0.0,0.0,1.0,0.0,0.0,0.0,,,,6240.0,1426.0,9615.0,PS,41393.0
120537,Hope International University,Fullerton,CA,3,2,21.0,0.0,0.0,0.0,0.0,0.0,1.0,0.0,0.0,0.0,48.0,0.3298,1020.0,564.0,38050.0,38050.0,23000,49697.0
120661,Concorde Career College-San Diego,San Diego,CA,1,3,11.0,0.0,0.0,0.0,0.0,0.0,0.0,0.0,0.0,0.0,,1.0,,147.0,,,9500,39169.0
120698,Palo Alto University,Palo Alto,CA,3,2,41.0,0.0,0.0,0.0,0.0,0.0,0.0,0.0,0.0,0.0,,,,14.0,,,20500,83187.0
120768,Pacific Oaks College,Pasadena,CA,3,2,12.0,0.0,0.0,0.0,0.0,0.0,1.0,0.0,0.0,0.0,,0.3438,,312.0,32520.0,32520.0,29105,52485.0
120795,Pacific School of Religion,Berkeley,CA,4,2,12.0,0.0,0.0,0.0,0.0,0.0,0.0,0.0,0.0,0.0,78.0,,,,,,PS,
120838,Pacific States University,Los Angeles,CA,3,2,11.0,0.0,0.0,0.0,0.0,0.0,0.0,0.0,0.0,0.0,,,,44.0,10159.0,10159.0,PS,
120865,Pacific Union College,Angwin,CA,2,2,41.0,0.0,0.0,0.0,0.0,1.0,1.0,0.0,0.0,0.0,95.0,0.473,,805.0,37173.0,37173.0,27500,70484.0
120883,University of the Pacific,Stockton,CA,3,2,11.0,0.0,0.0,0.0,0.0,1.0,1.0,0.0,0.0,0.0,,0.7132,1346.0,3204.0,57080.0,57080.0,19500,78445.0
120953,Palo Verde College,Blythe,CA,1,1,42.0,0.0,0.0,0.0,0.0,0.0,1.0,0.0,0.0,0.0,,,,3381.0,1288.0,12880.0,PS,36389.0
120971,Palomar College,San Marcos,CA,1,1,21.0,0.0,0.0,0.0,0.0,0.0,1.0,0.0,0.0,0.0,,,,17712.0,1354.0,10650.0,PS,42300.0
121044,Pasadena City College,Pasadena,CA,2,1,12.0,0.0,0.0,0.0,0.0,1.0,1.0,0.0,0.0,0.0,,,,21466.0,1180.0,9820.0,6651,43937.0
121150,Pepperdine University,Malibu,CA,3,2,21.0,0.0,0.0,0.0,0.0,0.0,0.0,0.0,0.0,0.0,74.0,0.6286,1384.0,3553.0,69918.0,69918.0,23510,82939.0
121257,Pitzer College,Claremont,CA,3,2,21.0,0.0,0.0,0.0,0.0,0.0,0.0,0.0,0.0,0.0,,0.2516,,1227.0,65192.0,65192.0,16750,69512.0
121309,Point Loma Nazarene University,San Diego,CA,3,2,11.0,0.0,0.0,0.0,0.0,0.0,0.0,0.0,0.0,0.0,59.0,0.8368,1287.0,3188.0,46250.0,46250.0,22990,63998.0
121345,Pomona College,Claremont,CA,3,2,21.0,0.0,0.0,0.0,0.0,0.0,0.0,0.0,0.0,0.0,,0.0709,1534.0,1666.0,65420.0,65420.0,11782,77779.0
121363,Porterville College,Porterville,CA,2,1,23.0,0.0,0.0,0.0,0.0,0.0,1.0,0.0,0.0,0.0,,,,2834.0,1438.0,11308.0,PS,36328.0
121433,Professional Institute of Beauty,El Monte,CA,1,3,21.0,0.0,0.0,0.0,0.0,0.0,0.0,0.0,0.0,0.0,,,,93.0,,,3001,16886.0
121619,Santa Ana College,Santa Ana,CA,1,1,11.0,0.0,0.0,0.0,0.0,1.0,1.0,0.0,0.0,0.0,,,,22485.0,1180.0,10756.0,6871,43552.0
121628,RAND School of Public Policy,Santa Monica,CA,4,2,13.0,0.0,0.0,0.0,0.0,0.0,0.0,0.0,0.0,0.0,,,,,,,,
121637,Shasta School of Cosmetology,Redding,CA,1,3,13.0,0.0,0.0,0.0,0.0,0.0,0.0,0.0,0.0,0.0,,,,112.0,,,PS,
121691,University of Redlands,Redlands,CA,3,2,13.0,0.0,0.0,0.0,0.0,0.0,1.0,0.0,0.0,0.0,,0.8271,1241.0,2049.0,60878.0,60878.0,26000,72690.0
121707,College of the Redwoods,Eureka,CA,2,1,41.0,0.0,0.0,0.0,0.0,0.0,1.0,0.0,0.0,0.0,,,,3829.0,1198.0,8854.0,8080,36243.0
121859,Salon Success Academy-Upland,Upland,CA,1,3,21.0,0.0,0.0,0.0,0.0,0.0,0.0,0.0,0.0,0.0,,,,254.0,,,7177,26956.0
121868,Salon Success Academy-Corona,Corona,CA,1,3,12.0,0.0,0.0,0.0,0.0,0.0,0.0,0.0,0.0,0.0,,,,196.0,,,7177,22412.0
121886,Rio Hondo College,Whittier,CA,1,1,41.0,0.0,0.0,0.0,0.0,0.0,1.0,0.0,0.0,0.0,,,,15684.0,1388.0,9884.0,5500,44950.0
121901,Riverside City College,Riverside,CA,2,1,11.0,0.0,0.0,0.0,0.0,0.0,1.0,0.0,0.0,0.0,,,,18346.0,1428.0,12498.0,8000,41091.0
122117,Dongguk University Los Angeles,Los Angeles,CA,4,2,11.0,0.0,0.0,0.0,0.0,0.0,0.0,0.0,0.0,0.0,,,,,,,PS,
122180,Sacramento City College,Sacramento,CA,2,1,11.0,0.0,0.0,0.0,0.0,1.0,1.0,0.0,0.0,0.0,,,,17657.0,1288.0,12616.0,10500,42214.0
122205,Saddleback College,Mission Viejo,CA,2,1,21.0,0.0,0.0,0.0,0.0,1.0,1.0,0.0,0.0,0.0,,,,17684.0,1156.0,11860.0,9500,50874.0
122296,Samuel Merritt University,Oakland,CA,3,2,11.0,0.0,0.0,0.0,0.0,0.0,0.0,0.0,0.0,0.0,,,,718.0,,,20825,143238.0
122339,San Diego City College,San Diego,CA,2,1,11.0,0.0,0.0,0.0,0.0,1.0,1.0,0.0,0.0,0.0,,,,10441.0,1146.0,10002.0,7689,38503.0
122375,San Diego Mesa College,San Diego,CA,2,1,11.0,0.0,0.0,0.0,0.0,1.0,1.0,0.0,0.0,0.0,,,,16098.0,1146.0,10002.0,4725,45120.0
122384,San Diego Miramar College,San Diego,CA,2,1,11.0,0.0,0.0,0.0,0.0,1.0,1.0,0.0,0.0,0.0,,,,11271.0,1146.0,10002.0,6750,48224.0
122409,San Diego State University,San Diego,CA,3,1,11.0,0.0,0.0,0.0,0.0,1.0,1.0,0.0,0.0,0.0,,0.3619,,35377.0,8728.0,21328.0,15000,64909.0
122436,University of San Diego,San Diego,CA,3,2,11.0,0.0,0.0,0.0,0.0,0.0,0.0,0.0,0.0,0.0,30.0,0.5238,,5671.0,59486.0,59486.0,22940,86522.0
122506,San Francisco Conservatory of Music,San Francisco,CA,3,2,11.0,0.0,0.0,0.0,0.0,0.0,0.0,0.0,0.0,0.0,,0.5491,,226.0,56150.0,56150.0,27000,
122597,San Francisco State University,San Francisco,CA,3,1,11.0,0.0,0.0,0.0,0.0,1.0,1.0,0.0,0.0,0.0,,0.9644,,18639.0,7950.0,20550.0,15371,68077.0
122612,University of San Francisco,San Francisco,CA,3,2,11.0,0.0,0.0,0.0,0.0,1.0,0.0,0.0,0.0,0.0,30.0,0.6171,1295.0,5287.0,60492.0,60492.0,23000,89812.0
122649,San Joaquin College of Law,Clovis,CA,4,2,21.0,0.0,0.0,0.0,0.0,0.0,0.0,0.0,0.0,0.0,,,,,,,PS,
122658,San Joaquin Delta College,Stockton,CA,2,1,11.0,0.0,0.0,0.0,0.0,1.0,1.0,0.0,0.0,0.0,,,,15781.0,1180.0,9772.0,7500,43212.0
122685,San Joaquin Valley College-Visalia,Visalia,CA,1,3,12.0,0.0,0.0,0.0,0.0,0.0,0.0,0.0,0.0,0.0,,,,2207.0,,,10674,38317.0
122694,San Joaquin Valley College-Bakersfield,Bakersfield,CA,1,3,11.0,0.0,0.0,0.0,0.0,0.0,0.0,0.0,0.0,0.0,,,,798.0,,,10674,38317.0
122728,William Jessup University,Rocklin,CA,3,2,21.0,0.0,0.0,0.0,0.0,0.0,1.0,0.0,0.0,0.0,79.0,0.9333,1150.0,1294.0,37150.0,37150.0,23700,56257.0
122746,San Jose City College,San Jose,CA,2,1,11.0,0.0,0.0,0.0,0.0,1.0,1.0,0.0,0.0,0.0,,,,7105.0,1366.0,11922.0,PS,46215.0
122755,San Jose State University,San Jose,CA,3,1,11.0,0.0,0.0,0.0,0.0,1.0,1.0,0.0,0.0,0.0,,0.8461,,27601.0,8410.0,21010.0,15000,78988.0
122791,College of San Mateo,San Mateo,CA,2,1,12.0,0.0,0.0,0.0,0.0,1.0,1.0,0.0,0.0,0.0,,,,7977.0,1332.0,11384.0,14695,54172.0
122889,Santa Barbara City College,Santa Barbara,CA,2,1,13.0,0.0,0.0,0.0,0.0,0.0,1.0,0.0,0.0,0.0,,,,9889.0,1240.0,10432.0,11000,47647.0
122931,Santa Clara University,Santa Clara,CA,3,2,12.0,0.0,0.0,0.0,0.0,0.0,0.0,0.0,0.0,0.0,30.0,0.48,1426.0,6552.0,61293.0,61293.0,19162,109183.0
122977,Santa Monica College,Santa Monica,CA,2,1,13.0,0.0,0.0,0.0,0.0,0.0,1.0,0.0,0.0,0.0,,,,21440.0,1156.0,10708.0,6450,42193.0
123013,Santa Rosa Junior College,Santa Rosa,CA,1,1,12.0,0.0,0.0,0.0,0.0,0.0,1.0,0.0,0.0,0.0,,,,15080.0,1318.0,11308.0,9500,47224.0
123095,Saybrook University,Pasadena,CA,4,2,12.0,0.0,0.0,0.0,0.0,0.0,0.0,0.0,0.0,0.0,,,,,,,PS,
123165,Scripps College,Claremont,CA,3,2,21.0,0.0,0.0,0.0,0.0,0.0,0.0,0.0,0.0,1.0,,0.3829,1492.0,1113.0,65950.0,65950.0,13500,77539.0
123217,College of the Sequoias,Visalia,CA,1,1,12.0,0.0,0.0,0.0,0.0,0.0,1.0,0.0,0.0,0.0,,,,11562.0,1394.0,9038.0,4500,39092.0
123280,Shasta Bible College and Graduate School,Redding,CA,3,2,13.0,0.0,0.0,0.0,0.0,0.0,0.0,0.0,0.0,0.0,54.0,1.0,,21.0,14535.0,14535.0,PS,28891.0
123299,Shasta College,Redding,CA,2,1,22.0,0.0,0.0,0.0,0.0,0.0,0.0,0.0,0.0,0.0,,,,6128.0,1197.0,8853.0,14250,39269.0
123341,Sierra College,Rocklin,CA,2,1,21.0,0.0,0.0,0.0,0.0,0.0,1.0,0.0,0.0,0.0,,,,14122.0,1446.0,1446.0,10500,45294.0
123350,Sierra College of Beauty,Merced,CA,1,3,13.0,0.0,0.0,0.0,0.0,0.0,0.0,0.0,0.0,0.0,,,,220.0,,,PS,18519.0
123448,Trinity Law School,Santa Ana,CA,4,2,11.0,0.0,0.0,0.0,0.0,0.0,0.0,0.0,0.0,0.0,79.0,,,,,,26082,46989.0
123457,Simpson University,Redding,CA,3,2,13.0,0.0,0.0,0.0,0.0,0.0,1.0,0.0,0.0,0.0,34.0,0.8603,,809.0,39708.0,39708.0,18750,54340.0
123484,College of the Siskiyous,Weed,CA,2,1,42.0,0.0,0.0,0.0,0.0,0.0,0.0,0.0,0.0,0.0,,,,1190.0,1444.0,9394.0,10750,39098.0
123493,Charles A Jones Career and Education Center,Sacramento,CA,1,1,11.0,0.0,0.0,0.0,0.0,0.0,0.0,0.0,0.0,0.0,,,,91.0,,,5512,41047.0
123509,Skyline College,San Bruno,CA,2,1,21.0,0.0,0.0,0.0,0.0,1.0,1.0,0.0,0.0,0.0,,,,7620.0,1272.0,9956.0,PS,55702.0
123527,San Bernardino Valley College,San Bernardino,CA,2,1,12.0,0.0,0.0,0.0,0.0,0.0,0.0,0.0,0.0,0.0,,,,12234.0,1196.0,14382.0,PS,39676.0
123554,Saint Mary's College of California,Moraga,CA,3,2,21.0,0.0,0.0,0.0,0.0,1.0,1.0,0.0,0.0,0.0,30.0,0.8653,,1947.0,57803.0,57803.0,23691,78812.0
123563,Solano Community College,Fairfield,CA,2,1,22.0,0.0,0.0,0.0,0.0,1.0,1.0,0.0,0.0,0.0,,,,8061.0,1172.0,9812.0,12000,44170.0
123572,Sonoma State University,Rohnert Park,CA,3,1,21.0,0.0,0.0,0.0,0.0,0.0,1.0,0.0,0.0,0.0,,0.9343,,5166.0,8624.0,21224.0,16705,65986.0
123633,South Baylo University,Anaheim,CA,4,2,11.0,0.0,0.0,0.0,0.0,0.0,0.0,0.0,0.0,0.0,,,,,,,PS,
123642,South Coast College,Orange,CA,1,3,12.0,0.0,0.0,0.0,0.0,0.0,0.0,0.0,0.0,0.0,,,,306.0,13494.0,13494.0,20938,44897.0
123651,Vanguard University of Southern California,Costa Mesa,CA,3,2,12.0,0.0,0.0,0.0,0.0,0.0,1.0,0.0,0.0,0.0,27.0,0.6244,,1933.0,41700.0,41700.0,22000,59541.0
123679,Concorde Career College-Garden Grove,Garden Grove,CA,1,3,21.0,0.0,0.0,0.0,0.0,0.0,0.0,0.0,0.0,0.0,,0.9742,,214.0,,,13000,45711.0
123800,Southwestern College,Chula Vista,CA,2,1,11.0,0.0,0.0,0.0,0.0,1.0,1.0,0.0,0.0,0.0,,,,18614.0,1344.0,10640.0,4500,40060.0
123916,Starr King School for the Ministry,Oakland,CA,4,2,11.0,0.0,0.0,0.0,0.0,0.0,0.0,0.0,0.0,0.0,93.0,,,,,,PS,
123943,Marshall B Ketchum University,Fullerton,CA,4,2,21.0,0.0,0.0,0.0,0.0,0.0,0.0,0.0,0.0,0.0,,,,,,,PS,
123952,Southern California Institute of Architecture,Los Angeles,CA,3,2,11.0,0.0,0.0,0.0,0.0,0.0,0.0,0.0,0.0,0.0,,0.766,,236.0,56162.0,56162.0,PS,71909.0
123961,University of Southern California,Los Angeles,CA,3,2,11.0,0.0,0.0,0.0,0.0,0.0,0.0,0.0,0.0,0.0,,0.0981,1495.0,20443.0,72097.0,72097.0,18000,92498.0
123970,Southwestern Law School,Los Angeles,CA,4,2,11.0,0.0,0.0,0.0,0.0,0.0,0.0,0.0,0.0,0.0,,,,,,,PS,
124113,Taft College,Taft,CA,2,1,32.0,0.0,0.0,0.0,0.0,0.0,1.0,0.0,0.0,0.0,,,,3556.0,1108.0,10852.0,PS,38861.0
124283,Claremont School of Theology,Los Angeles,CA,4,2,11.0,0.0,0.0,0.0,0.0,0.0,0.0,0.0,0.0,0.0,71.0,,,,,,PS,
124292,Thomas Aquinas College,Santa Paula,CA,3,2,42.0,0.0,0.0,0.0,0.0,0.0,0.0,0.0,0.0,0.0,30.0,0.8309,1329.0,566.0,30200.0,30200.0,18000,55619.0
124487,Epic Bible College & Graduate School,Sacramento,CA,3,2,21.0,0.0,0.0,0.0,0.0,0.0,0.0,0.0,0.0,0.0,27.0,,,66.0,15072.0,15072.0,PS,37822.0
124681,UEI College-Huntington Park,Huntington Park,CA,1,3,21.0,0.0,0.0,0.0,0.0,0.0,0.0,0.0,0.0,0.0,,,,1079.0,,,9500,31141.0
124706,Concorde Career College-San Bernardino,San Bernardino,CA,1,3,12.0,0.0,0.0,0.0,0.0,0.0,0.0,0.0,0.0,0.0,,0.9834,,222.0,,,9500,39993.0
124937,Concorde Career College-North Hollywood,North Hollywood,CA,1,3,11.0,0.0,0.0,0.0,0.0,0.0,0.0,0.0,0.0,0.0,,1.0,,158.0,,,9500,50552.0
125028,Ventura College,Ventura,CA,2,1,12.0,0.0,0.0,0.0,0.0,0.0,1.0,0.0,0.0,0.0,,,,10150.0,1426.0,9615.0,13876,43430.0
125037,The Colleges of Law at Ventura,Ventura,CA,4,2,12.0,0.0,0.0,0.0,0.0,0.0,0.0,0.0,0.0,0.0,,,,,,,PS,
125082,Bridges Beauty College,Victorville,CA,1,3,21.0,0.0,0.0,0.0,0.0,0.0,0.0,0.0,0.0,0.0,,,,98.0,,,PS,17287.0
125091,Victor Valley College,Victorville,CA,2,1,21.0,0.0,0.0,0.0,0.0,0.0,0.0,0.0,0.0,0.0,,,,4210.0,1425.0,10125.0,PS,36119.0
125170,Berkeley City College,Berkeley,CA,2,1,12.0,0.0,0.0,0.0,0.0,1.0,1.0,0.0,0.0,0.0,,,,4456.0,1258.0,9898.0,PS,41217.0
125231,Walden University,Minneapolis,MN,3,3,11.0,0.0,0.0,0.0,0.0,0.0,0.0,0.0,0.0,0.0,,,,9136.0,12762.0,12762.0,20834,42810.0
125310,Waynes College of Beauty,Salinas,CA,1,3,12.0,0.0,0.0,0.0,0.0,0.0,0.0,0.0,0.0,0.0,,,,46.0,,,6333,
125462,Coalinga College,Coalinga,CA,1,1,33.0,0.0,0.0,0.0,0.0,0.0,1.0,0.0,0.0,0.0,,,,2522.0,1384.0,10954.0,6750,37633.0
125471,West Los Angeles College,Culver City,CA,1,1,21.0,0.0,0.0,0.0,0.0,0.0,1.0,0.0,0.0,0.0,,,,7284.0,1238.0,10572.0,13500,38537.0
125499,West Valley College,Saratoga,CA,2,1,21.0,0.0,0.0,0.0,0.0,1.0,1.0,0.0,0.0,0.0,,,,6416.0,0.0,8702.0,PS,51688.0
125532,Carrington College-Sacramento,Sacramento,CA,1,3,21.0,0.0,0.0,0.0,0.0,0.0,0.0,0.0,0.0,0.0,,,,2168.0,,,11537,39633.0
125718,Westminster Theological Seminary in California,Escondido,CA,4,2,21.0,0.0,0.0,0.0,0.0,0.0,0.0,0.0,0.0,0.0,,,,,,,,
125727,Westmont College,Santa Barbara,CA,3,2,22.0,0.0,0.0,0.0,0.0,0.0,0.0,0.0,0.0,0.0,108.0,0.7705,1328.0,1302.0,53584.0,53584.0,23250,64778.0
125763,Whittier College,Whittier,CA,3,2,21.0,0.0,0.0,0.0,0.0,0.0,1.0,0.0,0.0,0.0,,0.8079,,764.0,51350.0,51350.0,24937,59492.0
125897,Woodbury University,Burbank,CA,3,2,11.0,0.0,0.0,0.0,0.0,1.0,1.0,0.0,0.0,0.0,,0.8165,,779.0,47056.0,47056.0,26960,65668.0
126012,The Wright Institute,Berkeley,CA,4,2,12.0,0.0,0.0,0.0,0.0,0.0,0.0,0.0,0.0,0.0,,,,,,,PS,
126049,Thomas Jefferson School of Law,San Diego,CA,4,2,11.0,0.0,0.0,0.0,0.0,0.0,0.0,0.0,0.0,0.0,,,,,,,PS,
126076,Yeshiva Ohr Elchonon Chabad West Coast Talmudical Seminary,Los Angeles,CA,3,2,11.0,0.0,0.0,0.0,0.0,0.0,0.0,0.0,1.0,0.0,,0.5821,,163.0,16900.0,16900.0,PS,48361.0
126119,Yuba College,Marysville,CA,2,1,22.0,0.0,0.0,0.0,0.0,1.0,1.0,0.0,0.0,0.0,,,,4779.0,1128.0,8208.0,PS,39552.0
126182,Adams State University,Alamosa,CO,3,1,33.0,0.0,0.0,0.0,0.0,0.0,1.0,0.0,0.0,0.0,,,,1250.0,9824.0,21944.0,19500,44372.0
126207,Aims Community College,Greeley,CO,1,1,12.0,0.0,0.0,0.0,0.0,0.0,0.0,0.0,0.0,0.0,,,,3635.0,2258.0,11786.0,6844,41887.0
126289,Arapahoe Community College,Littleton,CO,1,1,21.0,0.0,0.0,0.0,0.0,0.0,0.0,0.0,0.0,0.0,,,,5383.0,4434.0,17034.0,11884,48341.0
126359,Bel-Rea Institute of Animal Technology,Denver,CO,2,3,21.0,0.0,0.0,0.0,0.0,0.0,0.0,0.0,0.0,0.0,,,,139.0,13819.0,13819.0,20372,39506.0
126562,University of Colorado Denver/Anschutz Medical Campus,Denver,CO,3,1,11.0,0.0,0.0,0.0,0.0,1.0,1.0,0.0,0.0,0.0,,0.7468,1116.0,10519.0,10383.0,29391.0,20500,64270.0
126580,University of Colorado Colorado Springs,Colorado Springs,CO,3,1,11.0,0.0,0.0,0.0,0.0,0.0,0.0,0.0,0.0,0.0,,0.9735,1133.0,8697.0,10149.0,24336.0,20000,54659.0
126605,Spartan College of Aeronautics and Technology,Broomfield,CO,2,3,13.0,0.0,0.0,0.0,0.0,0.0,0.0,0.0,0.0,0.0,,,,397.0,20235.0,20235.0,19188,59093.0
126614,University of Colorado Boulder,Boulder,CO,3,1,12.0,0.0,0.0,0.0,0.0,0.0,0.0,0.0,0.0,0.0,,0.7808,1357.0,31939.0,15666.0,44918.0,19500,69738.0
126669,Colorado Christian University,Lakewood,CO,3,2,21.0,0.0,0.0,0.0,0.0,0.0,0.0,0.0,0.0,0.0,88.0,,,5549.0,41342.0,41342.0,28312,50416.0
126678,Colorado College,Colorado Springs,CO,3,2,11.0,0.0,0.0,0.0,0.0,0.0,0.0,0.0,0.0,0.0,,0.1847,1365.0,2014.0,70734.0,70734.0,18257,65222.0
126687,Concorde Career College-Aurora,Aurora,CO,1,3,11.0,0.0,0.0,0.0,0.0,0.0,0.0,0.0,0.0,0.0,,0.9046,,256.0,,,9500,42456.0
126711,Colorado Mountain College,Glenwood Springs,CO,1,1,33.0,0.0,0.0,0.0,0.0,0.0,1.0,0.0,0.0,0.0,,,,2816.0,2616.0,12840.0,9000,44127.0
126748,Colorado Northwestern Community College,Rangely,CO,1,1,43.0,0.0,0.0,0.0,0.0,0.0,0.0,0.0,0.0,0.0,,,,504.0,4594.0,7304.0,12000,43526.0
126775,Colorado School of Mines,Golden,CO,3,1,21.0,0.0,0.0,0.0,0.0,0.0,0.0,0.0,0.0,0.0,,0.6069,1412.0,6155.0,21914.0,45824.0,23000,97335.0
126784,Colorado School of Trades,Lakewood,CO,2,3,21.0,0.0,0.0,0.0,0.0,0.0,0.0,0.0,0.0,0.0,,0.9091,,85.0,,,20000,51591.0
126818,Colorado State University-Fort Collins,Fort Collins,CO,3,1,12.0,0.0,0.0,0.0,0.0,0.0,0.0,0.0,0.0,0.0,,0.8854,,25538.0,13373.0,34783.0,20000,60543.0
126827,Colorado Technical University-Colorado Springs,Colorado Springs,CO,3,3,11.0,0.0,0.0,0.0,0.0,0.0,0.0,0.0,0.0,0.0,,,,28086.0,12750.0,12750.0,29832,37180.0
126863,Community College of Aurora,Aurora,CO,2,1,11.0,0.0,0.0,0.0,0.0,0.0,1.0,0.0,0.0,0.0,,,,3250.0,4470.0,17070.0,10500,44592.0
126915,Technical College of the Rockies,Delta,CO,1,1,41.0,0.0,0.0,0.0,0.0,0.0,0.0,0.0,0.0,0.0,,,,165.0,,,4750,45516.0
126942,Community College of Denver,Denver,CO,2,1,11.0,0.0,0.0,0.0,0.0,0.0,1.0,0.0,0.0,0.0,,,,5096.0,4902.0,17136.0,12495,39095.0
126951,Lincoln College of Technology-Denver,Denver,CO,1,3,11.0,0.0,0.0,0.0,0.0,0.0,0.0,0.0,0.0,0.0,,,,1212.0,,,11730,46396.0
126979,Denver Seminary,Littleton,CO,4,2,21.0,0.0,0.0,0.0,0.0,0.0,0.0,0.0,0.0,0.0,79.0,,,,,,PS,
127060,University of Denver,Denver,CO,3,2,11.0,0.0,0.0,0.0,0.0,0.0,0.0,0.0,0.0,0.0,,0.7781,1355.0,6025.0,61398.0,61398.0,21844,71155.0
127158,Emily Griffith Technical College,Denver,CO,1,1,11.0,0.0,0.0,0.0,0.0,0.0,0.0,0.0,0.0,0.0,,,,6123.0,,,PS,35487.0
127185,Fort Lewis College,Durango,CO,3,1,32.0,0.0,0.0,0.0,0.0,0.0,0.0,1.0,0.0,0.0,,0.773,1111.0,3079.0,9958.0,21526.0,18389,46349.0
127200,Front Range Community College,Westminster,CO,1,1,21.0,0.0,0.0,0.0,0.0,0.0,1.0,0.0,0.0,0.0,,,,11476.0,4663.0,17263.0,12251,45910.0
127273,Iliff School of Theology,Denver,CO,4,2,11.0,0.0,0.0,0.0,0.0,0.0,0.0,0.0,0.0,0.0,71.0,,,,,,,
127316,International Salon and Spa Academy,Colorado Springs,CO,1,3,11.0,0.0,0.0,0.0,0.0,0.0,0.0,0.0,0.0,0.0,,,,248.0,,,6333,22332.0
127389,Lamar Community College,Lamar,CO,2,1,33.0,0.0,0.0,0.0,0.0,0.0,0.0,0.0,0.0,0.0,,,,400.0,4550.0,7260.0,8750,38719.0
127556,Colorado Mesa University,Grand Junction,CO,1,1,13.0,0.0,0.0,0.0,0.0,0.0,0.0,0.0,0.0,0.0,,0.8203,1055.0,8143.0,9927.0,25124.0,22000,45823.0
127565,Metropolitan State University of Denver,Denver,CO,3,1,11.0,0.0,0.0,0.0,0.0,0.0,1.0,0.0,0.0,0.0,,0.988,1019.0,15002.0,11124.0,30684.0,21500,52093.0
127617,Morgan Community College,Fort  Morgan,CO,1,1,41.0,0.0,0.0,0.0,0.0,0.0,1.0,0.0,0.0,0.0,,,,634.0,4252.0,16852.0,8501,39429.0
127653,Naropa University,Boulder,CO,3,2,12.0,0.0,0.0,0.0,0.0,0.0,0.0,0.0,0.0,0.0,,1.0,,339.0,36620.0,36620.0,24712,28720.0
127714,Nazarene Bible College,Colorado Springs,CO,3,2,11.0,0.0,0.0,0.0,0.0,0.0,0.0,0.0,0.0,0.0,59.0,,,284.0,10482.0,10482.0,34787,41450.0
127732,Northeastern Junior College,Sterling,CO,1,1,33.0,0.0,0.0,0.0,0.0,0.0,0.0,0.0,0.0,0.0,,,,786.0,5730.0,8267.0,9376,39893.0
127741,University of Northern Colorado,Greeley,CO,3,1,12.0,0.0,0.0,0.0,0.0,0.0,1.0,0.0,0.0,0.0,,0.8585,1082.0,5598.0,12416.0,27266.0,20470,52231.0
127778,Otero College,La Junta,CO,1,1,33.0,0.0,0.0,0.0,0.0,0.0,1.0,0.0,0.0,0.0,,,,619.0,4576.0,7286.0,10250,39018.0
127820,Pikes Peak State College,Colorado Springs,CO,2,1,21.0,0.0,0.0,0.0,0.0,0.0,1.0,0.0,0.0,0.0,,,,9595.0,4510.0,17110.0,9000,40796.0
127884,Pueblo Community College,Pueblo,CO,1,1,12.0,0.0,0.0,0.0,0.0,0.0,1.0,0.0,0.0,0.0,,,,3619.0,5049.0,17649.0,10000,37434.0
127909,Red Rocks Community College,Lakewood,CO,1,1,21.0,0.0,0.0,0.0,0.0,0.0,0.0,0.0,0.0,0.0,,,,4889.0,4859.0,17459.0,9500,46288.0
127918,Regis University,Denver,CO,3,2,11.0,0.0,0.0,0.0,0.0,0.0,1.0,0.0,0.0,0.0,30.0,0.8646,1220.0,2627.0,46340.0,46340.0,25000,72105.0
127945,Rocky Mountain College of Art and Design,Lakewood,CO,3,3,21.0,0.0,0.0,0.0,0.0,0.0,0.0,0.0,0.0,0.0,,,,2050.0,20190.0,20190.0,31000,42958.0
127954,Montessori Education Center of the Rockies,Denver,CO,1,2,11.0,0.0,0.0,0.0,0.0,0.0,0.0,0.0,0.0,0.0,,1.0,,10.0,,,PS,44643.0
128106,Colorado State University Pueblo,Pueblo,CO,3,1,12.0,0.0,0.0,0.0,0.0,0.0,1.0,0.0,0.0,0.0,,0.949,1120.0,3042.0,9720.0,17944.0,21500,55563.0
128151,Pickens Technical College,Aurora,CO,1,1,11.0,0.0,0.0,0.0,0.0,0.0,0.0,0.0,0.0,0.0,,,,686.0,5140.0,9250.0,PS,39210.0
128179,Intellitec College-Colorado Springs,Colorado Springs,CO,1,3,11.0,0.0,0.0,0.0,0.0,0.0,0.0,0.0,0.0,0.0,,,,679.0,,,11667,42169.0
128188,Intellitec College-Grand Junction,Grand Junction,CO,1,3,13.0,0.0,0.0,0.0,0.0,0.0,0.0,0.0,0.0,0.0,,,,1077.0,,,10769,31541.0
128258,Trinidad State College,Trinidad,CO,1,1,33.0,0.0,0.0,0.0,0.0,0.0,1.0,0.0,0.0,0.0,,,,1188.0,4608.0,7318.0,8908,36475.0
128328,United States Air Force Academy,USAF Academy,CO,3,1,41.0,0.0,0.0,0.0,0.0,0.0,0.0,0.0,0.0,0.0,,0.1409,1350.0,4114.0,,,,
128337,Empire Beauty School-Thornton,Thornton,CO,1,3,21.0,0.0,0.0,0.0,0.0,0.0,0.0,0.0,0.0,0.0,,,,149.0,,,10667,24397.0
128391,Western Colorado University,Gunnison,CO,3,1,33.0,0.0,0.0,0.0,0.0,0.0,0.0,0.0,0.0,0.0,,0.9971,1230.0,1586.0,11318.0,24434.0,20250,46833.0
128498,Albertus Magnus College,New Haven,CT,3,2,12.0,0.0,0.0,0.0,0.0,0.0,1.0,0.0,0.0,0.0,30.0,0.5931,,991.0,41908.0,41908.0,30964,60144.0
128586,Bais Binyomin Academy,Monsey,NY,2,2,21.0,0.0,0.0,0.0,0.0,0.0,0.0,0.0,0.0,0.0,,1.0,,46.0,9450.0,9450.0,PS,
128744,University of Bridgeport,Bridgeport,CT,3,2,12.0,0.0,0.0,0.0,0.0,0.0,1.0,0.0,0.0,0.0,,0.8302,,1534.0,35760.0,35760.0,25750,50323.0
128771,Central Connecticut State University,New Britain,CT,3,1,21.0,0.0,0.0,0.0,0.0,0.0,0.0,0.0,0.0,0.0,,0.7333,1080.0,7822.0,13050.0,16550.0,22300,58562.0
128780,Charter Oak State College,New Britain,CT,3,1,21.0,0.0,0.0,0.0,0.0,0.0,1.0,0.0,0.0,0.0,,,,1821.0,8506.0,8506.0,18683,64209.0
128896,Cortiva Institute,Cromwell,CT,1,3,21.0,0.0,0.0,0.0,0.0,0.0,0.0,0.0,0.0,0.0,,,,209.0,,,11259,34866.0
128902,Connecticut College,New London,CT,3,2,13.0,0.0,0.0,0.0,0.0,0.0,0.0,0.0,0.0,0.0,,0.3704,1432.0,1937.0,67242.0,67242.0,23500,75001.0
129002,Porter & Chester Institute of Hamden,Hamden,CT,1,3,21.0,0.0,0.0,0.0,0.0,0.0,0.0,0.0,0.0,0.0,,,,402.0,14337.0,14337.0,12350,42914.0
129020,University of Connecticut,Storrs,CT,3,1,31.0,0.0,0.0,0.0,0.0,1.0,1.0,0.0,0.0,0.0,,0.5239,1348.0,19835.0,21044.0,43712.0,21500,73997.0
129154,Goodwin University,East Hartford,CT,2,2,13.0,0.0,0.0,0.0,0.0,0.0,0.0,0.0,0.0,0.0,,,,2693.0,21198.0,21198.0,33500,43596.0
129181,Lincoln Technical Institute-East Windsor,East Windsor,CT,1,3,21.0,0.0,0.0,0.0,0.0,0.0,0.0,0.0,0.0,0.0,,,,1008.0,,,11250,38683.0
129215,Eastern Connecticut State University,Willimantic,CT,3,1,31.0,0.0,0.0,0.0,0.0,0.0,0.0,0.0,0.0,0.0,,0.8298,1160.0,3418.0,13928.0,17428.0,24250,56469.0
129242,Fairfield University,Fairfield,CT,3,2,21.0,0.0,0.0,0.0,0.0,0.0,0.0,0.0,0.0,0.0,30.0,0.3329,1335.0,5373.0,58350.0,58350.0,26000,88794.0
129349,Paul Mitchell the School-North Haven,North Haven,CT,1,3,21.0,0.0,0.0,0.0,0.0,0.0,0.0,0.0,0.0,0.0,,,,178.0,,,6333,30900.0
129367,Connecticut State Community College,New Britain,CT,2,1,12.0,0.0,0.0,0.0,0.0,0.0,1.0,0.0,0.0,0.0,,,,33645.0,5338.0,15596.0,9200,41344.0
129482,American Institute-West Hartford,West Hartford,CT,1,3,13.0,0.0,0.0,0.0,0.0,0.0,0.0,0.0,0.0,0.0,,,,402.0,,,11979,28710.0
129491,Hartford International University for Religion and Peace,Hartford,CT,4,2,12.0,0.0,0.0,0.0,0.0,0.0,0.0,0.0,0.0,0.0,,,,,,,PS,
129525,University of Hartford,West Hartford,CT,3,2,12.0,0.0,0.0,0.0,0.0,0.0,0.0,0.0,0.0,0.0,,0.9575,1219.0,4146.0,49075.0,49075.0,27000,60823.0
129534,Holy Apostles College and Seminary,Cromwell,CT,3,2,21.0,0.0,0.0,0.0,0.0,0.0,0.0,0.0,0.0,0.0,30.0,,,216.0,9580.0,9580.0,12541,
129774,Mitchell College,New London,CT,3,2,13.0,0.0,0.0,0.0,0.0,0.0,0.0,0.0,0.0,0.0,,0.9466,,377.0,40490.0,40490.0,25150,39115.0
129923,Lincoln Technical Institute-New Britain,New Britain,CT,1,3,21.0,0.0,0.0,0.0,0.0,0.0,0.0,0.0,0.0,0.0,,,,928.0,,,11250,38683.0
129932,New England Tractor Trailer Training School of Connecticut,Somers,CT,1,3,41.0,0.0,0.0,0.0,0.0,0.0,0.0,0.0,0.0,0.0,,,,289.0,,,6333,44444.0
129941,University of New Haven,West Haven,CT,3,2,21.0,0.0,0.0,0.0,0.0,0.0,0.0,0.0,0.0,0.0,,0.6038,1160.0,4841.0,47332.0,47332.0,27000,60126.0
130174,Porter & Chester Institute,Bridgeport,CT,1,3,12.0,0.0,0.0,0.0,0.0,0.0,0.0,0.0,0.0,0.0,,,,1373.0,14349.0,14349.0,12000,41588.0
130183,Post University,Waterbury,CT,3,3,12.0,0.0,0.0,0.0,0.0,0.0,0.0,0.0,0.0,0.0,,,,13603.0,16327.0,16327.0,30157,38696.0
130226,Quinnipiac University,Hamden,CT,3,2,21.0,0.0,0.0,0.0,0.0,0.0,0.0,0.0,0.0,0.0,,0.7215,1242.0,6531.0,55480.0,55480.0,26000,83759.0
130253,Sacred Heart University,Fairfield,CT,3,2,21.0,0.0,0.0,0.0,0.0,0.0,0.0,0.0,0.0,0.0,30.0,0.6536,,7087.0,50404.0,50404.0,25000,75059.0
130314,University of Saint Joseph,West Hartford,CT,3,2,13.0,0.0,0.0,0.0,0.0,0.0,0.0,0.0,0.0,0.0,30.0,0.7859,950.0,838.0,47278.0,47278.0,27000,59908.0
130493,Southern Connecticut State University,New Haven,CT,3,1,12.0,0.0,0.0,0.0,0.0,0.0,1.0,0.0,0.0,0.0,,0.9147,,6295.0,13438.0,27378.0,22250,55043.0
130590,Trinity College,Hartford,CT,3,2,12.0,0.0,0.0,0.0,0.0,0.0,0.0,0.0,0.0,0.0,,0.2925,1415.0,2146.0,70770.0,70770.0,23000,90779.0
130624,United States Coast Guard Academy,New London,CT,3,1,13.0,0.0,0.0,0.0,0.0,0.0,0.0,0.0,0.0,0.0,,0.2244,1339.0,1108.0,,,,
130697,Wesleyan University,Middletown,CT,3,2,13.0,0.0,0.0,0.0,0.0,0.0,0.0,0.0,0.0,0.0,,0.1649,1501.0,3067.0,70342.0,70342.0,17000,73897.0
130776,Western Connecticut State University,Danbury,CT,3,1,13.0,0.0,0.0,0.0,0.0,0.0,1.0,0.0,0.0,0.0,,0.8701,1110.0,3511.0,13401.0,16901.0,24147,59115.0
130794,Yale University,New Haven,CT,3,2,12.0,0.0,0.0,0.0,0.0,0.0,0.0,0.0,0.0,0.0,,0.0387,1534.0,6758.0,67250.0,67250.0,12975,100533.0
130837,Margaret H Rollins School of Nursing at Beebe Medical Center,Lewes,DE,1,2,32.0,0.0,0.0,0.0,0.0,0.0,0.0,0.0,0.0,0.0,,,,51.0,,,12000,72380.0
130873,Dawn Career Institute LLC,Newark,DE,1,3,21.0,0.0,0.0,0.0,0.0,0.0,0.0,0.0,0.0,0.0,,,,355.0,,,9500,30429.0
130907,Delaware Technical Community College-Terry,Dover,DE,2,1,13.0,0.0,0.0,0.0,0.0,0.0,0.0,0.0,0.0,0.0,,,,10867.0,5445.0,12308.0,10500,41448.0
130934,Delaware State University,Dover,DE,3,1,13.0,1.0,0.0,0.0,0.0,0.0,0.0,0.0,0.0,0.0,,0.4658,940.0,4398.0,10670.0,20634.0,26000,49307.0
130943,University of Delaware,Newark,DE,3,1,21.0,0.0,0.0,0.0,0.0,0.0,0.0,0.0,0.0,0.0,,0.706,1292.0,19071.0,16810.0,41400.0,24572,72950.0
130989,Goldey-Beacom College,Wilmington,DE,3,2,21.0,0.0,0.0,0.0,0.0,0.0,0.0,0.0,0.0,0.0,,0.8451,,691.0,14940.0,14940.0,18900,59892.0
131061,Schilling-Douglas School of Hair Design,Newark,DE,1,3,21.0,0.0,0.0,0.0,0.0,0.0,0.0,0.0,0.0,0.0,,,,152.0,,,9833,27420.0
131113,Wilmington University,New Castle,DE,3,2,21.0,0.0,0.0,0.0,0.0,0.0,0.0,0.0,0.0,0.0,,,,7906.0,12630.0,12630.0,20000,53844.0
131159,American University,Washington,DC,3,2,11.0,0.0,0.0,0.0,0.0,0.0,0.0,0.0,0.0,0.0,71.0,0.6196,1381.0,7266.0,58771.0,58771.0,22750,77370.0
131283,The Catholic University of America,Washington,DC,3,2,11.0,0.0,0.0,0.0,0.0,0.0,0.0,0.0,0.0,0.0,30.0,0.8278,,3154.0,58378.0,58378.0,26000,73250.0
131399,University of the District of Columbia,Washington,DC,2,1,11.0,1.0,0.0,0.0,0.0,0.0,0.0,0.0,0.0,0.0,,,,3351.0,5662.0,12514.0,24872,44236.0
131405,Pontifical Faculty of the Immaculate Conception at the Dominican House of Studies,Washington,DC,4,2,11.0,0.0,0.0,0.0,0.0,0.0,0.0,0.0,0.0,0.0,30.0,,,,,,,
131450,Gallaudet University,Washington,DC,3,2,11.0,0.0,0.0,0.0,0.0,0.0,0.0,0.0,0.0,0.0,,0.5806,868.0,812.0,19654.0,19654.0,18000,43101.0
131469,George Washington University,Washington,DC,3,2,11.0,0.0,0.0,0.0,0.0,0.0,0.0,0.0,0.0,0.0,,0.4709,1433.0,11182.0,67710.0,67710.0,20449,90873.0
131496,Georgetown University,Washington,DC,3,2,11.0,0.0,0.0,0.0,0.0,0.0,0.0,0.0,0.0,0.0,30.0,0.1291,1487.0,7569.0,68017.0,68017.0,15500,103494.0
131520,Howard University,Washington,DC,3,2,11.0,1.0,0.0,0.0,0.0,0.0,0.0,0.0,0.0,0.0,,0.4134,1213.0,10108.0,35810.0,35810.0,24500,63066.0
131803,Strayer University-District of Columbia,Washington,DC,3,3,11.0,0.0,0.0,0.0,0.0,0.0,0.0,0.0,0.0,0.0,,,,156.0,13920.0,13920.0,40621,40092.0
131830,National Conservatory of Dramatic Arts,Washington,DC,1,2,11.0,0.0,0.0,0.0,0.0,0.0,0.0,0.0,0.0,0.0,,1.0,,16.0,11600.0,11600.0,PS,
131876,Trinity Washington University,Washington,DC,3,2,11.0,0.0,1.0,0.0,0.0,0.0,1.0,0.0,0.0,1.0,30.0,0.9952,,1414.0,26610.0,26610.0,28250,53804.0
131973,Wesley Theological Seminary,Washington,DC,4,2,11.0,0.0,0.0,0.0,0.0,0.0,0.0,0.0,0.0,0.0,71.0,,,,,,PS,
132374,Atlantic Technical College,Coconut Creek,FL,1,1,21.0,0.0,0.0,0.0,0.0,0.0,0.0,0.0,0.0,0.0,,,,3000.0,,,PS,38560.0
132408,Baptist University of Florida,Graceville,FL,3,2,42.0,0.0,0.0,0.0,0.0,0.0,0.0,0.0,0.0,0.0,75.0,0.3599,,360.0,15000.0,15000.0,23590,42836.0
132471,Barry University,Miami,FL,3,2,21.0,0.0,0.0,0.0,0.0,0.0,1.0,0.0,0.0,0.0,30.0,0.7724,,2212.0,34350.0,34350.0,26997,55966.0
132602,Bethune-Cookman University,Daytona Beach,FL,3,2,13.0,1.0,0.0,0.0,0.0,0.0,0.0,0.0,0.0,0.0,71.0,0.8824,880.0,2732.0,14794.0,14794.0,31000,38518.0
132657,Lynn University,Boca Raton,FL,3,2,13.0,0.0,0.0,0.0,0.0,0.0,0.0,0.0,0.0,0.0,,0.7347,1134.0,2859.0,44480.0,44480.0,17940,49006.0
132675,North Florida Technical College,Starke,FL,1,1,32.0,0.0,0.0,0.0,0.0,0.0,0.0,0.0,0.0,0.0,,,,84.0,,,PS,31683.0
132693,Eastern Florida State College,Melbourne,FL,2,1,13.0,0.0,0.0,0.0,0.0,0.0,0.0,0.0,0.0,0.0,,,,10490.0,2496.0,9739.0,12250,37195.0
132709,Broward College,Fort Lauderdale,FL,2,1,12.0,0.0,0.0,0.0,0.0,0.0,1.0,0.0,0.0,0.0,,,,24922.0,2830.0,8952.0,7500,41939.0
132842,Albizu University-Miami,Miami,FL,3,2,13.0,0.0,0.0,0.0,0.0,0.0,1.0,0.0,0.0,0.0,,0.7571,,287.0,13818.0,13818.0,5500,41544.0
132851,College of Central Florida,Ocala,FL,1,1,13.0,0.0,0.0,0.0,0.0,0.0,0.0,0.0,0.0,0.0,,,,5033.0,2710.0,10517.0,13000,38203.0
132903,University of Central Florida,Orlando,FL,3,1,21.0,0.0,0.0,0.0,0.0,0.0,1.0,0.0,0.0,0.0,,0.4011,1269.0,59146.0,6368.0,22467.0,18190,58308.0
132976,Charlotte Technical College,Port Charlotte,FL,1,1,22.0,0.0,0.0,0.0,0.0,0.0,0.0,0.0,0.0,0.0,,,,298.0,3110.0,12110.0,PS,36349.0
133021,Chipola College,Marianna,FL,1,1,32.0,0.0,0.0,0.0,0.0,0.0,0.0,0.0,0.0,0.0,,,,1312.0,3120.0,8950.0,PS,37378.0
133155,Lorenzo Walker Technical College,Naples,FL,1,1,21.0,0.0,0.0,0.0,0.0,0.0,0.0,0.0,0.0,0.0,,,,875.0,,,PS,36853.0
133386,Daytona State College,Daytona Beach,FL,2,1,13.0,0.0,0.0,0.0,0.0,0.0,1.0,0.0,0.0,0.0,,,,10176.0,3106.0,11994.0,8250,37096.0
133465,South University-West Palm Beach,Royal Palm Beach,FL,3,3,21.0,0.0,0.0,0.0,0.0,0.0,0.0,0.0,0.0,0.0,,,,251.0,18145.0,18145.0,26123,34421.0
133492,Eckerd College,Saint Petersburg,FL,3,2,11.0,0.0,0.0,0.0,0.0,0.0,0.0,0.0,0.0,0.0,66.0,0.758,1250.0,1888.0,51884.0,51884.0,27000,51819.0
133508,Florida SouthWestern State College,Fort Myers,FL,2,1,21.0,0.0,0.0,0.0,0.0,0.0,1.0,0.0,0.0,0.0,,,,11052.0,3401.0,12979.0,8000,43421.0
133526,Edward Waters University,Jacksonville,FL,3,2,11.0,1.0,0.0,0.0,0.0,0.0,0.0,0.0,0.0,0.0,51.0,0.8495,,1087.0,16366.0,16366.0,PS,34782.0
133553,Embry-Riddle Aeronautical University-Daytona Beach,Daytona Beach,FL,3,2,13.0,0.0,0.0,0.0,0.0,0.0,0.0,0.0,0.0,0.0,,0.6481,1257.0,7860.0,44249.0,44249.0,23666,84131.0
133650,Florida Agricultural and Mechanical University,Tallahassee,FL,3,1,12.0,1.0,0.0,0.0,0.0,0.0,0.0,0.0,0.0,0.0,,0.2056,1107.0,7582.0,5785.0,17725.0,23548,44349.0
133669,Florida Atlantic University,Boca Raton,FL,3,1,13.0,0.0,0.0,0.0,0.0,0.0,1.0,0.0,0.0,0.0,,0.6613,1127.0,23757.0,4879.0,17324.0,17236,56746.0
133702,Florida State College at Jacksonville,Jacksonville,FL,2,1,11.0,0.0,0.0,0.0,0.0,0.0,0.0,0.0,0.0,0.0,,,,19648.0,2878.0,9992.0,13562,42244.0
133711,Flagler College,Saint Augustine,FL,3,2,23.0,0.0,0.0,0.0,0.0,0.0,0.0,0.0,0.0,0.0,,0.8076,1084.0,2391.0,29900.0,29900.0,24250,49483.0
133809,Florida College,Temple Terrace,FL,3,2,21.0,0.0,0.0,0.0,0.0,0.0,0.0,0.0,0.0,0.0,108.0,0.6966,1108.0,588.0,20360.0,20360.0,12000,43445.0
133845,Concorde Career Institute-Jacksonville,Jacksonville,FL,1,3,11.0,0.0,0.0,0.0,0.0,0.0,0.0,0.0,0.0,0.0,,0.9404,,225.0,,,9500,34098.0
133854,Concorde Career Institute-Miramar,Miramar,FL,1,3,21.0,0.0,0.0,0.0,0.0,0.0,0.0,0.0,0.0,0.0,,0.9959,,108.0,,,9933,35442.0
133863,Concorde Career Institute-Tampa,Tampa,FL,1,3,11.0,0.0,0.0,0.0,0.0,0.0,0.0,0.0,0.0,0.0,,0.957,,158.0,,,9500,36288.0
133872,AdventHealth University,Orlando,FL,3,2,11.0,0.0,0.0,0.0,0.0,0.0,1.0,0.0,0.0,0.0,95.0,,,1361.0,21420.0,21420.0,24590,72282.0
133881,Florida Institute of Technology,Melbourne,FL,3,2,13.0,0.0,0.0,0.0,0.0,0.0,0.0,0.0,0.0,0.0,,0.577,1225.0,3404.0,45900.0,45900.0,27000,43137.0
133951,Florida International University,Miami,FL,3,1,21.0,0.0,0.0,0.0,0.0,0.0,1.0,0.0,0.0,0.0,,0.5466,1163.0,39508.0,6565.0,18964.0,16500,60249.0
133960,The College of the Florida Keys,Key West,FL,2,1,33.0,0.0,0.0,0.0,0.0,0.0,1.0,0.0,0.0,0.0,,,,1012.0,3276.0,13162.0,9500,42508.0
133979,Florida Memorial University,Miami Gardens,FL,3,2,21.0,1.0,0.0,0.0,0.0,0.0,0.0,0.0,0.0,0.0,54.0,0.8526,,1183.0,20174.0,20174.0,30063,36624.0
134024,Florida School of Massage,Gainesville,FL,1,3,41.0,0.0,0.0,0.0,0.0,0.0,0.0,0.0,0.0,0.0,,,,25.0,,,7073,26752.0
134079,Florida Southern College,Lakeland,FL,3,2,12.0,0.0,0.0,0.0,0.0,0.0,0.0,0.0,0.0,0.0,71.0,0.6442,1252.0,2656.0,44040.0,44040.0,25000,55294.0
134097,Florida State University,Tallahassee,FL,3,1,12.0,0.0,0.0,0.0,0.0,0.0,0.0,0.0,0.0,0.0,,0.2422,1361.0,32212.0,5656.0,18786.0,18000,61675.0
134130,University of Florida,Gainesville,FL,3,1,12.0,0.0,0.0,0.0,0.0,0.0,0.0,0.0,0.0,0.0,,0.242,1403.0,35629.0,6381.0,28659.0,15000,71588.0
134228,Fort Pierce Beauty Academy,Fort Pierce,FL,1,3,21.0,0.0,0.0,0.0,0.0,0.0,0.0,0.0,0.0,0.0,,,,28.0,,,7917,23091.0
134237,Full Sail University,Winter Park,FL,3,3,21.0,0.0,0.0,0.0,0.0,0.0,0.0,0.0,0.0,0.0,,,,25777.0,26906.0,26906.0,27000,38219.0
134291,George Stone Technical College,Pensacola,FL,1,1,21.0,0.0,0.0,0.0,0.0,0.0,0.0,0.0,0.0,0.0,,,,561.0,,,PS,35234.0
134307,George T Baker Aviation Technical College,Miami,FL,1,1,21.0,0.0,0.0,0.0,0.0,0.0,0.0,0.0,0.0,0.0,,,,1040.0,,,PS,52312.0
134343,Gulf Coast State College,Panama City,FL,2,1,13.0,0.0,0.0,0.0,0.0,0.0,0.0,0.0,0.0,0.0,,,,3934.0,2370.0,8635.0,7147,38359.0
134495,Hillsborough College,Tampa,FL,1,1,11.0,0.0,0.0,0.0,0.0,0.0,1.0,0.0,0.0,0.0,,,,21472.0,2506.0,9111.0,9762,40782.0
134510,Hobe Sound Bible College,Hobe Sound,FL,3,2,21.0,0.0,0.0,0.0,0.0,0.0,0.0,0.0,0.0,0.0,99.0,,,112.0,9068.0,9068.0,PS,39863.0
134529,Hollywood Institute of Beauty Careers,Hollywood,FL,1,3,21.0,0.0,0.0,0.0,0.0,0.0,0.0,0.0,0.0,0.0,,,,218.0,,,6199,21386.0
134574,Cortiva Institute,St. Petersburg,FL,1,3,11.0,0.0,0.0,0.0,0.0,0.0,0.0,0.0,0.0,0.0,,,,95.0,,,7521,29204.0
134608,Indian River State College,Fort Pierce,FL,2,1,21.0,0.0,0.0,0.0,0.0,0.0,1.0,0.0,0.0,0.0,,,,11822.0,2764.0,10201.0,8023,38315.0
134714,International Academy,South Daytona,FL,1,3,21.0,0.0,0.0,0.0,0.0,0.0,0.0,0.0,0.0,0.0,,,,186.0,,,7917,19824.0
134945,Jacksonville University,Jacksonville,FL,3,2,11.0,0.0,0.0,0.0,0.0,0.0,0.0,0.0,0.0,0.0,,0.5694,1205.0,2930.0,47830.0,47830.0,22000,68010.0
135081,Keiser University-Ft Lauderdale,Fort Lauderdale,FL,2,2,12.0,0.0,0.0,0.0,0.0,0.0,1.0,0.0,0.0,0.0,,0.9697,,17678.0,25056.0,25056.0,26125,39696.0
135142,La Belle Beauty School,Hialeah,FL,1,3,21.0,0.0,0.0,0.0,0.0,0.0,0.0,0.0,0.0,0.0,,,,63.0,,,7807,16879.0
135160,Florida Gateway College,Lake City,FL,1,1,32.0,0.0,0.0,0.0,0.0,0.0,0.0,0.0,0.0,0.0,,,,2301.0,3100.0,11747.0,6992,37894.0
135179,Lake Technical College,Eustis,FL,1,1,22.0,0.0,0.0,0.0,0.0,0.0,0.0,0.0,0.0,0.0,,,,799.0,,,PS,32793.0
135188,Lake-Sumter State College,Leesburg,FL,2,1,22.0,0.0,0.0,0.0,0.0,0.0,1.0,0.0,0.0,0.0,,,,4177.0,3292.0,13276.0,6750,39876.0
135267,Fort Myers Technical College,Fort Myers,FL,1,1,13.0,0.0,0.0,0.0,0.0,0.0,0.0,0.0,0.0,0.0,,,,737.0,,,PS,40082.0
135276,Lively Technical College,Tallahassee,FL,1,1,12.0,0.0,0.0,0.0,0.0,0.0,0.0,0.0,0.0,0.0,,,,762.0,,,PS,30413.0
135294,Lindsey Hopkins Technical College,Miami,FL,1,1,11.0,0.0,0.0,0.0,0.0,0.0,0.0,0.0,0.0,0.0,,,,393.0,,,PS,34107.0
135337,Loraines Academy & Spa,Saint Petersburg,FL,1,3,11.0,0.0,0.0,0.0,0.0,0.0,0.0,0.0,0.0,0.0,,,,30.0,,,6333,18342.0
135364,Luther Rice College & Seminary,Lithonia,GA,3,2,21.0,0.0,0.0,0.0,0.0,0.0,0.0,0.0,0.0,0.0,54.0,0.9167,,165.0,11320.0,11320.0,34153,47003.0
135391,State College of Florida-Manatee-Sarasota,Bradenton,FL,2,1,21.0,0.0,0.0,0.0,0.0,0.0,1.0,0.0,0.0,0.0,,,,7379.0,3074.0,11595.0,9000,40318.0
135407,Manatee Technical College,Bradenton,FL,1,1,21.0,0.0,0.0,0.0,0.0,0.0,0.0,0.0,0.0,0.0,,,,1486.0,,,PS,38129.0
135522,Traviss Technical College,Lakeland,FL,1,1,41.0,0.0,0.0,0.0,0.0,0.0,0.0,0.0,0.0,0.0,,,,460.0,,,PS,39813.0
135559,Merryfield Academy,Oakland Park,FL,1,3,21.0,0.0,0.0,0.0,0.0,0.0,0.0,0.0,0.0,0.0,,,,70.0,,,6333,
135647,Miami Lakes Educational Center and Technical College,Miami Lakes,FL,1,1,21.0,0.0,0.0,0.0,0.0,0.0,0.0,0.0,0.0,0.0,,,,665.0,,,PS,35014.0
135717,Miami Dade College,Miami,FL,1,1,11.0,0.0,0.0,0.0,0.0,0.0,1.0,0.0,0.0,0.0,,,,46182.0,2838.0,9661.0,9252,40654.0
135726,University of Miami,Coral Gables,FL,3,2,21.0,0.0,0.0,0.0,0.0,0.0,0.0,0.0,0.0,0.0,,0.189,1415.0,12913.0,62616.0,62616.0,17500,75328.0
135735,Orange Technical College-South Campus,Orlando,FL,1,1,21.0,0.0,0.0,0.0,0.0,0.0,0.0,0.0,0.0,0.0,,,,1124.0,,,PS,33350.0
136109,Paul Mitchell the School-Jacksonville,Jacksonville,FL,1,3,11.0,0.0,0.0,0.0,0.0,0.0,0.0,0.0,0.0,0.0,,,,118.0,,,13000,34949.0
136145,North Florida College,Madison,FL,2,1,42.0,0.0,0.0,0.0,0.0,0.0,0.0,0.0,0.0,0.0,,,,793.0,3054.0,11400.0,PS,33929.0
136172,University of North Florida,Jacksonville,FL,3,1,11.0,0.0,0.0,0.0,0.0,0.0,0.0,0.0,0.0,0.0,,0.5324,1153.0,13359.0,6389.0,20793.0,15531,56343.0
136215,Nova Southeastern University,Fort Lauderdale,FL,3,2,21.0,0.0,0.0,0.0,0.0,1.0,1.0,0.0,0.0,0.0,,0.7321,1157.0,7240.0,38700.0,38700.0,24250,59209.0
136233,Northwest Florida State College,Niceville,FL,2,1,22.0,0.0,0.0,0.0,0.0,0.0,0.0,0.0,0.0,0.0,,,,3010.0,2583.0,10612.0,7932,39664.0
136303,Orange Technical College,Orlando,FL,1,1,11.0,0.0,0.0,0.0,0.0,0.0,0.0,0.0,0.0,0.0,,,,166.0,,,PS,36650.0
136330,Palm Beach Atlantic University,West Palm Beach,FL,3,2,12.0,0.0,0.0,0.0,0.0,0.0,0.0,0.0,0.0,0.0,42.0,0.8199,1075.0,2603.0,40650.0,40650.0,22500,49232.0
136358,Palm Beach State College,Lake Worth,FL,2,1,21.0,0.0,0.0,0.0,0.0,0.0,1.0,0.0,0.0,0.0,,,,21956.0,3050.0,10910.0,7081,41923.0
136400,Pasco-Hernando State College,New Port Richey,FL,2,1,21.0,0.0,0.0,0.0,0.0,0.0,1.0,0.0,0.0,0.0,,,,6900.0,3155.0,12032.0,9535,39903.0
136455,PENSACOLA CHRISTIAN COLLEGE,Pensacola,FL,3,2,2.0,0.0,0.0,0.0,0.0,0.0,0.0,0.0,0.0,0.0,54.0,,,,,,,
136473,Pensacola State College,Pensacola,FL,2,1,13.0,0.0,0.0,0.0,0.0,0.0,0.0,0.0,0.0,0.0,,,,7538.0,2361.0,9460.0,7500,36739.0
136491,Pinellas Technical College-Clearwater,Clearwater,FL,1,1,13.0,0.0,0.0,0.0,0.0,0.0,0.0,0.0,0.0,0.0,,,,732.0,,,PS,34627.0
136516,Polk State College,Winter Haven,FL,2,1,13.0,0.0,0.0,0.0,0.0,0.0,1.0,0.0,0.0,0.0,,,,7180.0,2694.0,9817.0,10076,40624.0
136659,Radford M Locklin Technical College,Milton,FL,1,1,41.0,0.0,0.0,0.0,0.0,0.0,0.0,0.0,0.0,0.0,,,,233.0,,,PS,35997.0
136701,Saint Vincent de Paul Regional Seminary,Boynton Beach,FL,4,2,21.0,0.0,0.0,0.0,0.0,0.0,0.0,0.0,0.0,0.0,30.0,,,,,,,
136765,Ridge Technical College,Winter Haven,FL,1,1,13.0,0.0,0.0,0.0,0.0,0.0,0.0,0.0,0.0,0.0,,,,407.0,3930.0,10530.0,PS,33484.0
136774,Ringling College of Art and Design,Sarasota,FL,3,2,13.0,0.0,0.0,0.0,0.0,0.0,0.0,0.0,0.0,0.0,,0.6965,,1662.0,57900.0,57900.0,27000,43325.0
136826,Robert Morgan Educational Center and Technical College,Miami,FL,1,1,21.0,0.0,0.0,0.0,0.0,0.0,0.0,0.0,0.0,0.0,,,,1045.0,,,PS,37543.0
136950,Rollins College,Winter Park,FL,3,2,21.0,0.0,0.0,0.0,0.0,0.0,0.0,0.0,0.0,0.0,,0.4754,1271.0,2631.0,60580.0,60580.0,25500,58295.0
137023,First Coast Technical College,Saint Augustine,FL,1,1,23.0,0.0,0.0,0.0,0.0,0.0,0.0,0.0,0.0,0.0,,,,727.0,,,PS,33784.0
137032,Saint Leo University,Saint Leo,FL,3,2,31.0,0.0,0.0,0.0,0.0,0.0,0.0,0.0,0.0,0.0,30.0,0.784,,6721.0,30000.0,30000.0,25278,48364.0
137078,St Petersburg College,St. Petersburg,FL,2,1,11.0,0.0,0.0,0.0,0.0,0.0,0.0,0.0,0.0,0.0,,,,18950.0,2682.0,9286.0,16868,42557.0
137087,Pinellas Technical College-St. Petersburg,Saint Petersburg,FL,1,1,11.0,0.0,0.0,0.0,0.0,0.0,0.0,0.0,0.0,0.0,,,,810.0,,,PS,36188.0
137096,Santa Fe College,Gainesville,FL,2,1,22.0,0.0,0.0,0.0,0.0,0.0,1.0,0.0,0.0,0.0,,,,11122.0,2563.0,9189.0,11310,41631.0
137120,Suncoast Technical College,Sarasota,FL,1,1,21.0,0.0,0.0,0.0,0.0,0.0,0.0,0.0,0.0,0.0,,,,1116.0,,,PS,40621.0
137209,Seminole State College of Florida,Sanford,FL,1,1,13.0,0.0,0.0,0.0,0.0,0.0,0.0,0.0,0.0,0.0,,,,12864.0,3122.0,11447.0,11047,41733.0
137245,Sheridan Technical College,Hollywood,FL,1,1,21.0,0.0,0.0,0.0,0.0,0.0,0.0,0.0,0.0,0.0,,,,1352.0,,,PS,33166.0
137272,St. John Vianney College Seminary,Miami,FL,3,2,21.0,0.0,0.0,0.0,0.0,0.0,0.0,0.0,1.0,0.0,30.0,0.9286,,77.0,25500.0,25500.0,PS,
137281,Saint Johns River State College,Palatka,FL,2,1,32.0,0.0,0.0,0.0,0.0,0.0,0.0,0.0,0.0,0.0,,,,4403.0,2591.0,9335.0,12000,41728.0
137315,South Florida State College,Avon Park,FL,2,1,23.0,0.0,0.0,0.0,0.0,0.0,1.0,0.0,0.0,0.0,,,,2045.0,3165.0,11859.0,7368,39990.0
137351,University of South Florida,Tampa,FL,3,1,11.0,0.0,0.0,0.0,0.0,0.0,0.0,0.0,0.0,0.0,,0.4319,1227.0,37207.0,6410.0,17324.0,17988,57743.0
137476,St. Thomas University,Miami Gardens,FL,3,2,21.0,0.0,0.0,0.0,0.0,0.0,1.0,0.0,0.0,0.0,30.0,0.9791,,2214.0,34770.0,34770.0,19125,54272.0
137546,Stetson University,DeLand,FL,3,2,13.0,0.0,0.0,0.0,0.0,0.0,0.0,0.0,0.0,0.0,,0.716,1176.0,2297.0,57410.0,57410.0,23250,51642.0
137564,Southeastern University,Lakeland,FL,3,2,12.0,0.0,0.0,0.0,0.0,0.0,1.0,0.0,0.0,0.0,27.0,0.5298,,4813.0,32950.0,32950.0,21500,46744.0
137591,Bene's Career Academy,New Port Richey,FL,1,3,21.0,0.0,0.0,0.0,0.0,0.0,0.0,0.0,0.0,0.0,,,,321.0,,,6333,19359.0
137713,Riveroak Technical College,Live Oak,FL,1,1,33.0,0.0,0.0,0.0,0.0,0.0,0.0,0.0,0.0,0.0,,,,250.0,,,PS,31778.0
137759,Tallahassee State College,Tallahassee,FL,2,1,12.0,0.0,0.0,0.0,0.0,0.0,1.0,0.0,0.0,0.0,,,,11053.0,2026.0,8062.0,7668,37561.0
137777,Talmudic College of Florida,Miami Beach,FL,3,2,13.0,0.0,0.0,0.0,0.0,0.0,0.0,0.0,1.0,0.0,80.0,,,27.0,16750.0,16750.0,PS,
137847,The University of Tampa,Tampa,FL,3,2,11.0,0.0,0.0,0.0,0.0,0.0,0.0,0.0,0.0,0.0,,0.4034,,10572.0,34408.0,34408.0,24211,59436.0
137856,Big Bend Technical College,Perry,FL,1,1,41.0,0.0,0.0,0.0,0.0,0.0,0.0,0.0,0.0,0.0,,,,130.0,,,PS,27609.0
137865,Tom P. Haney Technical College,Panama City,FL,1,1,22.0,0.0,0.0,0.0,0.0,0.0,0.0,0.0,0.0,0.0,,,,453.0,,,PS,28254.0
137953,Trinity College of Jacksonville,Jacksonville,FL,3,2,11.0,0.0,0.0,0.0,0.0,0.0,0.0,0.0,0.0,0.0,54.0,0.5328,907.0,386.0,15100.0,15100.0,24250,37275.0
137962,Trinity College of Florida,Trinity,FL,3,2,21.0,0.0,0.0,0.0,0.0,0.0,0.0,0.0,0.0,0.0,42.0,0.9189,,148.0,16300.0,16300.0,23250,32465.0
138187,Valencia College,Orlando,FL,1,1,11.0,0.0,0.0,0.0,0.0,0.0,1.0,0.0,0.0,0.0,,,,39486.0,2664.0,9576.0,9300,40594.0
138275,Warner University,Lake Wales,FL,3,2,41.0,0.0,0.0,0.0,0.0,0.0,0.0,0.0,0.0,0.0,57.0,0.4281,932.0,756.0,29992.0,29992.0,22250,46086.0
138284,Florida Panhandle Technical College,Chipley,FL,1,1,43.0,0.0,0.0,0.0,0.0,0.0,0.0,0.0,0.0,0.0,,,,157.0,,,PS,32320.0
138293,Webber International University,Babson Park,FL,3,2,41.0,0.0,0.0,0.0,0.0,0.0,0.0,0.0,0.0,0.0,,0.694,,813.0,33770.0,33770.0,25250,45606.0
138309,Rasmussen University-Florida,Ocala,FL,2,3,13.0,0.0,0.0,0.0,0.0,0.0,0.0,0.0,0.0,0.0,,,,3121.0,15314.0,15314.0,20899,39080.0
138354,University of West Florida,Pensacola,FL,3,1,41.0,0.0,0.0,0.0,0.0,0.0,0.0,0.0,0.0,0.0,,0.5824,1138.0,9330.0,6360.0,19241.0,16624,49137.0
138372,Orange Technical College-West Campus,Ocoee,FL,1,1,21.0,0.0,0.0,0.0,0.0,0.0,0.0,0.0,0.0,0.0,,,,677.0,,,PS,25145.0
138479,William T McFatter Technical College,Davie,FL,1,1,21.0,0.0,0.0,0.0,0.0,0.0,0.0,0.0,0.0,0.0,,,,697.0,,,PS,41656.0
138488,Orange Technical College-East Campus,Orlando,FL,1,1,21.0,0.0,0.0,0.0,0.0,0.0,0.0,0.0,0.0,0.0,,,,334.0,,,PS,31858.0
138497,Withlacoochee Technical College,Inverness,FL,1,1,23.0,0.0,0.0,0.0,0.0,0.0,0.0,0.0,0.0,0.0,,,,278.0,,,PS,34279.0
138558,Abraham Baldwin Agricultural College,Tifton,GA,3,1,32.0,0.0,0.0,0.0,0.0,0.0,0.0,0.0,0.0,0.0,,0.7572,990.0,3208.0,3268.0,10588.0,16750,34996.0
138600,Agnes Scott College,Decatur,GA,3,2,21.0,0.0,0.0,0.0,0.0,0.0,0.0,0.0,0.0,1.0,66.0,0.6215,1260.0,836.0,50604.0,50604.0,26749,56274.0
138655,Interactive College of Technology-Chamblee,Chamblee,GA,1,3,21.0,0.0,0.0,0.0,0.0,0.0,0.0,0.0,0.0,0.0,,,,521.0,11330.0,11330.0,10555,27065.0
138664,Interactive College of Technology-Morrow,Morrow,GA,2,3,21.0,0.0,0.0,0.0,0.0,0.0,0.0,0.0,0.0,0.0,,,,117.0,11210.0,11210.0,10555,27065.0
138682,Albany Technical College,Albany,GA,1,1,13.0,0.0,1.0,0.0,0.0,0.0,0.0,0.0,0.0,0.0,,,,2029.0,3364.0,5932.0,12412,30541.0
138716,Albany State University,Albany,GA,3,1,13.0,1.0,0.0,0.0,0.0,0.0,0.0,0.0,0.0,0.0,,,,5956.0,5656.0,17008.0,25024,40674.0
138761,Andrew College,Cuthbert,GA,2,2,43.0,0.0,0.0,0.0,0.0,0.0,0.0,0.0,0.0,0.0,71.0,0.4573,,473.0,19604.0,19604.0,12533,38475.0
138822,Georgia Career Institute,Conyers,GA,1,3,21.0,0.0,0.0,0.0,0.0,0.0,0.0,0.0,0.0,0.0,,,,515.0,,,7735,23686.0
138840,Atlanta Technical College,Atlanta,GA,1,1,11.0,0.0,1.0,0.0,0.0,0.0,0.0,0.0,0.0,0.0,,,,3875.0,3382.0,5950.0,9500,30350.0
138868,Point University,West Point,GA,3,2,32.0,0.0,0.0,0.0,0.0,0.0,0.0,0.0,0.0,0.0,48.0,0.4426,,1996.0,24000.0,24000.0,25250,38740.0
138901,Atlanta Metropolitan State College,Atlanta,GA,2,1,11.0,0.0,1.0,0.0,0.0,0.0,0.0,0.0,0.0,0.0,,,,1228.0,3248.0,10400.0,14123,33252.0
138929,Atlanta's John Marshall Law School,Atlanta,GA,4,2,11.0,0.0,0.0,0.0,0.0,0.0,0.0,0.0,0.0,0.0,,,,,,,PS,
138947,Clark Atlanta University,Atlanta,GA,3,2,11.0,1.0,0.0,0.0,0.0,0.0,0.0,0.0,0.0,0.0,71.0,0.6422,,3603.0,28310.0,28310.0,27000,42712.0
138956,Augusta Technical College,Augusta,GA,1,1,12.0,0.0,1.0,0.0,0.0,0.0,0.0,0.0,0.0,0.0,,,,3923.0,4282.0,7492.0,4500,33523.0
139144,Berry College,Mount Berry,GA,3,2,23.0,0.0,0.0,0.0,0.0,0.0,0.0,0.0,0.0,0.0,,0.64,1220.0,2245.0,41686.0,41686.0,23250,53800.0
139153,Beulah Heights University,Atlanta,GA,3,2,11.0,0.0,0.0,0.0,0.0,1.0,0.0,0.0,0.0,0.0,42.0,,,138.0,8492.0,8492.0,PS,35236.0
139199,Brenau University,Gainesville,GA,3,2,13.0,0.0,0.0,0.0,0.0,0.0,0.0,0.0,0.0,1.0,,0.8778,1079.0,1029.0,34027.0,34027.0,27000,54003.0
139205,Brewton-Parker Christian University,Mount Vernon,GA,2,2,42.0,0.0,0.0,0.0,0.0,0.0,0.0,0.0,0.0,0.0,54.0,0.9649,,774.0,20120.0,20120.0,24990,42009.0
139250,College of Coastal Georgia,Brunswick,GA,2,1,13.0,0.0,0.0,0.0,0.0,0.0,0.0,0.0,0.0,0.0,,0.9813,1000.0,2979.0,3616.0,10936.0,15039,39318.0
139278,West Georgia Technical College,Waco,GA,1,1,41.0,0.0,0.0,0.0,0.0,0.0,0.0,0.0,0.0,0.0,,,,5163.0,3410.0,5978.0,11110,35479.0
139311,Clayton  State University,Morrow,GA,3,1,21.0,0.0,1.0,0.0,0.0,0.0,0.0,0.0,0.0,0.0,,0.6845,958.0,4348.0,5180.0,16532.0,25706,49179.0
139348,Columbia Theological Seminary,Decatur,GA,4,2,21.0,0.0,0.0,0.0,0.0,0.0,0.0,0.0,0.0,0.0,66.0,,,,,,PS,
139357,Columbus Technical College,Columbus,GA,1,1,12.0,0.0,1.0,0.0,0.0,0.0,0.0,0.0,0.0,0.0,,,,2719.0,4052.0,7262.0,8756,34238.0
139366,Columbus State University,Columbus,GA,3,1,12.0,0.0,0.0,0.0,0.0,0.0,0.0,0.0,0.0,0.0,,0.9912,977.0,5625.0,5898.0,17610.0,26000,44544.0
139384,Georgia Northwestern Technical College,Rome,GA,1,1,13.0,0.0,0.0,0.0,0.0,0.0,0.0,0.0,0.0,0.0,,,,4244.0,3300.0,5868.0,6421,35759.0
139393,Covenant College,Lookout Mountain,GA,3,2,21.0,0.0,0.0,0.0,0.0,0.0,0.0,0.0,0.0,0.0,97.0,0.8651,1294.0,939.0,42040.0,42040.0,22500,50412.0
139463,Dalton State College,Dalton,GA,3,1,13.0,0.0,0.0,0.0,0.0,0.0,1.0,0.0,0.0,0.0,,,,4553.0,3336.0,10656.0,12937,40251.0
139506,Pro Way Hair School,Stone Mountain,GA,1,3,21.0,0.0,0.0,0.0,0.0,0.0,0.0,0.0,0.0,0.0,,,,67.0,,,12500,21586.0
139579,South University-Savannah,Savannah,GA,3,3,12.0,0.0,0.0,0.0,0.0,0.0,0.0,0.0,0.0,0.0,,,,270.0,18145.0,18145.0,26123,34421.0
139621,East Georgia State College,Swainsboro,GA,2,1,33.0,0.0,1.0,0.0,0.0,0.0,0.0,0.0,0.0,0.0,,,,1413.0,2900.0,9860.0,11750,37174.0
139630,Emmanuel University,Franklin Springs,GA,3,2,42.0,0.0,0.0,0.0,0.0,0.0,0.0,0.0,0.0,0.0,47.0,0.74,,775.0,25500.0,25500.0,24325,38208.0
139658,Emory University,Atlanta,GA,3,2,11.0,0.0,0.0,0.0,0.0,0.0,0.0,0.0,0.0,0.0,71.0,0.1065,1520.0,7298.0,64280.0,64280.0,18250,80137.0
139700,Georgia Highlands College,Rome,GA,2,1,23.0,0.0,0.0,0.0,0.0,0.0,0.0,0.0,0.0,0.0,,,,4761.0,3120.0,10080.0,12000,43184.0
139719,Fort Valley State University,Fort Valley,GA,3,1,31.0,1.0,0.0,0.0,0.0,0.0,0.0,0.0,0.0,0.0,,0.6587,994.0,2684.0,5526.0,16932.0,31000,36666.0
139746,Grady Health System Professional Schools,Atlanta,GA,1,1,11.0,0.0,0.0,0.0,0.0,0.0,0.0,0.0,0.0,0.0,,,,61.0,,,PS,60726.0
139755,Georgia Institute of Technology-Main Campus,Atlanta,GA,3,1,11.0,0.0,0.0,0.0,0.0,0.0,0.0,0.0,0.0,0.0,,0.1407,1480.0,18785.0,12058.0,34484.0,21672,102772.0
139764,Georgia Southwestern State University,Americus,GA,3,1,32.0,0.0,0.0,0.0,0.0,0.0,0.0,0.0,0.0,0.0,,0.7517,978.0,2424.0,5220.0,16572.0,18851,48757.0
139861,Georgia College & State University,Milledgeville,GA,3,1,32.0,0.0,0.0,0.0,0.0,0.0,0.0,0.0,0.0,0.0,,0.7823,1163.0,5947.0,9186.0,29512.0,22250,58140.0
139931,Georgia Southern University,Statesboro,GA,3,1,32.0,0.0,0.0,0.0,0.0,0.0,0.0,0.0,0.0,0.0,,0.8789,1053.0,21790.0,6022.0,17734.0,23250,53236.0
139940,Georgia State University,Atlanta,GA,3,1,11.0,0.0,1.0,0.0,0.0,1.0,0.0,0.0,0.0,0.0,,0.5544,1076.0,26623.0,8664.0,24840.0,20903,47384.0
139959,University of Georgia,Athens,GA,3,1,12.0,0.0,0.0,0.0,0.0,0.0,0.0,0.0,0.0,0.0,,0.377,1397.0,32137.0,11450.0,31688.0,18500,68726.0
139968,Gordon State College,Barnesville,GA,3,1,32.0,0.0,0.0,0.0,0.0,0.0,0.0,0.0,0.0,0.0,,0.859,1023.0,2544.0,3628.0,10948.0,17500,37871.0
139986,Southern Crescent Technical College,Griffin,GA,1,1,31.0,0.0,1.0,0.0,0.0,0.0,0.0,0.0,0.0,0.0,,,,4098.0,3516.0,6084.0,9500,36104.0
139995,Gupton Jones College of Funeral Service,Decatur,GA,2,2,21.0,0.0,0.0,0.0,0.0,0.0,0.0,0.0,0.0,0.0,,,,338.0,20950.0,20950.0,16417,42636.0
140003,Gwinnett College-Lilburn,Lilburn,GA,1,3,21.0,0.0,0.0,0.0,0.0,0.0,0.0,0.0,0.0,0.0,,,,156.0,11300.0,11300.0,18062,31422.0
140012,Gwinnett Technical College,Lawrenceville,GA,1,1,21.0,0.0,0.0,0.0,0.0,0.0,1.0,0.0,0.0,0.0,,,,8728.0,3524.0,6092.0,13000,45025.0
140146,Interdenominational Theological Center,Atlanta,GA,4,2,11.0,1.0,0.0,0.0,0.0,0.0,0.0,0.0,0.0,0.0,42.0,,,,,,PS,
140234,LaGrange College,Lagrange,GA,3,2,32.0,0.0,0.0,0.0,0.0,0.0,0.0,0.0,0.0,0.0,71.0,0.6209,,636.0,35400.0,35400.0,25730,51745.0
140243,Lanier Technical College,Gainesville,GA,1,1,13.0,0.0,0.0,0.0,0.0,0.0,0.0,0.0,0.0,0.0,,,,4613.0,3980.0,7190.0,PS,37623.0
140252,Life University,Marietta,GA,3,2,13.0,0.0,0.0,0.0,0.0,0.0,0.0,0.0,0.0,0.0,,0.9303,1030.0,893.0,15036.0,15036.0,16666,47397.0
140331,Chattahoochee Technical College,Marietta,GA,1,1,21.0,0.0,0.0,0.0,0.0,0.0,0.0,0.0,0.0,0.0,,,,8727.0,3540.0,6108.0,PS,37138.0
140340,Herzing University-Atlanta,Atlanta,GA,3,2,11.0,0.0,0.0,0.0,0.0,0.0,0.0,0.0,0.0,0.0,,0.9375,,387.0,13450.0,13450.0,21500,36909.0
140447,Mercer University,Macon,GA,3,2,12.0,0.0,0.0,0.0,0.0,0.0,0.0,0.0,0.0,0.0,,0.6889,1271.0,4500.0,42312.0,42312.0,24199,58354.0
140553,Morehouse College,Atlanta,GA,3,2,11.0,1.0,0.0,0.0,0.0,0.0,0.0,0.0,1.0,0.0,,0.4396,1090.0,2844.0,32893.0,32893.0,25000,52889.0
140562,Morehouse School of Medicine,Atlanta,GA,4,2,11.0,1.0,0.0,0.0,0.0,0.0,0.0,0.0,0.0,0.0,,,,,,,PS,
140571,Morris Brown College,Atlanta,GA,3,2,11.0,1.0,0.0,0.0,0.0,0.0,0.0,0.0,0.0,0.0,51.0,,,432.0,9558.0,9558.0,,
140678,North Georgia Technical College,Clarkesville,GA,1,1,41.0,0.0,0.0,0.0,0.0,0.0,0.0,0.0,0.0,0.0,,,,1910.0,3330.0,5898.0,7823,32932.0
140696,Oglethorpe University,Atlanta,GA,3,2,21.0,0.0,0.0,0.0,0.0,0.0,0.0,0.0,0.0,0.0,,0.8845,1227.0,1352.0,47590.0,47590.0,25000,55232.0
140720,Paine College,Augusta,GA,3,2,12.0,1.0,0.0,0.0,0.0,0.0,0.0,0.0,0.0,0.0,71.0,0.9543,,388.0,14596.0,14596.0,PS,33338.0
140818,Piedmont University,Demorest,GA,3,2,32.0,0.0,0.0,0.0,0.0,0.0,0.0,0.0,0.0,0.0,76.0,0.9328,1129.0,1117.0,31700.0,31700.0,25000,49130.0
140827,Miami Ad School-Atlanta,Atlanta,GA,1,3,11.0,0.0,0.0,0.0,0.0,0.0,0.0,0.0,0.0,0.0,,,,65.0,19400.0,19400.0,25967,106192.0
140872,Reinhardt University,Waleska,GA,3,2,41.0,0.0,0.0,0.0,0.0,0.0,0.0,0.0,0.0,0.0,71.0,0.6154,,1066.0,30074.0,30074.0,23900,46541.0
140942,Savannah Technical College,Savannah,GA,1,1,12.0,0.0,1.0,0.0,0.0,0.0,0.0,0.0,0.0,0.0,,,,3366.0,3330.0,5898.0,3258,33018.0
140951,Savannah College of Art and Design,Savannah,GA,3,2,12.0,0.0,0.0,0.0,0.0,0.0,0.0,0.0,0.0,0.0,,0.8298,1173.0,15243.0,41630.0,41630.0,25148,45954.0
140960,Savannah State University,Savannah,GA,3,1,12.0,1.0,0.0,0.0,0.0,0.0,0.0,0.0,0.0,0.0,,,,2833.0,5750.0,19043.0,28000,37981.0
140988,Shorter University,Rome,GA,3,2,13.0,0.0,0.0,0.0,0.0,0.0,0.0,0.0,0.0,0.0,54.0,0.9646,1115.0,1028.0,24630.0,24630.0,25000,44604.0
141006,South Georgia Technical College,Americus,GA,1,1,32.0,0.0,1.0,0.0,0.0,0.0,0.0,0.0,0.0,0.0,,,,1407.0,3992.0,7202.0,PS,30364.0
141060,Spelman College,Atlanta,GA,3,2,11.0,1.0,0.0,0.0,0.0,0.0,0.0,0.0,0.0,1.0,,0.2487,1220.0,3414.0,31556.0,31556.0,25000,59993.0
141167,Thomas University,Thomasville,GA,3,2,32.0,0.0,0.0,0.0,0.0,0.0,0.0,0.0,0.0,0.0,,0.383,1072.0,998.0,11640.0,11640.0,21198,49716.0
141185,Toccoa Falls College,Toccoa Falls,GA,3,2,32.0,0.0,0.0,0.0,0.0,0.0,0.0,0.0,0.0,0.0,34.0,0.6596,1130.0,875.0,23950.0,23950.0,22250,36630.0
141237,Truett McConnell University,Cleveland,GA,3,2,42.0,0.0,0.0,0.0,0.0,0.0,0.0,0.0,0.0,0.0,75.0,0.7826,,744.0,26792.0,26792.0,23439,46700.0
141255,Wiregrass Georgia Technical College,Valdosta,GA,1,1,41.0,0.0,1.0,0.0,0.0,0.0,0.0,0.0,0.0,0.0,,,,2887.0,3480.0,6048.0,PS,30864.0
141264,Valdosta State University,Valdosta,GA,3,1,13.0,0.0,0.0,0.0,0.0,0.0,0.0,0.0,0.0,0.0,,0.7229,1013.0,6622.0,6124.0,17836.0,24779,49361.0
141325,Wesleyan College,Macon,GA,3,2,12.0,0.0,0.0,0.0,0.0,0.0,0.0,0.0,0.0,1.0,71.0,0.591,1075.0,400.0,27650.0,27650.0,24094,44317.0
141334,University of West Georgia,Carrollton,GA,3,1,32.0,0.0,0.0,0.0,0.0,0.0,0.0,0.0,0.0,0.0,,0.5161,1032.0,7520.0,6088.0,17800.0,23970,49587.0
141361,Young Harris College,Young Harris,GA,3,2,43.0,0.0,0.0,0.0,0.0,0.0,0.0,0.0,0.0,0.0,71.0,0.6264,,755.0,32305.0,32305.0,27000,47195.0
141486,Chaminade University of Honolulu,Honolulu,HI,3,2,11.0,0.0,0.0,1.0,0.0,1.0,0.0,0.0,0.0,0.0,30.0,0.9143,1060.0,1672.0,30874.0,30874.0,23250,52343.0
141565,University of Hawaii at Hilo,Hilo,HI,3,1,33.0,0.0,0.0,1.0,0.0,1.0,0.0,0.0,0.0,0.0,,0.6063,1028.0,2160.0,7838.0,20798.0,20500,47856.0
141574,University of Hawaii at Manoa,Honolulu,HI,3,1,11.0,0.0,0.0,1.0,0.0,1.0,0.0,0.0,0.0,0.0,,0.866,1102.0,15029.0,12186.0,34218.0,18500,57624.0
141608,Hawaii Institute of Hair Design,Honolulu,HI,1,3,11.0,0.0,0.0,0.0,0.0,0.0,0.0,0.0,0.0,0.0,,,,85.0,,,5793,25235.0
141644,Hawaii Pacific University,Honolulu,HI,3,2,11.0,0.0,0.0,1.0,0.0,1.0,0.0,0.0,0.0,0.0,,0.8587,1111.0,2392.0,34392.0,34392.0,22000,59593.0
141680,Honolulu Community College,Honolulu,HI,2,1,11.0,0.0,0.0,1.0,0.0,1.0,0.0,0.0,0.0,0.0,,,,1897.0,3174.0,8310.0,7534,45105.0
141796,Kapiolani Community College,Honolulu,HI,2,1,11.0,0.0,0.0,1.0,0.0,1.0,0.0,0.0,0.0,0.0,,,,3910.0,3284.0,8420.0,9229,44599.0
141802,Kauai Community College,Lihue,HI,1,1,41.0,0.0,0.0,1.0,0.0,1.0,0.0,0.0,0.0,0.0,,,,716.0,3252.0,8388.0,10500,36868.0
141811,Leeward Community College,Pearl City,HI,2,1,21.0,0.0,0.0,1.0,0.0,1.0,0.0,0.0,0.0,0.0,,,,3438.0,3214.0,8350.0,8970,39899.0
141839,University of Hawaii Maui College,Kahului,HI,2,1,13.0,0.0,0.0,1.0,0.0,1.0,0.0,0.0,0.0,0.0,,,,1700.0,3284.0,8420.0,13040,34453.0
141981,University of Hawaii-West Oahu,Kapolei,HI,3,1,21.0,0.0,0.0,1.0,0.0,1.0,0.0,0.0,0.0,0.0,,0.9534,985.0,2519.0,7584.0,20544.0,14500,52075.0
141990,Windward Community College,Kaneohe,HI,2,1,22.0,0.0,0.0,1.0,0.0,1.0,0.0,0.0,0.0,0.0,,,,1159.0,3194.0,8330.0,9500,38439.0
142054,Carrington College-Boise,Boise,ID,1,3,12.0,0.0,0.0,0.0,0.0,0.0,0.0,0.0,0.0,0.0,,,,478.0,,,15188,43731.0
142090,Boise Bible College,Boise,ID,3,2,21.0,0.0,0.0,0.0,0.0,0.0,0.0,0.0,0.0,0.0,88.0,0.9048,1040.0,93.0,11802.0,11802.0,PS,33140.0
142115,Boise State University,Boise,ID,3,1,12.0,0.0,0.0,0.0,0.0,0.0,0.0,0.0,0.0,0.0,,0.8721,,17674.0,9048.0,27788.0,20500,51658.0
142179,College of Eastern Idaho,Idaho Falls,ID,2,1,13.0,0.0,0.0,0.0,0.0,0.0,0.0,0.0,0.0,0.0,,,,1478.0,3390.0,6750.0,12000,42057.0
142276,Idaho State University,Pocatello,ID,3,1,13.0,0.0,0.0,0.0,0.0,0.0,0.0,0.0,0.0,0.0,,,,7583.0,8610.0,27720.0,20039,45608.0
142285,University of Idaho,Moscow,ID,3,1,32.0,0.0,0.0,0.0,0.0,0.0,0.0,0.0,0.0,0.0,,0.7553,1116.0,7747.0,9084.0,28320.0,21982,54670.0
142294,The College of Idaho,Caldwell,ID,3,2,22.0,0.0,0.0,0.0,0.0,0.0,0.0,0.0,0.0,0.0,,0.491,1180.0,1041.0,37845.0,37845.0,24500,48473.0
142328,Lewis-Clark State College,Lewiston,ID,3,1,13.0,0.0,0.0,0.0,0.0,0.0,0.0,0.0,0.0,0.0,,0.8769,,2385.0,7610.0,22028.0,18500,46001.0
142407,Aveda Institute-Twin Falls,Twin Falls,ID,1,3,13.0,0.0,0.0,0.0,0.0,0.0,0.0,0.0,0.0,0.0,,,,88.0,,,9400,26171.0
142443,North Idaho College,Coeur d'Alene,ID,2,1,13.0,0.0,0.0,0.0,0.0,0.0,0.0,0.0,0.0,0.0,,,,2619.0,3396.0,8736.0,9000,40081.0
142461,Northwest Nazarene University,Nampa,ID,3,2,22.0,0.0,0.0,0.0,0.0,0.0,0.0,0.0,0.0,0.0,59.0,0.6474,1130.0,1024.0,40794.0,40794.0,23750,51719.0
142489,Nathan Layne Institute of Cosmetology,Chubbuck,ID,1,3,23.0,0.0,0.0,0.0,0.0,0.0,0.0,0.0,0.0,0.0,,,,70.0,,,PS,22209.0
142522,Brigham Young University-Idaho,Rexburg,ID,1,2,32.0,0.0,0.0,0.0,0.0,0.0,0.0,0.0,0.0,0.0,94.0,0.9575,1118.0,44397.0,4800.0,4800.0,13969,53406.0
142559,College of Southern Idaho,Twin Falls,ID,2,1,13.0,0.0,0.0,0.0,0.0,0.0,1.0,0.0,0.0,0.0,,,,3810.0,3360.0,6840.0,8000,40916.0
142832,Adler University,Chicago,IL,3,2,11.0,0.0,0.0,0.0,0.0,0.0,0.0,0.0,0.0,0.0,,,,9.0,,,PS,
142957,American Islamic College,Chicago,IL,3,2,11.0,0.0,0.0,0.0,0.0,0.0,0.0,0.0,0.0,0.0,,1.0,,16.0,7650.0,7650.0,,
143048,School of the Art Institute of Chicago,Chicago,IL,3,2,11.0,0.0,0.0,0.0,0.0,0.0,0.0,0.0,0.0,0.0,,0.7747,,2805.0,56420.0,56420.0,27000,40151.0
143084,Augustana College,Rock Island,IL,3,2,13.0,0.0,0.0,0.0,0.0,0.0,0.0,0.0,0.0,0.0,39.0,0.6268,1165.0,2490.0,51598.0,51598.0,27000,62971.0
143118,Aurora University,Aurora,IL,3,2,21.0,0.0,0.0,0.0,0.0,0.0,1.0,0.0,0.0,0.0,,0.8085,1076.0,3974.0,29170.0,29170.0,20318,58709.0
143215,Southwestern Illinois College,Belleville,IL,1,1,21.0,0.0,0.0,0.0,0.0,0.0,0.0,0.0,0.0,0.0,,,,5675.0,3960.0,6720.0,6908,36884.0
143233,Bethany Theological Seminary,Richmond,IN,4,2,32.0,0.0,0.0,0.0,0.0,0.0,0.0,0.0,0.0,0.0,58.0,,,,,,PS,
143279,Black Hawk College,Moline,IL,1,1,13.0,0.0,0.0,0.0,0.0,0.0,0.0,0.0,0.0,0.0,,,,2354.0,4920.0,8100.0,8375,37253.0
143288,Blackburn College,Carlinville,IL,3,2,32.0,0.0,0.0,0.0,0.0,0.0,0.0,0.0,0.0,0.0,66.0,0.6319,,471.0,28149.0,28149.0,24242,46802.0
143297,Blessing Rieman College of Nursing and Health Sciences,Quincy,IL,3,2,33.0,0.0,0.0,0.0,0.0,0.0,0.0,0.0,0.0,0.0,,,,176.0,,,13000,72430.0
143358,Bradley University,Peoria,IL,3,2,12.0,0.0,0.0,0.0,0.0,0.0,0.0,0.0,0.0,0.0,,0.7676,,3574.0,42160.0,42160.0,27000,66852.0
143376,Paul Mitchell the School-Tinley Park,Tinley Park,IL,1,3,21.0,0.0,0.0,0.0,0.0,0.0,0.0,0.0,0.0,0.0,,,,191.0,,,7917,28378.0
143464,Cameo Beauty Academy,Oak Lawn,IL,1,3,21.0,0.0,0.0,0.0,0.0,0.0,0.0,0.0,0.0,0.0,,,,82.0,,,10929,24513.0
143473,Cannella School of Hair Design-Villa Park,Villa Park,IL,1,3,21.0,0.0,0.0,0.0,0.0,0.0,0.0,0.0,0.0,0.0,,,,51.0,,,PS,26970.0
143491,Cannella School of Hair Design-Chicago,Chicago,IL,1,3,11.0,0.0,0.0,0.0,0.0,0.0,0.0,0.0,0.0,0.0,,,,64.0,,,PS,29075.0
143552,Capri Beauty College,Oak Forest,IL,1,3,21.0,0.0,0.0,0.0,0.0,0.0,0.0,0.0,0.0,0.0,,,,33.0,,,9833,26804.0
143613,Carl Sandburg College,Galesburg,IL,2,1,32.0,0.0,0.0,0.0,0.0,0.0,0.0,0.0,0.0,0.0,,,,1051.0,5390.0,8900.0,4909,35274.0
143659,Catholic Theological Union at Chicago,Chicago,IL,4,2,11.0,0.0,0.0,0.0,0.0,0.0,0.0,0.0,0.0,0.0,30.0,,,,,,PS,
143853,Midwestern University-Downers Grove,Downers Grove,IL,4,2,13.0,0.0,0.0,0.0,0.0,0.0,0.0,0.0,0.0,0.0,,,,,,,PS,
143978,The Chicago School at Chicago,Chicago,IL,3,2,11.0,0.0,0.0,0.0,0.0,0.0,0.0,0.0,0.0,0.0,,0.3448,,21.0,21780.0,21780.0,20000,56899.0
144005,Chicago State University,Chicago,IL,3,1,11.0,0.0,1.0,0.0,0.0,0.0,0.0,0.0,0.0,0.0,,0.4326,,1384.0,12754.0,12754.0,30625,42778.0
144014,Chicago Theological Seminary,Chicago,IL,4,2,11.0,0.0,0.0,0.0,0.0,0.0,0.0,0.0,0.0,0.0,76.0,,,,,,PS,
144050,University of Chicago,Chicago,IL,3,2,11.0,0.0,0.0,0.0,0.0,0.0,0.0,0.0,0.0,0.0,,0.0448,1554.0,7569.0,70662.0,70662.0,15000,91885.0
144157,City Colleges of Chicago-Kennedy-King College,Chicago,IL,1,1,11.0,0.0,1.0,0.0,0.0,0.0,0.0,0.0,0.0,0.0,,,,1777.0,4590.0,15150.0,6180,28467.0
144166,City Colleges of Chicago-Malcolm X College,Chicago,IL,1,1,11.0,0.0,0.0,0.0,0.0,0.0,1.0,0.0,0.0,0.0,,,,6409.0,4590.0,15150.0,8375,32427.0
144175,City Colleges of Chicago-Olive-Harvey College,Chicago,IL,1,1,11.0,0.0,1.0,0.0,0.0,0.0,1.0,0.0,0.0,0.0,,,,1661.0,4590.0,15150.0,7646,31114.0
144184,City Colleges of Chicago-Harry S Truman College,Chicago,IL,1,1,11.0,0.0,0.0,0.0,0.0,1.0,1.0,0.0,0.0,0.0,,,,2505.0,4590.0,15150.0,6997,36484.0
144193,City Colleges of Chicago-Richard J Daley College,Chicago,IL,1,1,11.0,0.0,0.0,0.0,0.0,0.0,1.0,0.0,0.0,0.0,,,,2789.0,4590.0,15150.0,4500,37962.0
144209,City Colleges of Chicago-Harold Washington College,Chicago,IL,2,1,11.0,0.0,0.0,0.0,0.0,0.0,1.0,0.0,0.0,0.0,,,,4207.0,4590.0,15150.0,5750,36531.0
144218,City Colleges of Chicago-Wilbur Wright College,Chicago,IL,2,1,11.0,0.0,0.0,0.0,0.0,0.0,1.0,0.0,0.0,0.0,,,,4372.0,4590.0,15150.0,6500,41625.0
144281,Columbia College Chicago,Chicago,IL,3,2,11.0,0.0,0.0,0.0,0.0,0.0,1.0,0.0,0.0,0.0,,0.8946,,5368.0,34088.0,34088.0,25000,42195.0
144351,Concordia University-Chicago,River Forest,IL,3,2,21.0,0.0,0.0,0.0,0.0,0.0,1.0,0.0,0.0,0.0,68.0,0.9279,,1323.0,37488.0,37488.0,23000,54089.0
144564,Danville Area Community College,Danville,IL,1,1,32.0,0.0,0.0,0.0,0.0,0.0,0.0,0.0,0.0,0.0,,,,1508.0,4440.0,7440.0,7218,34867.0
144573,Tricoci University of Beauty Culture,Urbana,IL,1,3,13.0,0.0,0.0,0.0,0.0,0.0,0.0,0.0,0.0,0.0,,,,173.0,,,9000,18077.0
144740,DePaul University,Chicago,IL,3,2,11.0,0.0,0.0,0.0,0.0,0.0,0.0,0.0,0.0,0.0,30.0,0.7589,1262.0,14090.0,45999.0,45999.0,23168,68751.0
144795,Cosmetology & Spa Academy,Crystal Lake,IL,1,3,21.0,0.0,0.0,0.0,0.0,0.0,0.0,0.0,0.0,0.0,,,,445.0,,,7917,29779.0
144865,College of DuPage,Glen Ellyn,IL,2,1,21.0,0.0,0.0,0.0,0.0,0.0,0.0,0.0,0.0,0.0,,,,16114.0,4560.0,12750.0,10410,46909.0
144883,East-West University,Chicago,IL,3,2,11.0,0.0,0.0,0.0,0.0,0.0,1.0,0.0,0.0,0.0,,,,468.0,25395.0,25395.0,26986,29963.0
144892,Eastern Illinois University,Charleston,IL,3,1,33.0,0.0,0.0,0.0,0.0,0.0,0.0,0.0,0.0,0.0,,0.6535,1000.0,4188.0,13679.0,16217.0,21500,51989.0
144944,Elgin Community College,Elgin,IL,1,1,12.0,0.0,0.0,0.0,0.0,0.0,1.0,0.0,0.0,0.0,,,,6648.0,3252.0,9516.0,7390,45516.0
144962,Elmhurst University,Elmhurst,IL,3,2,21.0,0.0,0.0,0.0,0.0,0.0,1.0,0.0,0.0,0.0,76.0,0.7364,1151.0,3006.0,42955.0,42955.0,20489,61462.0
144971,Eureka College,Eureka,IL,3,2,31.0,0.0,0.0,0.0,0.0,0.0,0.0,0.0,0.0,0.0,61.0,0.8499,,522.0,29096.0,29096.0,23250,51641.0
145099,First Institute of Travel Inc.,Crystal Lake,IL,1,3,21.0,0.0,0.0,0.0,0.0,0.0,0.0,0.0,0.0,0.0,,,,278.0,,,9500,36196.0
145239,Fox College,Tinley Park,IL,2,3,21.0,0.0,0.0,0.0,0.0,0.0,0.0,0.0,0.0,0.0,,0.7021,,200.0,17670.0,17670.0,16209,41539.0
145275,Garrett-Evangelical Theological Seminary,Evanston,IL,4,2,13.0,0.0,0.0,0.0,0.0,0.0,0.0,0.0,0.0,0.0,71.0,,,,,,PS,
145309,Gem City College,Quincy,IL,1,3,33.0,0.0,0.0,0.0,0.0,0.0,0.0,0.0,0.0,0.0,,,,41.0,,,9833,19219.0
145336,Governors State University,University Park,IL,3,1,21.0,0.0,1.0,0.0,0.0,0.0,0.0,0.0,0.0,0.0,,0.4827,,2556.0,12004.0,12004.0,18618,58169.0
145354,Graham Hospital School of Nursing,Canton,IL,1,2,32.0,0.0,0.0,0.0,0.0,0.0,0.0,0.0,0.0,0.0,,1.0,,40.0,8417.0,8417.0,PS,63586.0
145372,Greenville University,Greenville,IL,3,2,32.0,0.0,0.0,0.0,0.0,0.0,0.0,0.0,0.0,0.0,64.0,0.975,1038.0,955.0,32200.0,32200.0,23875,46827.0
145406,G Skin & Beauty Institute,Schaumburg,IL,1,3,13.0,0.0,0.0,0.0,0.0,0.0,0.0,0.0,0.0,0.0,,,,490.0,,,6333,29032.0
145424,Hair Professionals Career College,Sycamore,IL,1,3,23.0,0.0,0.0,0.0,0.0,0.0,0.0,0.0,0.0,0.0,,,,55.0,,,9833,23568.0
145433,Hair Professionals School of Cosmetology,Oswego,IL,1,3,21.0,0.0,0.0,0.0,0.0,0.0,0.0,0.0,0.0,0.0,,,,136.0,,,9833,23412.0
145497,Hebrew Theological College,Skokie,IL,3,2,13.0,0.0,0.0,0.0,0.0,0.0,0.0,0.0,0.0,0.0,80.0,0.5714,,90.0,15150.0,15150.0,14000,33291.0
145521,Highland Community College,Freeport,IL,1,1,41.0,0.0,0.0,0.0,0.0,0.0,0.0,0.0,0.0,0.0,,,,931.0,4936.0,7360.0,8029,37928.0
145558,Rosalind Franklin University of Medicine and Science,North Chicago,IL,4,2,21.0,0.0,0.0,0.0,0.0,0.0,0.0,0.0,0.0,0.0,,,,,,,PS,
145600,University of Illinois Chicago,Chicago,IL,3,1,11.0,0.0,0.0,0.0,0.0,1.0,1.0,0.0,0.0,0.0,,0.7735,1250.0,22170.0,14338.0,29884.0,16704,68740.0
145619,Benedictine University,Lisle,IL,3,2,21.0,0.0,0.0,0.0,0.0,1.0,0.0,0.0,0.0,0.0,30.0,0.9523,,1942.0,35940.0,35940.0,22500,63446.0
145628,Illinois College of Optometry,Chicago,IL,4,2,11.0,0.0,0.0,0.0,0.0,0.0,0.0,0.0,0.0,0.0,,,,,,,,
145637,University of Illinois Urbana-Champaign,Champaign,IL,3,1,13.0,0.0,0.0,0.0,0.0,0.0,0.0,0.0,0.0,0.0,,0.4237,1440.0,36258.0,16004.0,35124.0,19500,81054.0
145646,Illinois Wesleyan University,Bloomington,IL,3,2,13.0,0.0,0.0,0.0,0.0,0.0,0.0,0.0,0.0,0.0,,0.3931,1275.0,1582.0,57704.0,57704.0,27000,70871.0
145682,Illinois Central College,East Peoria,IL,1,1,21.0,0.0,0.0,0.0,0.0,0.0,0.0,0.0,0.0,0.0,,,,5052.0,4800.0,12150.0,8900,37366.0
145691,Illinois College,Jacksonville,IL,3,2,32.0,0.0,0.0,0.0,0.0,0.0,0.0,0.0,0.0,0.0,66.0,0.7819,1064.0,930.0,38676.0,38676.0,25565,52575.0
145707,Illinois Eastern Community Colleges,Olney,IL,1,1,33.0,0.0,0.0,0.0,0.0,0.0,0.0,0.0,0.0,0.0,,,,1634.0,5260.0,12460.0,6500,37533.0
145725,Illinois Institute of Technology,Chicago,IL,3,2,11.0,0.0,0.0,0.0,0.0,0.0,0.0,0.0,0.0,0.0,,0.5493,1311.0,2833.0,52386.0,52386.0,25000,82592.0
145813,Illinois State University,Normal,IL,3,1,22.0,0.0,0.0,0.0,0.0,0.0,0.0,0.0,0.0,0.0,,0.8815,1113.0,19057.0,16144.0,28210.0,20482,62117.0
145831,Illinois Valley Community College,Oglesby,IL,1,1,32.0,0.0,0.0,0.0,0.0,0.0,0.0,0.0,0.0,0.0,,,,2040.0,4200.0,16385.0,8233,40810.0
145886,Institute for Clinical Social Work,Chicago,IL,4,2,11.0,0.0,0.0,0.0,0.0,0.0,0.0,0.0,0.0,0.0,,,,,,,,
146205,John A Logan College,Carterville,IL,2,1,33.0,0.0,0.0,0.0,0.0,0.0,0.0,0.0,0.0,0.0,,,,2016.0,4630.0,7540.0,PS,34096.0
146278,John Wood Community College,Quincy,IL,2,1,33.0,0.0,0.0,0.0,0.0,0.0,0.0,0.0,0.0,0.0,,,,1371.0,5700.0,9300.0,8029,38631.0
146296,Joliet Junior College,Joliet,IL,1,1,21.0,0.0,0.0,0.0,0.0,0.0,1.0,0.0,0.0,0.0,,,,9306.0,4530.0,13800.0,9711,42889.0
146339,Judson University,Elgin,IL,3,2,12.0,0.0,0.0,0.0,0.0,0.0,1.0,0.0,0.0,0.0,54.0,0.4759,1039.0,708.0,31360.0,31360.0,25000,56313.0
146348,Kankakee Community College,Kankakee,IL,1,1,13.0,0.0,0.0,0.0,0.0,0.0,0.0,0.0,0.0,0.0,,,,1985.0,5220.0,25830.0,9969,38767.0
146366,Kaskaskia College,Centralia,IL,1,1,41.0,0.0,0.0,0.0,0.0,0.0,0.0,0.0,0.0,0.0,,,,1920.0,4800.0,12570.0,3750,38801.0
146418,Kishwaukee College,Malta,IL,2,1,41.0,0.0,0.0,0.0,0.0,0.0,1.0,0.0,0.0,0.0,,,,1936.0,4560.0,13680.0,9395,39657.0
146427,Knox College,Galesburg,IL,3,2,32.0,0.0,0.0,0.0,0.0,0.0,0.0,0.0,0.0,0.0,,0.7079,1326.0,1127.0,57903.0,57903.0,27000,54820.0
146454,Educators of Beauty College of Cosmetology-Peru,PERU,IL,1,3,32.0,0.0,0.0,0.0,0.0,0.0,0.0,0.0,0.0,0.0,,,,52.0,,,9833,21949.0
146472,College of Lake County,Grayslake,IL,1,1,21.0,0.0,0.0,0.0,0.0,0.0,1.0,0.0,0.0,0.0,,,,9420.0,4788.0,14400.0,8735,43424.0
146481,Lake Forest College,Lake Forest,IL,3,2,21.0,0.0,0.0,0.0,0.0,0.0,0.0,0.0,0.0,0.0,,0.5681,1343.0,1813.0,56402.0,56402.0,26158,61825.0
146490,Lake Forest Graduate School of Management,Lake Forest,IL,4,2,21.0,0.0,0.0,0.0,0.0,0.0,0.0,0.0,0.0,0.0,,,,,,,PS,
146506,Lake Land College,Mattoon,IL,1,1,41.0,0.0,0.0,0.0,0.0,0.0,0.0,0.0,0.0,0.0,,,,2448.0,4415.0,14301.0,6188,38877.0
146533,Lakeview College of Nursing,Danville,IL,3,2,32.0,0.0,0.0,0.0,0.0,0.0,0.0,0.0,0.0,0.0,,,,66.0,,,15000,84522.0
146603,Lewis and Clark Community College,Godfrey,IL,1,1,23.0,0.0,0.0,0.0,0.0,0.0,0.0,0.0,0.0,0.0,,,,2487.0,4340.0,7840.0,6751,37724.0
146612,Lewis University,Romeoville,IL,3,2,21.0,0.0,0.0,0.0,0.0,0.0,1.0,0.0,0.0,0.0,30.0,0.7129,1096.0,4015.0,39200.0,39200.0,21500,66099.0
146685,Lincoln Land Community College,Springfield,IL,1,1,41.0,0.0,0.0,0.0,0.0,0.0,0.0,0.0,0.0,0.0,,,,3976.0,3744.0,10464.0,11011,38479.0
146700,Lincoln College of Technology-Melrose Park,Melrose Park,IL,1,3,21.0,0.0,0.0,0.0,0.0,0.0,0.0,0.0,0.0,0.0,,,,1539.0,,,11250,38683.0
146719,Loyola University Chicago,Chicago,IL,3,2,11.0,0.0,0.0,0.0,0.0,0.0,0.0,0.0,0.0,0.0,30.0,0.816,1297.0,11737.0,53710.0,53710.0,24157,71530.0
146728,Lutheran School of Theology at Chicago,Chicago,IL,4,2,11.0,0.0,0.0,0.0,0.0,0.0,0.0,0.0,0.0,0.0,39.0,,,,,,PS,
146755,Trinity College of Nursing & Health Sciences,Rock Island,IL,3,2,13.0,0.0,0.0,0.0,0.0,0.0,0.0,0.0,0.0,0.0,,,,56.0,,,24000,58743.0
146807,Steven Papageorge Hair Academy,Chicago,IL,1,3,11.0,0.0,0.0,0.0,0.0,0.0,0.0,0.0,0.0,0.0,,,,60.0,,,PS,29592.0
146816,Generations College,Chicago,IL,2,2,11.0,0.0,0.0,0.0,0.0,0.0,0.0,0.0,0.0,0.0,,,,310.0,12700.0,12700.0,25250,34706.0
146977,McCormick Theological Seminary,Chicago,IL,4,2,11.0,0.0,0.0,0.0,0.0,0.0,0.0,0.0,0.0,0.0,66.0,,,,,,PS,
147004,McHenry County College,Crystal Lake,IL,1,1,41.0,0.0,0.0,0.0,0.0,0.0,1.0,0.0,0.0,0.0,,,,4691.0,4162.0,14399.0,6260,45143.0
147013,McKendree University,Lebanon,IL,3,2,21.0,0.0,0.0,0.0,0.0,0.0,0.0,0.0,0.0,0.0,71.0,0.7172,,1752.0,34740.0,34740.0,23250,58572.0
147031,Meadville Theological School of Lombard College,Chicago,IL,4,2,11.0,0.0,0.0,0.0,0.0,0.0,0.0,0.0,0.0,0.0,93.0,,,,,,PS,
147129,Methodist College,Peoria,IL,3,2,12.0,0.0,0.0,0.0,0.0,0.0,0.0,0.0,0.0,0.0,,0.3889,,245.0,18008.0,18008.0,31250,69800.0
147244,Millikin University,Decatur,IL,3,2,13.0,0.0,0.0,0.0,0.0,0.0,0.0,0.0,0.0,0.0,,0.6668,1034.0,1382.0,26892.0,26892.0,27000,51262.0
147341,Monmouth College,Monmouth,IL,3,2,32.0,0.0,0.0,0.0,0.0,0.0,0.0,0.0,0.0,0.0,66.0,0.9093,1128.0,702.0,44922.0,44922.0,27000,51110.0
147369,Moody Bible Institute,Chicago,IL,3,2,11.0,0.0,0.0,0.0,0.0,0.0,0.0,0.0,0.0,0.0,42.0,0.8269,,1510.0,15786.0,15786.0,18149,45399.0
147378,Moraine Valley Community College,Palos Hills,IL,1,1,21.0,0.0,0.0,0.0,0.0,0.0,1.0,0.0,0.0,0.0,,,,7490.0,3822.0,9846.0,9500,43892.0
147396,Morrison Institute of Technology,Morrison,IL,2,2,42.0,0.0,0.0,0.0,0.0,0.0,0.0,0.0,0.0,0.0,,,,59.0,20355.0,20355.0,12000,63571.0
147411,Morton College,Cicero,IL,2,1,21.0,0.0,0.0,0.0,0.0,0.0,0.0,0.0,0.0,0.0,,,,2640.0,5502.0,12414.0,8000,42406.0
147536,National Louis University,Chicago,IL,3,2,11.0,0.0,0.0,0.0,0.0,0.0,1.0,0.0,0.0,0.0,,0.9505,,4406.0,12705.0,12705.0,19750,45799.0
147590,National University of Health Sciences,Lombard,IL,3,2,21.0,0.0,0.0,0.0,0.0,0.0,0.0,0.0,0.0,0.0,,,,13.0,,,12500,58723.0
147642,Cosmetology Concepts Niles,Niles,IL,1,3,21.0,0.0,0.0,0.0,0.0,0.0,0.0,0.0,0.0,0.0,,,,31.0,,,PS,20303.0
147660,North Central College,Naperville,IL,3,2,12.0,0.0,0.0,0.0,0.0,0.0,0.0,0.0,0.0,0.0,71.0,0.7733,1213.0,2428.0,45726.0,45726.0,24500,60123.0
147679,North Park University,Chicago,IL,3,2,11.0,0.0,0.0,0.0,0.0,0.0,1.0,0.0,0.0,0.0,37.0,0.6851,,1818.0,36710.0,36710.0,25500,59572.0
147697,Northern Baptist Theological Seminary,Lisle,IL,4,2,21.0,0.0,0.0,0.0,0.0,0.0,0.0,0.0,0.0,0.0,52.0,,,,,,PS,
147703,Northern Illinois University,Dekalb,IL,3,1,23.0,0.0,0.0,0.0,0.0,0.0,1.0,0.0,0.0,0.0,,0.6979,,11301.0,13248.0,13248.0,22162,57808.0
147767,Northwestern University,Evanston,IL,3,2,13.0,0.0,0.0,0.0,0.0,0.0,0.0,0.0,0.0,0.0,,0.0769,1533.0,9201.0,68322.0,68322.0,15000,89363.0
147776,Northeastern Illinois University,Chicago,IL,3,1,11.0,0.0,0.0,0.0,0.0,0.0,1.0,0.0,0.0,0.0,,0.746,,3982.0,12383.0,22726.0,14600,52234.0
147800,Oakton College,Des Plaines,IL,1,1,13.0,0.0,0.0,0.0,0.0,1.0,0.0,0.0,0.0,0.0,,,,6072.0,3985.0,12462.0,5250,47852.0
147819,Oehrlein School of Cosmetology,East Peoria,IL,1,3,21.0,0.0,0.0,0.0,0.0,0.0,0.0,0.0,0.0,0.0,,,,65.0,,,9833,18890.0
147828,Olivet Nazarene University,Bourbonnais,IL,3,2,23.0,0.0,0.0,0.0,0.0,0.0,0.0,0.0,0.0,0.0,59.0,0.5586,1117.0,2603.0,38900.0,38900.0,25000,53213.0
147916,Parkland College,Champaign,IL,2,1,13.0,0.0,0.0,0.0,0.0,0.0,0.0,0.0,0.0,0.0,,,,3348.0,4284.0,13266.0,8548,38320.0
148007,Prairie State College,Chicago Heights,IL,1,1,21.0,0.0,1.0,0.0,0.0,0.0,1.0,0.0,0.0,0.0,,,,2443.0,4176.0,11064.0,11000,36696.0
148016,Principia College,Elsah,IL,3,2,41.0,0.0,0.0,0.0,0.0,0.0,0.0,0.0,0.0,0.0,,,,339.0,34680.0,34680.0,,
148098,Professional's Choice Hair Design Academy,Joliet,IL,1,3,21.0,0.0,0.0,0.0,0.0,0.0,0.0,0.0,0.0,0.0,,,,53.0,,,PS,30341.0
148131,Quincy University,Quincy,IL,3,2,33.0,0.0,0.0,0.0,0.0,0.0,0.0,0.0,0.0,0.0,30.0,0.5093,1098.0,1010.0,37140.0,37140.0,24000,50369.0
148256,Rend Lake College,Ina,IL,1,1,42.0,0.0,0.0,0.0,0.0,0.0,0.0,0.0,0.0,0.0,,,,1175.0,4500.0,7800.0,5809,35775.0
148292,Richland Community College,Decatur,IL,1,1,13.0,0.0,0.0,0.0,0.0,0.0,0.0,0.0,0.0,0.0,,,,1346.0,4680.0,17070.0,8256,38793.0
148380,Rock Valley College,Rockford,IL,2,1,12.0,0.0,0.0,0.0,0.0,0.0,0.0,0.0,0.0,0.0,,,,4359.0,4334.0,7379.0,8500,39158.0
148405,Rockford University,Rockford,IL,3,2,12.0,0.0,0.0,0.0,0.0,0.0,0.0,0.0,0.0,0.0,,0.9291,956.0,972.0,37780.0,37780.0,22274,54794.0
148487,Roosevelt University,Chicago,IL,3,2,11.0,0.0,0.0,0.0,0.0,0.0,1.0,0.0,0.0,0.0,,0.9716,1011.0,2849.0,21315.0,21315.0,22000,48712.0
148496,Dominican University,River Forest,IL,3,2,21.0,0.0,0.0,0.0,0.0,0.0,1.0,0.0,0.0,0.0,30.0,0.9032,1002.0,2561.0,38978.0,38978.0,24411,60327.0
148511,Rush University,Chicago,IL,3,2,11.0,0.0,0.0,0.0,0.0,0.0,0.0,0.0,0.0,0.0,,,,138.0,,,21988,75194.0
148575,Saint Francis Medical Center College of Nursing,Peoria,IL,3,2,12.0,0.0,0.0,0.0,0.0,0.0,0.0,0.0,0.0,0.0,30.0,,,273.0,,,15000,72850.0
148584,University of St Francis,Joliet,IL,3,2,21.0,0.0,0.0,0.0,0.0,0.0,1.0,0.0,0.0,0.0,30.0,0.6529,1141.0,1223.0,38110.0,38110.0,21079,63926.0
148593,St. John's College,Springfield,IL,3,2,12.0,0.0,0.0,0.0,0.0,0.0,0.0,0.0,0.0,0.0,30.0,,,126.0,,,18750,86331.0
148627,Saint Xavier University,Chicago,IL,3,2,11.0,0.0,0.0,0.0,0.0,0.0,1.0,0.0,0.0,0.0,30.0,0.843,,3096.0,37940.0,37940.0,22223,58656.0
148654,University of Illinois Springfield,Springfield,IL,3,1,12.0,0.0,0.0,0.0,0.0,0.0,0.0,0.0,0.0,0.0,,0.8588,1102.0,2263.0,12252.0,22017.0,19128,57103.0
148672,Sauk Valley Community College,Dixon,IL,1,1,41.0,0.0,0.0,0.0,0.0,0.0,0.0,0.0,0.0,0.0,,,,1158.0,5340.0,12900.0,8250,40458.0
148821,Shawnee Community College,Ullin,IL,1,1,42.0,0.0,0.0,0.0,0.0,0.0,0.0,0.0,0.0,0.0,,,,698.0,4650.0,7500.0,PS,32999.0
148885,University of Saint Mary of the Lake,Mundelein,IL,4,2,21.0,0.0,0.0,0.0,0.0,0.0,0.0,0.0,0.0,0.0,30.0,,,,,,PS,
148937,Southeastern Illinois College,Harrisburg,IL,1,1,42.0,0.0,0.0,0.0,0.0,0.0,0.0,0.0,0.0,0.0,,,,680.0,4560.0,6780.0,PS,33763.0
148982,Spertus College,Chicago,IL,4,2,11.0,0.0,0.0,0.0,0.0,0.0,0.0,0.0,0.0,0.0,,,,,,,PS,
148991,Spoon River College,Canton,IL,1,1,41.0,0.0,0.0,0.0,0.0,0.0,0.0,0.0,0.0,0.0,,,,774.0,6090.0,13500.0,PS,38386.0
149028,Saint Anthony College of Nursing,Rockford,IL,3,2,12.0,0.0,0.0,0.0,0.0,0.0,0.0,0.0,0.0,0.0,30.0,,,172.0,27811.0,27811.0,20000,77709.0
149204,Educators of Beauty College of Cosmetology-Sterling,Sterling,IL,1,3,32.0,0.0,0.0,0.0,0.0,0.0,0.0,0.0,0.0,0.0,,,,59.0,,,9833,21463.0
149222,Southern Illinois University-Carbondale,Carbondale,IL,3,1,32.0,0.0,0.0,0.0,0.0,0.0,0.0,0.0,0.0,0.0,,0.8688,1055.0,8494.0,13334.0,13334.0,21543,53390.0
149231,Southern Illinois University Edwardsville,Edwardsville,IL,3,1,21.0,0.0,0.0,0.0,0.0,0.0,0.0,0.0,0.0,0.0,,0.975,1100.0,8750.0,12922.0,12922.0,20500,56346.0
149310,Taylor Business Institute,Chicago,IL,2,3,11.0,0.0,0.0,0.0,0.0,0.0,0.0,0.0,0.0,0.0,,0.9123,,98.0,12000.0,12000.0,PS,25559.0
149329,Telshe Yeshiva-Chicago,Chicago,IL,3,2,11.0,0.0,0.0,0.0,0.0,0.0,0.0,0.0,1.0,0.0,80.0,1.0,,78.0,15000.0,15000.0,PS,
149365,South Suburban College,South Holland,IL,1,1,21.0,0.0,0.0,0.0,0.0,0.0,0.0,0.0,0.0,0.0,,,,2042.0,5093.0,12683.0,PS,33680.0
149505,Trinity Christian College,Palos Heights,IL,3,2,21.0,0.0,0.0,0.0,0.0,0.0,0.0,0.0,0.0,0.0,42.0,0.8492,1157.0,820.0,20605.0,20605.0,25009,55700.0
149514,Trinity International University-Illinois,Deerfield,IL,3,2,21.0,0.0,0.0,0.0,0.0,0.0,0.0,0.0,0.0,0.0,38.0,1.0,,55.0,12320.0,12320.0,26082,46989.0
149532,Triton College,River Grove,IL,1,1,21.0,0.0,0.0,0.0,0.0,0.0,1.0,0.0,0.0,0.0,,,,6902.0,5070.0,15330.0,9413,41728.0
149550,University of Spa & Cosmetology Arts,Springfield,IL,1,3,12.0,0.0,0.0,0.0,0.0,0.0,0.0,0.0,0.0,0.0,,,,164.0,,,4584,27084.0
149639,VanderCook College of Music,Chicago,IL,3,2,11.0,0.0,0.0,0.0,0.0,0.0,1.0,0.0,0.0,0.0,,0.8947,,76.0,30910.0,30910.0,27000,47863.0
149727,Waubonsee Community College,Sugar Grove,IL,2,1,41.0,0.0,0.0,0.0,0.0,0.0,1.0,0.0,0.0,0.0,,,,5721.0,3504.0,10477.0,7000,44788.0
149772,Western Illinois University,Macomb,IL,3,1,33.0,0.0,0.0,0.0,0.0,0.0,0.0,0.0,0.0,0.0,,0.7118,,4410.0,15264.0,15264.0,25251,54163.0
149781,Wheaton College,Wheaton,IL,3,2,21.0,0.0,0.0,0.0,0.0,0.0,0.0,0.0,0.0,0.0,88.0,0.874,1380.0,2121.0,45546.0,45546.0,23250,63756.0
149842,William Rainey Harper College,Palatine,IL,1,1,21.0,0.0,0.0,0.0,0.0,1.0,1.0,0.0,0.0,0.0,,,,9313.0,3894.0,11874.0,10184,48071.0
150066,Anderson University,Anderson,IN,3,2,13.0,0.0,0.0,0.0,0.0,0.0,0.0,0.0,0.0,0.0,57.0,0.7934,1035.0,1057.0,37240.0,37240.0,27000,48899.0
150136,Ball State University,Muncie,IN,3,1,13.0,0.0,0.0,0.0,0.0,0.0,0.0,0.0,0.0,0.0,,0.855,1160.0,13988.0,11082.0,29630.0,23250,51833.0
150145,Bethel University,Mishawaka,IN,3,2,13.0,0.0,0.0,0.0,0.0,0.0,0.0,0.0,0.0,0.0,87.0,0.9766,1014.0,1008.0,34600.0,34600.0,25000,48860.0
150163,Butler University,Indianapolis,IN,3,2,11.0,0.0,0.0,0.0,0.0,0.0,0.0,0.0,0.0,0.0,,0.8508,1274.0,4317.0,47560.0,47560.0,26000,77235.0
150172,Calumet College of Saint Joseph,Whiting,IN,3,2,21.0,0.0,0.0,0.0,0.0,0.0,1.0,0.0,0.0,0.0,30.0,,,529.0,23850.0,23850.0,21534,46945.0
150215,Christian Theological Seminary,Indianapolis,IN,4,2,11.0,0.0,0.0,0.0,0.0,0.0,0.0,0.0,0.0,0.0,61.0,,,,,,PS,
150251,College of Court Reporting Inc,Valparaiso,IN,2,3,23.0,0.0,0.0,0.0,0.0,0.0,0.0,0.0,0.0,0.0,,,,175.0,10080.0,10080.0,PS,43927.0
150288,Concordia Theological Seminary,Fort Wayne,IN,4,2,11.0,0.0,0.0,0.0,0.0,0.0,0.0,0.0,0.0,0.0,68.0,,,,,,PS,
150303,Tricoci University of Beauty Culture-Highland,Highland,IN,1,3,21.0,0.0,0.0,0.0,0.0,0.0,0.0,0.0,0.0,0.0,,,,319.0,,,7307,22374.0
150400,DePauw University,Greencastle,IN,3,2,32.0,0.0,0.0,0.0,0.0,0.0,0.0,0.0,0.0,0.0,,0.5719,1340.0,1905.0,59070.0,59070.0,27000,70527.0
150428,Don Roberts School of Hair Design,Schererville,IN,1,3,21.0,0.0,0.0,0.0,0.0,0.0,0.0,0.0,0.0,0.0,,,,25.0,,,8025,19976.0
150455,Earlham College,Richmond,IN,3,2,32.0,0.0,0.0,0.0,0.0,0.0,0.0,0.0,0.0,0.0,65.0,0.7311,1219.0,670.0,53930.0,53930.0,23488,50797.0
150534,University of Evansville,Evansville,IN,3,2,12.0,0.0,0.0,0.0,0.0,0.0,0.0,0.0,0.0,0.0,71.0,0.776,,1539.0,44172.0,44172.0,24606,53770.0
150604,Franklin College,Franklin,IN,3,2,21.0,0.0,0.0,0.0,0.0,0.0,0.0,0.0,0.0,0.0,52.0,0.698,1145.0,900.0,38710.0,38710.0,27000,55376.0
150668,Goshen College,Goshen,IN,3,2,13.0,0.0,0.0,0.0,0.0,0.0,1.0,0.0,0.0,0.0,69.0,0.8407,950.0,773.0,38890.0,38890.0,22974,51943.0
150677,Grace College and Theological Seminary,Winona Lake,IN,3,2,32.0,0.0,0.0,0.0,0.0,0.0,0.0,0.0,0.0,0.0,28.0,0.8215,1119.0,1464.0,31200.0,31200.0,19500,45411.0
150756,Hanover College,Hanover,IN,3,2,32.0,0.0,0.0,0.0,0.0,0.0,0.0,0.0,0.0,0.0,66.0,0.837,1201.0,1031.0,44638.0,44638.0,25250,53957.0
150765,J Michael Harrold Beauty Academy,Terre Haute,IN,1,3,13.0,0.0,0.0,0.0,0.0,0.0,0.0,0.0,0.0,0.0,,,,88.0,,,6650,26999.0
150774,Holy Cross College,Notre Dame,IN,3,2,21.0,0.0,0.0,0.0,0.0,0.0,1.0,0.0,0.0,0.0,30.0,0.7518,,639.0,36600.0,36600.0,24000,50416.0
150853,PJ's College of Cosmetology-Clarksville,Clarksville,IN,1,3,21.0,0.0,0.0,0.0,0.0,0.0,0.0,0.0,0.0,0.0,,,,125.0,,,8289,22402.0
150941,Huntington University,Huntington,IN,3,2,32.0,0.0,0.0,0.0,0.0,0.0,0.0,0.0,0.0,0.0,84.0,0.7564,1052.0,1082.0,31870.0,31870.0,25576,46672.0
150987,Ivy Tech Community College,Indianapolis,IN,1,1,11.0,0.0,0.0,0.0,0.0,0.0,0.0,0.0,0.0,0.0,,,,58267.0,5154.0,9935.0,10727,37186.0
151102,Purdue University Fort Wayne,Fort Wayne,IN,3,1,11.0,0.0,0.0,0.0,0.0,0.0,0.0,0.0,0.0,0.0,,0.8389,1100.0,5484.0,9532.0,22887.0,21500,45872.0
151111,Indiana University-Indianapolis,Indianapolis,IN,3,1,11.0,0.0,0.0,0.0,0.0,0.0,0.0,0.0,0.0,0.0,,0.7637,1139.0,13830.0,10762.0,34891.0,20000,55198.0
151263,University of Indianapolis,Indianapolis,IN,3,2,11.0,0.0,0.0,0.0,0.0,0.0,0.0,0.0,0.0,0.0,71.0,0.665,,3005.0,37200.0,37200.0,26864,53610.0
151290,Indiana Institute of Technology,Fort Wayne,IN,3,2,11.0,0.0,0.0,0.0,0.0,0.0,0.0,0.0,0.0,0.0,,0.7039,,1441.0,31361.0,31361.0,26391,47327.0
151306,University of Southern Indiana,Evansville,IN,1,1,22.0,0.0,0.0,0.0,0.0,0.0,0.0,0.0,0.0,0.0,,0.9581,1141.0,5292.0,10066.0,22907.0,20105,47605.0
151324,Indiana State University,Terre Haute,IN,3,1,13.0,0.0,0.0,0.0,0.0,0.0,0.0,0.0,0.0,0.0,,0.8077,,6188.0,10258.0,22322.0,24000,48387.0
151333,Indiana University-Kokomo,Kokomo,IN,3,1,13.0,0.0,0.0,0.0,0.0,0.0,0.0,0.0,0.0,0.0,,0.8648,1065.0,2352.0,8424.0,22811.0,16961,49917.0
151342,Indiana University-South Bend,South Bend,IN,3,1,12.0,0.0,0.0,0.0,0.0,0.0,0.0,0.0,0.0,0.0,,0.8384,1081.0,3933.0,8424.0,22811.0,21355,44947.0
151351,Indiana University-Bloomington,Bloomington,IN,3,1,13.0,0.0,0.0,0.0,0.0,0.0,0.0,0.0,0.0,0.0,,0.7821,1313.0,37806.0,12144.0,41891.0,19509,63742.0
151360,Indiana University-Northwest,Gary,IN,3,1,21.0,0.0,0.0,0.0,0.0,0.0,1.0,0.0,0.0,0.0,,0.7339,1055.0,2661.0,8424.0,22811.0,21710,43361.0
151379,Indiana University-Southeast,New Albany,IN,3,1,21.0,0.0,0.0,0.0,0.0,0.0,0.0,0.0,0.0,0.0,,0.8446,1072.0,3170.0,8424.0,22811.0,19684,47596.0
151388,Indiana University-East,Richmond,IN,3,1,32.0,0.0,0.0,0.0,0.0,0.0,0.0,0.0,0.0,0.0,,0.6722,1061.0,2589.0,8424.0,22811.0,18000,47156.0
151467,Vet Tech Institute of Indiana,Indianapolis,IN,2,3,11.0,0.0,0.0,0.0,0.0,0.0,0.0,0.0,0.0,0.0,,0.7519,,123.0,17170.0,17170.0,12000,38146.0
151564,Taylor Institute of Cosmetology II,Knox,IN,1,3,42.0,0.0,0.0,0.0,0.0,0.0,0.0,0.0,0.0,0.0,,,,44.0,,,PS,14236.0
151607,Tricoci University of Beauty Culture-Lafayette,Lafayette,IN,1,3,13.0,0.0,0.0,0.0,0.0,0.0,0.0,0.0,0.0,0.0,,,,126.0,,,7307,26446.0
151661,Lincoln College of Technology-Indianapolis,Indianapolis,IN,1,3,11.0,0.0,0.0,0.0,0.0,0.0,0.0,0.0,0.0,0.0,,,,1052.0,,,11730,46396.0
151777,Manchester University,North Manchester,IN,3,2,32.0,0.0,0.0,0.0,0.0,0.0,0.0,0.0,0.0,0.0,58.0,0.7106,,936.0,37135.0,37135.0,26854,51504.0
151786,Marian University,Indianapolis,IN,3,2,11.0,0.0,0.0,0.0,0.0,0.0,0.0,0.0,0.0,0.0,30.0,0.9546,,2266.0,40664.0,40664.0,27000,58759.0
151801,Indiana Wesleyan University-Marion,Marion,IN,3,2,32.0,0.0,0.0,0.0,0.0,0.0,0.0,0.0,0.0,0.0,89.0,0.8894,1082.0,1974.0,32352.0,32352.0,24250,59986.0
151865,Anabaptist Mennonite Biblical Seminary,Elkhart,IN,4,2,13.0,0.0,0.0,0.0,0.0,0.0,0.0,0.0,0.0,0.0,69.0,,,,,,PS,
151962,Mid-America College of Funeral Service,Jeffersonville,IN,2,2,21.0,0.0,0.0,0.0,0.0,0.0,0.0,0.0,0.0,0.0,,,,279.0,19000.0,19000.0,16666,44505.0
152080,University of Notre Dame,Notre Dame,IN,3,2,21.0,0.0,0.0,0.0,0.0,0.0,0.0,0.0,0.0,0.0,30.0,0.1127,1520.0,8818.0,65025.0,65025.0,19000,99980.0
152099,Oakland City University,Oakland City,IN,3,2,42.0,0.0,0.0,0.0,0.0,0.0,0.0,0.0,0.0,0.0,105.0,0.8251,,499.0,27900.0,27900.0,16758,43283.0
152150,PJ's College of Cosmetology-Richmond,Richmond,IN,1,3,32.0,0.0,0.0,0.0,0.0,0.0,0.0,0.0,0.0,0.0,,,,55.0,,,9833,24039.0
152275,Ravenscroft Beauty College,Fort Wayne,IN,1,3,11.0,0.0,0.0,0.0,0.0,0.0,0.0,0.0,0.0,0.0,,,,104.0,,,7389,23187.0
152309,Rogers Academy of Hair Design,Evansville,IN,1,3,12.0,0.0,0.0,0.0,0.0,0.0,0.0,0.0,0.0,0.0,,,,72.0,,,12652,22590.0
152318,Rose-Hulman Institute of Technology,Terre Haute,IN,3,2,13.0,0.0,0.0,0.0,0.0,0.0,0.0,0.0,0.0,0.0,,0.7686,1427.0,2309.0,58649.0,58649.0,25000,101253.0
152336,University of Saint Francis-Fort Wayne,Fort Wayne,IN,3,2,11.0,0.0,0.0,0.0,0.0,0.0,0.0,0.0,0.0,0.0,30.0,0.9597,981.0,1567.0,36460.0,36460.0,25976,55362.0
152381,Saint Mary-of-the-Woods College,Saint Mary of the Woods,IN,3,2,41.0,0.0,0.0,0.0,0.0,0.0,0.0,0.0,0.0,0.0,30.0,0.7239,,853.0,35270.0,35270.0,19512,43845.0
152390,Saint Mary's College,Notre Dame,IN,3,2,21.0,0.0,0.0,0.0,0.0,0.0,0.0,0.0,0.0,1.0,30.0,0.7597,1246.0,1458.0,53230.0,53230.0,27000,59354.0
152451,Saint Meinrad School of Theology,St. Meinrad,IN,4,2,43.0,0.0,0.0,0.0,0.0,0.0,0.0,0.0,1.0,0.0,30.0,,,,,,PS,
152497,Saint Elizabeth School of Nursing,Lafayette,IN,1,2,13.0,0.0,0.0,0.0,0.0,0.0,0.0,0.0,0.0,0.0,30.0,0.8889,,145.0,20208.0,20208.0,26213,65230.0
152530,Taylor University,Upland,IN,3,2,42.0,0.0,0.0,0.0,0.0,0.0,0.0,0.0,0.0,0.0,42.0,0.7353,1220.0,2025.0,40490.0,40490.0,20500,52198.0
152567,Trine University,Angola,IN,3,2,32.0,0.0,0.0,0.0,0.0,0.0,0.0,0.0,0.0,0.0,,0.8548,,2324.0,36560.0,36560.0,25000,57165.0
152600,Valparaiso University,Valparaiso,IN,3,2,23.0,0.0,0.0,0.0,0.0,0.0,0.0,0.0,0.0,0.0,67.0,0.8943,1178.0,2083.0,48450.0,48450.0,26942,63191.0
152628,Vincennes Beauty College,Vincennes,IN,1,3,33.0,0.0,0.0,0.0,0.0,0.0,0.0,0.0,0.0,0.0,,,,27.0,,,PS,20064.0
152637,Vincennes University,Vincennes,IN,1,1,33.0,0.0,0.0,0.0,0.0,0.0,0.0,0.0,0.0,0.0,,,,3657.0,7126.0,16858.0,12000,41110.0
152673,Wabash College,Crawfordsville,IN,3,2,32.0,0.0,0.0,0.0,0.0,0.0,0.0,0.0,1.0,0.0,,0.633,1180.0,866.0,50800.0,50800.0,27000,69952.0
152798,Allen College,Waterloo,IA,3,2,13.0,0.0,0.0,0.0,0.0,0.0,0.0,0.0,0.0,0.0,,,,261.0,,,18750,71261.0
152992,Briar Cliff University,Sioux City,IA,3,2,13.0,0.0,0.0,0.0,0.0,0.0,0.0,0.0,0.0,0.0,30.0,,,624.0,36956.0,36956.0,23250,54475.0
153001,Buena Vista University,Storm Lake,IA,3,2,33.0,0.0,0.0,0.0,0.0,0.0,0.0,0.0,0.0,0.0,66.0,0.7761,1120.0,1366.0,41798.0,41798.0,25000,49156.0
153074,Capri College-Dubuque,Dubuque,IA,1,3,13.0,0.0,0.0,0.0,0.0,0.0,0.0,0.0,0.0,0.0,,,,165.0,,,7600,28266.0
153083,Capri College-Cedar Rapids,Cedar Rapids,IA,1,3,12.0,0.0,0.0,0.0,0.0,0.0,0.0,0.0,0.0,0.0,,,,129.0,,,7600,29307.0
153108,Central College,Pella,IA,3,2,32.0,0.0,0.0,0.0,0.0,0.0,0.0,0.0,0.0,0.0,49.0,0.8617,1147.0,1070.0,20988.0,20988.0,26984,54317.0
153126,Clarke University,Dubuque,IA,3,2,13.0,0.0,0.0,0.0,0.0,0.0,0.0,0.0,0.0,0.0,30.0,0.7183,1054.0,742.0,40910.0,40910.0,26717,55396.0
153144,Coe College,Cedar Rapids,IA,3,2,12.0,0.0,0.0,0.0,0.0,0.0,0.0,0.0,0.0,0.0,66.0,0.6404,1223.0,1164.0,54666.0,54666.0,27000,57125.0
153162,Cornell College,Mount Vernon,IA,3,2,31.0,0.0,0.0,0.0,0.0,0.0,0.0,0.0,0.0,0.0,71.0,0.799,1234.0,1086.0,52660.0,52660.0,27000,53460.0
153214,Des Moines Area Community College,Ankeny,IA,1,1,21.0,0.0,0.0,0.0,0.0,0.0,0.0,0.0,0.0,0.0,,,,10446.0,5790.0,6690.0,11000,41018.0
153241,Divine Word College,Epworth,IA,3,2,42.0,0.0,0.0,0.0,0.0,0.0,0.0,0.0,0.0,0.0,30.0,,,64.0,15600.0,15600.0,PS,
153250,Dordt University,Sioux Center,IA,3,2,33.0,0.0,0.0,0.0,0.0,0.0,0.0,0.0,0.0,0.0,35.0,0.6847,1221.0,1597.0,37050.0,37050.0,21500,52559.0
153269,Drake University,Des Moines,IA,3,2,12.0,0.0,0.0,0.0,0.0,0.0,0.0,0.0,0.0,0.0,,0.6385,1292.0,2543.0,52130.0,52130.0,23000,71901.0
153278,University of Dubuque,Dubuque,IA,3,2,13.0,0.0,0.0,0.0,0.0,0.0,0.0,0.0,0.0,0.0,66.0,0.8863,1110.0,1440.0,42095.0,42095.0,25750,51190.0
153296,Ellsworth Community College,Iowa Falls,IA,2,1,33.0,0.0,0.0,0.0,0.0,0.0,0.0,0.0,0.0,0.0,,,,499.0,5496.0,6504.0,10000,40562.0
153302,Emmaus Bible College,Dubuque,IA,1,2,13.0,0.0,0.0,0.0,0.0,0.0,0.0,0.0,0.0,0.0,107.0,0.5979,1161.0,224.0,20800.0,20800.0,15750,42631.0
153311,Eastern Iowa Community College District,Davenport,IA,1,1,12.0,0.0,0.0,0.0,0.0,0.0,0.0,0.0,0.0,0.0,,,,3520.0,4848.0,6456.0,12739,39060.0
153320,Faith Baptist Bible College and Theological Seminary,Ankeny,IA,3,2,21.0,0.0,0.0,0.0,0.0,0.0,0.0,0.0,0.0,0.0,54.0,0.6752,1109.0,405.0,20270.0,20270.0,12971,40650.0
153366,Graceland University-Lamoni,Lamoni,IA,3,2,43.0,0.0,0.0,0.0,0.0,0.0,0.0,0.0,0.0,0.0,99.0,0.8083,,798.0,20950.0,20950.0,21212,47361.0
153375,Grand View University,Des Moines,IA,3,2,12.0,0.0,0.0,0.0,0.0,0.0,0.0,0.0,0.0,0.0,39.0,0.9909,,1486.0,34762.0,34762.0,22500,52824.0
153384,Grinnell College,Grinnell,IA,3,2,33.0,0.0,0.0,0.0,0.0,0.0,0.0,0.0,0.0,0.0,,0.1451,1486.0,1729.0,68106.0,68106.0,17500,62830.0
153427,Orion Technical College,Davenport,IA,1,3,12.0,0.0,0.0,0.0,0.0,0.0,0.0,0.0,0.0,0.0,,,,41.0,15600.0,15600.0,9500,37008.0
153445,Hawkeye Community College,Waterloo,IA,2,1,41.0,0.0,0.0,0.0,0.0,0.0,0.0,0.0,0.0,0.0,,,,2626.0,6525.0,6612.0,12000,42849.0
153463,American Hair Academy,Mt. Pleasant,IA,1,3,33.0,0.0,0.0,0.0,0.0,0.0,0.0,0.0,0.0,0.0,,,,25.0,,,PS,28724.0
153472,Indian Hills Community College,Ottumwa,IA,2,1,33.0,0.0,0.0,0.0,0.0,0.0,0.0,0.0,0.0,0.0,,,,1495.0,5040.0,6120.0,10500,40507.0
153524,Iowa Central Community College,Fort Dodge,IA,2,1,33.0,0.0,0.0,0.0,0.0,0.0,0.0,0.0,0.0,0.0,,,,3103.0,5496.0,7788.0,11000,42046.0
153533,Iowa Lakes Community College,Estherville,IA,2,1,33.0,0.0,0.0,0.0,0.0,0.0,0.0,0.0,0.0,0.0,,,,941.0,7392.0,7872.0,12000,43108.0
153542,UnityPoint Health-Des Moines School of Radiologic Technology,Des Moines,IA,1,2,12.0,0.0,0.0,0.0,0.0,0.0,0.0,0.0,0.0,0.0,55.0,,,16.0,,,PS,
153597,Iowa School of Beauty-Des Moines,Des Moines,IA,1,3,21.0,0.0,0.0,0.0,0.0,0.0,0.0,0.0,0.0,0.0,,,,74.0,,,6333,25803.0
153603,Iowa State University,Ames,IA,3,1,13.0,0.0,0.0,0.0,0.0,0.0,0.0,0.0,0.0,0.0,,0.8866,1204.0,25367.0,10787.0,28881.0,22869,63386.0
153630,Iowa Western Community College,Council Bluffs,IA,2,1,21.0,0.0,0.0,0.0,0.0,0.0,0.0,0.0,0.0,0.0,,,,2916.0,6930.0,7080.0,11033,42793.0
153658,University of Iowa,Iowa City,IA,3,1,13.0,0.0,0.0,0.0,0.0,0.0,0.0,0.0,0.0,0.0,,0.8362,1200.0,22264.0,11283.0,33371.0,22500,64762.0
153737,Kirkwood Community College,Cedar Rapids,IA,2,1,12.0,0.0,0.0,0.0,0.0,0.0,0.0,0.0,0.0,0.0,,,,7591.0,6176.0,8220.0,12000,41016.0
153746,La James International College-Cedar Falls,Cedar Falls,IA,1,3,13.0,0.0,0.0,0.0,0.0,0.0,0.0,0.0,0.0,0.0,,,,54.0,,,PS,25575.0
153764,La James International College-Johnston,Johnston,IA,1,3,21.0,0.0,0.0,0.0,0.0,0.0,0.0,0.0,0.0,0.0,,,,141.0,,,PS,27401.0
153773,La James College of Hairstyling and Cosmetology,Mason City,IA,1,3,33.0,0.0,0.0,0.0,0.0,0.0,0.0,0.0,0.0,0.0,,,,56.0,,,6930,27484.0
153782,La James International College-Ft Dodge,Fort Dodge,IA,1,3,33.0,0.0,0.0,0.0,0.0,0.0,0.0,0.0,0.0,0.0,,,,22.0,,,PS,26679.0
153825,Loras College,Dubuque,IA,3,2,13.0,0.0,0.0,0.0,0.0,0.0,0.0,0.0,0.0,0.0,30.0,0.9986,,1083.0,39824.0,39824.0,26000,58289.0
153834,Luther College,Decorah,IA,3,2,33.0,0.0,0.0,0.0,0.0,0.0,0.0,0.0,0.0,0.0,39.0,0.7154,1218.0,1379.0,52120.0,52120.0,27000,59850.0
153861,Maharishi International University,Fairfield,IA,3,2,33.0,0.0,0.0,0.0,0.0,0.0,0.0,0.0,0.0,0.0,,0.957,,922.0,16530.0,16530.0,24781,27981.0
153922,Marshalltown Community College,Marshalltown,IA,2,1,32.0,0.0,0.0,0.0,0.0,0.0,1.0,0.0,0.0,0.0,,,,788.0,5496.0,6504.0,9500,41010.0
153977,Mercy College of Health Sciences,Des Moines,IA,3,2,12.0,0.0,0.0,0.0,0.0,0.0,0.0,0.0,0.0,0.0,30.0,0.9971,980.0,867.0,17664.0,17664.0,14745,62234.0
154004,Morningside University,Sioux City,IA,3,2,13.0,0.0,0.0,0.0,0.0,0.0,0.0,0.0,0.0,0.0,71.0,0.7104,,1163.0,39660.0,39660.0,26028,55494.0
154013,Mount Mercy University,Cedar Rapids,IA,3,2,12.0,0.0,0.0,0.0,0.0,0.0,0.0,0.0,0.0,0.0,30.0,0.8252,,1107.0,40878.0,40878.0,23699,60787.0
154022,The University of Arizona Global Campus,Chandler,AZ,3,1,11.0,0.0,0.0,0.0,0.0,0.0,0.0,0.0,0.0,0.0,,,,20152.0,11960.0,11960.0,31250,35404.0
154059,North Iowa Area Community College,Mason City,IA,1,1,41.0,0.0,0.0,0.0,0.0,0.0,0.0,0.0,0.0,0.0,,,,1320.0,6653.0,9551.0,9500,43462.0
154095,University of Northern Iowa,Cedar Falls,IA,3,1,13.0,0.0,0.0,0.0,0.0,0.0,0.0,0.0,0.0,0.0,,0.9274,1122.0,7529.0,9936.0,21712.0,19691,55177.0
154101,Northwestern College,Orange City,IA,3,2,32.0,0.0,0.0,0.0,0.0,0.0,0.0,0.0,0.0,0.0,49.0,0.8036,,1175.0,36710.0,36710.0,23249,49802.0
154110,Northeast Iowa Community College,Calmar,IA,2,1,42.0,0.0,0.0,0.0,0.0,0.0,0.0,0.0,0.0,0.0,,,,1697.0,6780.0,7770.0,12000,41306.0
154129,Northwest Iowa Community College,Sheldon,IA,2,1,33.0,0.0,0.0,0.0,0.0,0.0,0.0,0.0,0.0,0.0,,,,864.0,7350.0,7650.0,9500,50776.0
154156,Des Moines University-Osteopathic Medical Center,West Des Moines,IA,4,2,41.0,0.0,0.0,0.0,0.0,0.0,0.0,0.0,0.0,0.0,,,,,,,PS,
154174,Palmer College of Chiropractic,Davenport,IA,3,2,12.0,0.0,0.0,0.0,0.0,0.0,0.0,0.0,0.0,0.0,,,,43.0,,,PS,59483.0
154208,PCI Academy-Ames,Ames,IA,1,3,13.0,0.0,0.0,0.0,0.0,0.0,0.0,0.0,0.0,0.0,,,,176.0,,,5828,31330.0
154235,Saint Ambrose University,Davenport,IA,3,2,12.0,0.0,0.0,0.0,0.0,0.0,0.0,0.0,0.0,0.0,30.0,0.7733,1093.0,1916.0,36658.0,36658.0,25000,59531.0
154262,St Luke's College,Sioux City,IA,2,2,13.0,0.0,0.0,0.0,0.0,0.0,0.0,0.0,0.0,0.0,79.0,0.8,980.0,167.0,24175.0,24175.0,15000,61033.0
154332,La James International College-Davenport,Davenport,IA,1,3,12.0,0.0,0.0,0.0,0.0,0.0,0.0,0.0,0.0,0.0,,,,127.0,,,PS,23303.0
154350,Simpson College,Indianola,IA,3,2,31.0,0.0,0.0,0.0,0.0,0.0,0.0,0.0,0.0,0.0,71.0,0.8622,1440.0,1227.0,47656.0,47656.0,26000,59274.0
154378,Southeastern Community College,West Burlington,IA,1,1,33.0,0.0,0.0,0.0,0.0,0.0,0.0,0.0,0.0,0.0,,,,1699.0,6420.0,6570.0,12000,36882.0
154396,Southwestern Community College,Creston,IA,1,1,33.0,0.0,0.0,0.0,0.0,0.0,0.0,0.0,0.0,0.0,,,,729.0,8064.0,8316.0,10975,40129.0
154448,Capri College-Davenport,Davenport,IA,1,3,12.0,0.0,0.0,0.0,0.0,0.0,0.0,0.0,0.0,0.0,,,,135.0,,,7600,26932.0
154457,Iowa School of Beauty-Sioux City,Sioux City,IA,1,3,13.0,0.0,0.0,0.0,0.0,0.0,0.0,0.0,0.0,0.0,,,,67.0,,,13389,26654.0
154466,SOHO Hair Academy,Council Bluffs,IA,1,3,21.0,0.0,0.0,0.0,0.0,0.0,0.0,0.0,0.0,0.0,,,,66.0,,,9425,17349.0
154493,Upper Iowa University,Fayette,IA,3,2,43.0,0.0,0.0,0.0,0.0,0.0,0.0,0.0,0.0,0.0,,0.9646,1090.0,1994.0,19475.0,19475.0,25000,52766.0
154518,Waldorf University,Forest City,IA,3,2,43.0,0.0,0.0,0.0,0.0,0.0,0.0,0.0,0.0,0.0,39.0,0.7698,,1827.0,25978.0,25978.0,18752,51165.0
154527,Wartburg College,Waverly,IA,3,2,32.0,0.0,0.0,0.0,0.0,0.0,0.0,0.0,0.0,0.0,39.0,0.7584,1136.0,1452.0,26250.0,26250.0,27000,56201.0
154536,Wartburg Theological Seminary,Dubuque,IA,4,2,13.0,0.0,0.0,0.0,0.0,0.0,0.0,0.0,0.0,0.0,39.0,,,,,,PS,
154545,The Salon Professional Academy-Cedar Falls,Cedar Falls,IA,1,3,13.0,0.0,0.0,0.0,0.0,0.0,0.0,0.0,0.0,0.0,,,,91.0,,,12500,20955.0
154572,Western Iowa Tech Community College,Sioux City,IA,1,1,13.0,0.0,0.0,0.0,0.0,0.0,1.0,0.0,0.0,0.0,,,,2647.0,5186.0,5330.0,11000,40473.0
154590,William Penn University,Oskaloosa,IA,3,2,33.0,0.0,0.0,0.0,0.0,0.0,0.0,0.0,0.0,0.0,65.0,0.5188,984.0,1301.0,29750.0,29750.0,22415,48936.0
154642,Allen County Community College,Iola,KS,2,1,33.0,0.0,0.0,0.0,0.0,0.0,0.0,0.0,0.0,0.0,,,,810.0,4260.0,4860.0,6954,40059.0
154688,Baker University,Baldwin City,KS,3,2,42.0,0.0,0.0,0.0,0.0,0.0,0.0,0.0,0.0,0.0,71.0,0.9419,,1100.0,35300.0,35300.0,25000,63855.0
154697,Barton County Community College,Great Bend,KS,1,1,41.0,0.0,0.0,0.0,0.0,0.0,0.0,0.0,0.0,0.0,,,,2455.0,3680.0,4960.0,9501,40428.0
154712,Benedictine College,Atchison,KS,3,2,32.0,0.0,0.0,0.0,0.0,0.0,0.0,0.0,0.0,0.0,30.0,0.9812,1252.0,2272.0,36350.0,36350.0,24599,53175.0
154721,Bethany College,Lindsborg,KS,3,2,43.0,0.0,0.0,0.0,0.0,0.0,0.0,0.0,0.0,0.0,39.0,0.56,,569.0,33000.0,33000.0,23250,49694.0
154749,Bethel College-North Newton,North Newton,KS,3,2,32.0,0.0,0.0,0.0,0.0,0.0,0.0,0.0,0.0,0.0,99.0,0.935,,504.0,35014.0,35014.0,24000,49898.0
154800,Butler Community College,El Dorado,KS,2,1,32.0,0.0,0.0,0.0,0.0,0.0,0.0,0.0,0.0,0.0,,,,5104.0,3541.0,6271.0,10500,41206.0
154855,Central Christian College of Kansas,McPherson,KS,3,2,33.0,0.0,0.0,0.0,0.0,0.0,1.0,0.0,0.0,0.0,64.0,0.5271,,380.0,21000.0,21000.0,27000,44468.0
154907,Cloud County Community College,Concordia,KS,1,1,41.0,0.0,0.0,0.0,0.0,0.0,0.0,0.0,0.0,0.0,,,,762.0,3540.0,4500.0,8000,39883.0
154925,Coffeyville Community College,Coffeyville,KS,1,1,33.0,0.0,0.0,0.0,0.0,0.0,0.0,0.0,0.0,0.0,,,,850.0,3600.0,4680.0,8103,35246.0
154934,Colby Community College,Colby,KS,1,1,33.0,0.0,0.0,0.0,0.0,0.0,0.0,0.0,0.0,0.0,,,,838.0,4140.0,5830.0,8908,41889.0
154952,Cowley County Community College,Arkansas City,KS,1,1,32.0,0.0,0.0,0.0,0.0,0.0,0.0,0.0,0.0,0.0,,,,1543.0,4800.0,6600.0,8000,37723.0
154998,Dodge City Community College,Dodge City,KS,1,1,33.0,0.0,0.0,0.0,0.0,0.0,0.0,0.0,0.0,0.0,,,,1106.0,4650.0,5850.0,8800,45427.0
155007,Donnelly College,Kansas City,KS,2,2,12.0,0.0,0.0,0.0,0.0,0.0,1.0,0.0,0.0,0.0,30.0,,,395.0,10440.0,10440.0,11842,35715.0
155025,Emporia State University,Emporia,KS,3,1,33.0,0.0,0.0,0.0,0.0,0.0,0.0,0.0,0.0,0.0,,0.9771,1120.0,2239.0,7106.0,15419.0,19500,47601.0
155052,Flint Hills Technical College,Emporia,KS,1,1,33.0,0.0,0.0,0.0,0.0,0.0,1.0,0.0,0.0,0.0,,,,352.0,6400.0,6400.0,6625,47007.0
155061,Fort Hays State University,Hays,KS,3,1,33.0,0.0,0.0,0.0,0.0,0.0,0.0,0.0,0.0,0.0,,0.9026,1089.0,9733.0,5923.0,17741.0,21000,48928.0
155070,Barclay College,Haviland,KS,3,2,43.0,0.0,0.0,0.0,0.0,0.0,0.0,0.0,0.0,0.0,65.0,0.5098,,168.0,24590.0,24590.0,27000,36355.0
155089,Friends University,Wichita,KS,3,2,11.0,0.0,0.0,0.0,0.0,0.0,0.0,0.0,0.0,0.0,,0.5522,1080.0,1048.0,34192.0,34192.0,25000,52113.0
155098,Fort Scott Community College,Fort Scott,KS,1,1,33.0,0.0,0.0,0.0,0.0,0.0,0.0,0.0,0.0,0.0,,,,693.0,3390.0,3840.0,9500,37213.0
155104,Garden City Community College,Garden City,KS,1,1,33.0,0.0,0.0,0.0,0.0,0.0,0.0,0.0,0.0,0.0,,,,1474.0,3690.0,4320.0,6500,41704.0
155140,Haskell Indian Nations University,Lawrence,KS,2,1,13.0,0.0,0.0,0.0,1.0,0.0,0.0,0.0,0.0,0.0,,0.9036,,978.0,600.0,600.0,PS,37043.0
155159,Hays Academy of Hair Design,Hays,KS,1,3,33.0,0.0,0.0,0.0,0.0,0.0,0.0,0.0,0.0,0.0,,,,83.0,,,9833,23712.0
155177,Hesston College,Hesston,KS,2,2,42.0,0.0,0.0,0.0,0.0,0.0,0.0,0.0,0.0,0.0,69.0,,,372.0,32936.0,32936.0,12000,47495.0
155186,Highland Community College,Highland,KS,1,1,42.0,0.0,0.0,0.0,0.0,0.0,0.0,0.0,0.0,0.0,,,,1279.0,4080.0,4080.0,8277,41291.0
155195,Hutchinson Community College,Hutchinson,KS,1,1,32.0,0.0,0.0,0.0,0.0,0.0,0.0,0.0,0.0,0.0,,,,3039.0,3540.0,4770.0,9773,43470.0
155201,Independence Community College,Independence,KS,2,1,41.0,0.0,0.0,0.0,0.0,0.0,0.0,0.0,0.0,0.0,,,,486.0,4560.0,4950.0,6115,34941.0
155210,Johnson County Community College,Overland Park,KS,2,1,12.0,0.0,0.0,0.0,0.0,0.0,0.0,0.0,0.0,0.0,,,,11332.0,2424.0,5688.0,8750,45387.0
155283,Concorde Career College-Kansas City,Kansas City,MO,1,3,11.0,0.0,0.0,0.0,0.0,0.0,0.0,0.0,0.0,0.0,,0.9633,,198.0,,,9500,35242.0
155292,Kansas City Kansas Community College,Kansas City,KS,1,1,12.0,0.0,0.0,0.0,0.0,0.0,1.0,0.0,0.0,0.0,,,,3319.0,3210.0,6945.0,8793,40795.0
155308,Kansas Christian College,Overland Park,KS,3,2,12.0,0.0,0.0,0.0,0.0,0.0,0.0,0.0,0.0,0.0,57.0,,,143.0,11720.0,11720.0,PS,
155317,University of Kansas,Lawrence,KS,3,1,13.0,0.0,0.0,0.0,0.0,0.0,0.0,0.0,0.0,0.0,,0.9348,1190.0,21217.0,12102.0,30432.0,21000,61945.0
155335,Newman University,Wichita,KS,3,2,11.0,0.0,0.0,0.0,0.0,0.0,1.0,0.0,0.0,0.0,30.0,0.7398,,851.0,35500.0,35500.0,20801,55041.0
155353,Old Town Barber College,Wichita,KS,1,3,11.0,0.0,0.0,0.0,0.0,0.0,0.0,0.0,0.0,0.0,,,,97.0,,,13000,21295.0
155399,Kansas State University,Manhattan,KS,3,1,13.0,0.0,0.0,0.0,0.0,0.0,0.0,0.0,0.0,0.0,,0.8169,1151.0,15142.0,11221.0,28568.0,21250,57262.0
155414,Kansas Wesleyan University,Salina,KS,3,2,33.0,0.0,0.0,0.0,0.0,0.0,0.0,0.0,0.0,0.0,71.0,0.719,,956.0,34630.0,34630.0,23250,51152.0
155423,Washburn Institute of Technology,Topeka,KS,1,1,12.0,0.0,0.0,0.0,0.0,0.0,0.0,0.0,0.0,0.0,,,,615.0,8880.0,8880.0,18127,49774.0
155450,Labette Community College,Parsons,KS,2,1,33.0,0.0,0.0,0.0,0.0,0.0,0.0,0.0,0.0,0.0,,,,801.0,4064.0,4864.0,10500,37818.0
155487,Manhattan Area Technical College,Manhattan,KS,1,1,13.0,0.0,0.0,0.0,0.0,0.0,0.0,0.0,0.0,0.0,,,,342.0,9844.0,9844.0,9500,51864.0
155496,Manhattan Christian College,Manhattan,KS,3,2,13.0,0.0,0.0,0.0,0.0,0.0,0.0,0.0,0.0,0.0,48.0,1.0,1020.0,146.0,19126.0,19126.0,24250,48860.0
155511,McPherson College,McPherson,KS,3,2,33.0,0.0,0.0,0.0,0.0,0.0,0.0,0.0,0.0,0.0,58.0,0.7676,1058.0,872.0,37310.0,37310.0,25242,52084.0
155520,MidAmerica Nazarene University,Olathe,KS,3,2,21.0,0.0,0.0,0.0,0.0,0.0,0.0,0.0,0.0,0.0,59.0,0.788,1048.0,983.0,37174.0,37174.0,15000,62972.0
155566,Neosho County Community College,Chanute,KS,1,1,33.0,0.0,0.0,0.0,0.0,0.0,0.0,0.0,0.0,0.0,,,,862.0,5780.0,5780.0,8500,45966.0
155593,Fort Hays Tech North Central,Beloit,KS,1,1,43.0,0.0,0.0,0.0,0.0,0.0,0.0,0.0,0.0,0.0,,,,441.0,7350.0,7350.0,10000,46928.0
155618,Fort Hays State University-Northwest Kansas Technical College,Goodland,KS,1,1,33.0,0.0,0.0,0.0,0.0,0.0,1.0,0.0,0.0,0.0,,,,315.0,,,12000,38616.0
155627,Ottawa University-Ottawa,Ottawa,KS,3,2,32.0,0.0,0.0,0.0,0.0,0.0,0.0,0.0,0.0,0.0,52.0,0.8296,1000.0,870.0,35880.0,35880.0,21500,55552.0
155636,Ottawa University-Kansas City,Overland Park,KS,3,2,12.0,0.0,0.0,0.0,0.0,0.0,0.0,0.0,0.0,0.0,52.0,,,219.0,,,21500,55552.0
155681,Pittsburg State University,Pittsburg,KS,3,1,32.0,0.0,0.0,0.0,0.0,0.0,0.0,0.0,0.0,0.0,,0.8942,1050.0,4210.0,8400.0,19744.0,18969,50579.0
155715,Pratt Community College,Pratt,KS,1,1,33.0,0.0,0.0,0.0,0.0,0.0,0.0,0.0,0.0,0.0,,,,579.0,4256.0,4936.0,6500,51892.0
155812,University of Saint Mary,Leavenworth,KS,3,2,31.0,0.0,0.0,0.0,0.0,0.0,0.0,0.0,0.0,0.0,30.0,0.8663,1029.0,925.0,35380.0,35380.0,22018,59483.0
155830,Salina Area Technical College,Salina,KS,1,1,33.0,0.0,0.0,0.0,0.0,0.0,0.0,0.0,0.0,0.0,,,,330.0,7128.0,7128.0,7000,42175.0
155858,Seward County Community College,Liberal,KS,1,1,33.0,0.0,0.0,0.0,0.0,0.0,1.0,0.0,0.0,0.0,,,,1166.0,4032.0,5408.0,6500,41445.0
155900,Southwestern College,Winfield,KS,3,2,32.0,0.0,0.0,0.0,0.0,0.0,0.0,0.0,0.0,0.0,71.0,0.7555,,924.0,39822.0,39822.0,25000,55646.0
155937,Sterling College,Sterling,KS,3,2,43.0,0.0,0.0,0.0,0.0,0.0,0.0,0.0,0.0,0.0,,0.4817,,538.0,33700.0,33700.0,24625,45846.0
155973,Tabor College,Hillsboro,KS,3,2,43.0,0.0,0.0,0.0,0.0,0.0,0.0,0.0,0.0,0.0,43.0,0.6458,,494.0,36200.0,36200.0,23887,54058.0
156082,Washburn University,Topeka,KS,3,1,12.0,0.0,0.0,0.0,0.0,0.0,0.0,0.0,0.0,0.0,,,,4562.0,9945.0,20949.0,18127,49774.0
156107,Wichita State University-Campus of Applied Sciences and Technology,Wichita,KS,1,1,11.0,0.0,0.0,0.0,0.0,0.0,1.0,0.0,0.0,0.0,,,,2828.0,7238.0,7238.0,9500,38679.0
156125,Wichita State University,Wichita,KS,3,1,11.0,0.0,0.0,0.0,0.0,0.0,0.0,0.0,0.0,0.0,,0.9395,1092.0,10780.0,9684.0,19869.0,20500,51532.0
156134,Wichita Technical Institute,Wichita,KS,1,3,11.0,0.0,0.0,0.0,0.0,0.0,0.0,0.0,0.0,0.0,,,,778.0,,,13000,34101.0
156189,Alice Lloyd College,Pippa Passes,KY,3,2,43.0,0.0,0.0,0.0,0.0,0.0,0.0,0.0,0.0,0.0,,0.7523,1015.0,558.0,13960.0,13960.0,19599,40573.0
156213,Asbury University,Wilmore,KY,3,2,31.0,0.0,0.0,0.0,0.0,0.0,0.0,0.0,0.0,0.0,,0.634,,1420.0,33640.0,33640.0,24028,42368.0
156222,Asbury Theological Seminary,Wilmore,KY,4,2,31.0,0.0,0.0,0.0,0.0,0.0,0.0,0.0,0.0,0.0,42.0,,,,,,PS,
156231,Ashland Community and Technical College,Ashland,KY,1,1,13.0,0.0,0.0,0.0,0.0,0.0,0.0,0.0,0.0,0.0,,,,1631.0,4728.0,6432.0,10950,34504.0
156286,Bellarmine University,Louisville,KY,3,2,11.0,0.0,0.0,0.0,0.0,0.0,0.0,0.0,0.0,0.0,30.0,0.8611,1210.0,2161.0,48770.0,48770.0,25000,62069.0
156295,Berea College,Berea,KY,3,2,32.0,0.0,0.0,0.0,0.0,0.0,0.0,0.0,0.0,0.0,,0.1934,1249.0,1513.0,51658.0,51658.0,3591,43150.0
156310,PJ's College of Cosmetology-Bowling Green,Bowling Green,KY,1,3,13.0,0.0,0.0,0.0,0.0,0.0,0.0,0.0,0.0,0.0,,,,219.0,,,7917,20392.0
156338,Southcentral Kentucky Community and Technical College,Bowling Green,KY,1,1,13.0,0.0,0.0,0.0,0.0,0.0,0.0,0.0,0.0,0.0,,,,3308.0,4728.0,6432.0,10175,34242.0
156356,Brescia University,Owensboro,KY,3,2,13.0,0.0,0.0,0.0,0.0,0.0,0.0,0.0,0.0,0.0,30.0,0.3524,,545.0,31550.0,31550.0,29430,45500.0
156365,Campbellsville University,Campbellsville,KY,3,2,32.0,0.0,0.0,0.0,0.0,0.0,0.0,0.0,0.0,0.0,54.0,0.7974,,2840.0,27998.0,27998.0,17156,41583.0
156392,Bluegrass Community and Technical College,Lexington,KY,1,1,11.0,0.0,0.0,0.0,0.0,0.0,0.0,0.0,0.0,0.0,,,,8244.0,4808.0,6512.0,10500,36343.0
156408,Centre College,Danville,KY,3,2,32.0,0.0,0.0,0.0,0.0,0.0,0.0,0.0,0.0,0.0,,0.5436,1352.0,1400.0,52820.0,52820.0,27000,66240.0
156417,Clear Creek Baptist Bible College,Pineville,KY,3,2,42.0,0.0,0.0,0.0,0.0,0.0,0.0,0.0,0.0,0.0,75.0,,,159.0,10720.0,10720.0,PS,41623.0
156426,Paul Mitchell the School-Lexington,Lexington,KY,1,3,11.0,0.0,0.0,0.0,0.0,0.0,0.0,0.0,0.0,0.0,,,,189.0,,,9833,23207.0
156471,Galen College of Nursing-Louisville,Louisville,KY,3,3,11.0,0.0,0.0,0.0,0.0,0.0,0.0,0.0,0.0,0.0,,,,4801.0,,,24166,61480.0
156541,University of the Cumberlands,Williamsburg,KY,3,2,33.0,0.0,0.0,0.0,0.0,0.0,0.0,0.0,0.0,0.0,54.0,0.9881,,6941.0,9875.0,9875.0,14911,45036.0
156620,Eastern Kentucky University,Richmond,KY,3,1,32.0,0.0,0.0,0.0,0.0,0.0,0.0,0.0,0.0,0.0,,0.7761,1149.0,12318.0,10320.0,21230.0,22500,45795.0
156648,Elizabethtown Community and Technical College,Elizabethtown,KY,1,1,13.0,0.0,0.0,0.0,0.0,0.0,0.0,0.0,0.0,0.0,,,,4088.0,4728.0,6432.0,9055,36143.0
156727,Frontier Nursing University,Versailles,KY,4,2,41.0,0.0,0.0,0.0,0.0,0.0,0.0,0.0,0.0,0.0,,,,,,,PS,
156745,Georgetown College,Georgetown,KY,3,2,31.0,0.0,0.0,0.0,0.0,0.0,0.0,0.0,0.0,0.0,42.0,0.9106,1138.0,1097.0,42840.0,42840.0,25200,52074.0
156754,PJ's College of Cosmetology-Glasgow,Glasgow,KY,1,3,32.0,0.0,0.0,0.0,0.0,0.0,0.0,0.0,0.0,0.0,,,,44.0,,,14042,18537.0
156790,Hazard Community and Technical College,Hazard,KY,1,1,33.0,0.0,0.0,0.0,0.0,0.0,0.0,0.0,0.0,0.0,,,,1506.0,4728.0,6432.0,10125,29868.0
156842,Paul Mitchell the School-Louisville,Louisville,KY,1,3,21.0,0.0,0.0,0.0,0.0,0.0,0.0,0.0,0.0,0.0,,,,233.0,,,9833,28449.0
156851,Henderson Community College,Henderson,KY,1,1,41.0,0.0,0.0,0.0,0.0,0.0,0.0,0.0,0.0,0.0,,,,880.0,4728.0,6432.0,10483,35714.0
156860,Hopkinsville Community College,Hopkinsville,KY,1,1,32.0,0.0,0.0,0.0,0.0,0.0,0.0,0.0,0.0,0.0,,,,1630.0,4728.0,6432.0,10691,36323.0
156921,Jefferson Community and Technical College,Louisville,KY,1,1,11.0,0.0,0.0,0.0,0.0,0.0,0.0,0.0,0.0,0.0,,,,7744.0,4808.0,6512.0,11651,38171.0
156967,Summit Salon Academy-Lexington,Lexington,KY,1,3,11.0,0.0,0.0,0.0,0.0,0.0,0.0,0.0,0.0,0.0,,0.8125,,154.0,,,7917,24148.0
157021,American National University-Louisville,Louisville,KY,2,3,33.0,0.0,0.0,0.0,0.0,0.0,0.0,0.0,0.0,0.0,,,,347.0,12456.0,12456.0,23618,28188.0
157030,Kentucky Mountain Bible College,Jackson,KY,3,2,43.0,0.0,0.0,0.0,0.0,0.0,0.0,0.0,0.0,0.0,78.0,1.0,1080.0,69.0,10360.0,10360.0,PS,21256.0
157058,Kentucky State University,Frankfort,KY,3,1,32.0,1.0,0.0,0.0,0.0,0.0,0.0,0.0,0.0,0.0,,0.9608,870.0,1309.0,9387.0,13658.0,25938,36382.0
157076,Kentucky Wesleyan College,Owensboro,KY,3,2,13.0,0.0,0.0,0.0,0.0,0.0,0.0,0.0,0.0,0.0,71.0,0.716,1044.0,842.0,34673.0,34673.0,23250,46747.0
157085,University of Kentucky,Lexington,KY,3,1,11.0,0.0,0.0,0.0,0.0,0.0,0.0,0.0,0.0,0.0,,0.9294,1215.0,24763.0,13502.0,34140.0,22500,59025.0
157100,Kentucky Christian University,Grayson,KY,3,2,32.0,0.0,0.0,0.0,0.0,0.0,0.0,0.0,0.0,0.0,48.0,0.6091,1090.0,429.0,26625.0,26625.0,22250,42375.0
157207,Lexington Theological Seminary,Lexington,KY,4,2,11.0,0.0,0.0,0.0,0.0,0.0,0.0,0.0,0.0,0.0,61.0,,,,,,PS,
157216,Lindsey Wilson University,Columbia,KY,3,2,33.0,0.0,0.0,0.0,0.0,0.0,0.0,0.0,0.0,0.0,71.0,,,1585.0,27808.0,27808.0,16784,41129.0
157289,University of Louisville,Louisville,KY,3,1,11.0,0.0,0.0,0.0,0.0,0.0,0.0,0.0,0.0,0.0,,0.7941,1150.0,14727.0,13136.0,29482.0,20500,53899.0
157298,Louisville Presbyterian Theological Seminary,Louisville,KY,4,2,11.0,0.0,0.0,0.0,0.0,0.0,0.0,0.0,0.0,0.0,66.0,,,,,,,
157304,Madisonville Community College,Madisonville,KY,1,1,32.0,0.0,0.0,0.0,0.0,0.0,0.0,0.0,0.0,0.0,,,,1841.0,4728.0,6432.0,8450,35733.0
157331,Maysville Community and Technical College,Maysville,KY,1,1,41.0,0.0,0.0,0.0,0.0,0.0,0.0,0.0,0.0,0.0,,,,2284.0,4728.0,6432.0,11500,32194.0
157377,Midway University,Midway,KY,3,2,42.0,0.0,0.0,0.0,0.0,0.0,0.0,0.0,0.0,0.0,61.0,0.9514,1122.0,1262.0,27220.0,27220.0,21301,44246.0
157386,Morehead State University,Morehead,KY,3,1,33.0,0.0,0.0,0.0,0.0,0.0,0.0,0.0,0.0,0.0,,0.7721,,4578.0,10024.0,14980.0,22250,43197.0
157401,Murray State University,Murray,KY,3,1,32.0,0.0,0.0,0.0,0.0,0.0,0.0,0.0,0.0,0.0,,0.8568,1133.0,6688.0,9900.0,19836.0,20500,44737.0
157438,Gateway Community and Technical College,Florence,KY,1,1,21.0,0.0,0.0,0.0,0.0,0.0,0.0,0.0,0.0,0.0,,,,3167.0,4728.0,6432.0,10711,36147.0
157447,Northern Kentucky University,Highland Heights,KY,3,1,21.0,0.0,0.0,0.0,0.0,0.0,0.0,0.0,0.0,0.0,,0.6765,1087.0,8246.0,11088.0,21912.0,23000,50220.0
157483,West Kentucky Community and Technical College,Paducah,KY,1,1,13.0,0.0,0.0,0.0,0.0,0.0,0.0,0.0,0.0,0.0,,,,2851.0,4728.0,6432.0,8986,34891.0
157535,University of Pikeville,Pikeville,KY,3,2,33.0,0.0,0.0,0.0,0.0,0.0,0.0,0.0,0.0,0.0,66.0,,,1135.0,24850.0,24850.0,20679,48231.0
157553,Big Sandy Community and Technical College,Prestonsburg,KY,1,1,33.0,0.0,0.0,0.0,0.0,0.0,0.0,0.0,0.0,0.0,,,,1604.0,4728.0,6432.0,9357,32954.0
157614,Empire Beauty School-Chenoweth,Louisville,KY,1,3,21.0,0.0,0.0,0.0,0.0,0.0,0.0,0.0,0.0,0.0,,,,100.0,,,10667,23921.0
157650,Empire Beauty School-Elizabethtown,Elizabethtown,KY,1,3,13.0,0.0,0.0,0.0,0.0,0.0,0.0,0.0,0.0,0.0,,,,171.0,,,10667,24022.0
157669,Empire Beauty School-Dixie,Louisville,KY,1,3,11.0,0.0,0.0,0.0,0.0,0.0,0.0,0.0,0.0,0.0,,,,119.0,,,10667,24397.0
157678,Empire Beauty School-Florence,Florence,KY,1,3,21.0,0.0,0.0,0.0,0.0,0.0,0.0,0.0,0.0,0.0,,,,124.0,,,13000,23925.0
157711,Somerset Community College,Somerset,KY,1,1,33.0,0.0,0.0,0.0,0.0,0.0,0.0,0.0,0.0,0.0,,,,4166.0,4728.0,6432.0,12215,30787.0
157739,Southeast Kentucky Community & Technical College,Cumberland,KY,1,1,43.0,0.0,0.0,0.0,0.0,0.0,0.0,0.0,0.0,0.0,,,,1721.0,4728.0,6432.0,6919,29482.0
157748,The Southern Baptist Theological Seminary,Louisville,KY,3,2,11.0,0.0,0.0,0.0,0.0,0.0,0.0,0.0,0.0,0.0,75.0,0.5587,1120.0,848.0,11046.0,11046.0,PS,
157757,Spalding University,Louisville,KY,3,2,11.0,0.0,0.0,0.0,0.0,0.0,0.0,0.0,0.0,0.0,30.0,0.9945,977.0,583.0,29200.0,29200.0,25250,49438.0
157793,Sullivan University,Louisville,KY,2,3,11.0,0.0,0.0,0.0,0.0,0.0,0.0,0.0,0.0,0.0,,,,2026.0,15480.0,15480.0,20000,38008.0
157809,Thomas More University,Crestview Hills,KY,3,2,21.0,0.0,0.0,0.0,0.0,0.0,0.0,0.0,0.0,0.0,30.0,0.9035,1180.0,1293.0,39800.0,39800.0,26236,59384.0
157818,Transylvania University,Lexington,KY,3,2,11.0,0.0,0.0,0.0,0.0,0.0,0.0,0.0,0.0,0.0,61.0,0.8655,1287.0,1005.0,46870.0,46870.0,27000,54705.0
157863,Union Commonwealth University,Barbourville,KY,3,2,33.0,0.0,0.0,0.0,0.0,0.0,0.0,0.0,0.0,0.0,71.0,0.6315,980.0,746.0,30946.0,30946.0,24250,42002.0
157951,Western Kentucky University,Bowling Green,KY,3,1,13.0,0.0,0.0,0.0,0.0,0.0,0.0,0.0,0.0,0.0,,0.9387,971.0,12155.0,11652.0,27000.0,22095,43889.0
158088,Central Louisiana Technical Community College,Alexandria,LA,1,1,13.0,0.0,0.0,0.0,0.0,0.0,0.0,0.0,0.0,0.0,,,,1078.0,4099.0,4099.0,7000,29558.0
158246,Ayers Career College,Shreveport,LA,1,3,12.0,0.0,0.0,0.0,0.0,0.0,0.0,0.0,0.0,0.0,,,,256.0,,,9500,29935.0
158325,Baton Rouge General Medical Center School of Nursing & School of Radiologic Technology,Baton Rouge,LA,1,2,12.0,0.0,0.0,0.0,0.0,0.0,0.0,0.0,0.0,0.0,,,,135.0,,,16750,75071.0
158431,Bossier Parish Community College,Bossier City,LA,1,1,13.0,0.0,1.0,0.0,0.0,0.0,0.0,0.0,0.0,0.0,,,,4935.0,4283.0,4283.0,17500,34502.0
158477,Centenary College of Louisiana,Shreveport,LA,3,2,12.0,0.0,0.0,0.0,0.0,0.0,0.0,0.0,0.0,0.0,71.0,0.5574,1144.0,685.0,41200.0,41200.0,27000,50330.0
158538,Cloyd's Beauty School 1 Inc,West Monroe,LA,1,3,22.0,0.0,0.0,0.0,0.0,0.0,0.0,0.0,0.0,0.0,,,,48.0,,,PS,18603.0
158617,Crescent City Bartending School,New Orleans,LA,1,3,11.0,0.0,0.0,0.0,0.0,0.0,0.0,0.0,0.0,0.0,,,,570.0,,,9500,22407.0
158662,Delgado Community College,New Orleans,LA,1,1,11.0,0.0,1.0,0.0,0.0,0.0,0.0,0.0,0.0,0.0,,,,11668.0,4279.0,4279.0,20198,33305.0
158778,Delta College West,Lake Charles,LA,1,3,13.0,0.0,0.0,0.0,0.0,0.0,0.0,0.0,0.0,0.0,,,,78.0,,,9573,
158787,Denham Springs Beauty School,Denham Springs,LA,1,3,21.0,0.0,0.0,0.0,0.0,0.0,0.0,0.0,0.0,0.0,,,,89.0,,,PS,18298.0
158802,Dillard University,New Orleans,LA,3,2,11.0,1.0,0.0,0.0,0.0,0.0,0.0,0.0,0.0,0.0,71.0,0.4186,1050.0,1063.0,23918.0,23918.0,31000,39196.0
158884,Nunez Community College,Chalmette,LA,1,1,21.0,0.0,0.0,0.0,0.0,0.0,0.0,0.0,0.0,0.0,,,,1520.0,4255.0,4255.0,13000,35343.0
159009,Grambling State University,Grambling,LA,3,1,32.0,1.0,0.0,0.0,0.0,0.0,0.0,0.0,0.0,0.0,,0.4486,943.0,4164.0,7683.0,16706.0,36500,41109.0
159027,Belbo Beauty Institute,Shreveport,LA,1,3,12.0,0.0,0.0,0.0,0.0,0.0,0.0,0.0,0.0,0.0,,,,84.0,,,9500,16792.0
159197,ITI Technical College,Baton Rouge,LA,2,3,21.0,0.0,0.0,0.0,0.0,0.0,0.0,0.0,0.0,0.0,,,,555.0,11711.0,11711.0,15006,68342.0
159328,John Jay Beauty College,Kenner,LA,1,3,21.0,0.0,0.0,0.0,0.0,0.0,0.0,0.0,0.0,0.0,,,,81.0,,,PS,17985.0
159373,Louisiana State University Health Sciences Center-New Orleans,New Orleans,LA,3,1,11.0,0.0,0.0,0.0,0.0,0.0,0.0,0.0,0.0,0.0,,,,862.0,,,19500,78495.0
159382,Louisiana State University at Alexandria,Alexandria,LA,3,1,41.0,0.0,0.0,0.0,0.0,0.0,0.0,0.0,0.0,0.0,,0.9208,1022.0,5632.0,7050.0,14650.0,19000,42205.0
159391,Louisiana State University and Agricultural & Mechanical College,Baton Rouge,LA,3,1,12.0,0.0,0.0,0.0,0.0,0.0,0.0,0.0,0.0,0.0,,0.7333,1285.0,30594.0,11954.0,28631.0,20500,61251.0
159407,Louisiana State University-Eunice,Eunice,LA,2,1,32.0,0.0,0.0,0.0,0.0,0.0,0.0,0.0,0.0,0.0,,,,2826.0,4730.0,10094.0,14250,36498.0
159416,Louisiana State University-Shreveport,Shreveport,LA,3,1,12.0,0.0,0.0,0.0,0.0,0.0,0.0,0.0,0.0,0.0,,0.5055,1090.0,2153.0,7518.0,7518.0,22500,47477.0
159513,Aveda Arts & Sciences Institute-Baton Rouge,Baton Rouge,LA,1,3,21.0,0.0,0.0,0.0,0.0,0.0,0.0,0.0,0.0,0.0,,,,175.0,,,9833,25903.0
159522,Aveda Arts & Sciences Institute-Lafayette,Lafayette,LA,1,3,12.0,0.0,0.0,0.0,0.0,0.0,0.0,0.0,0.0,0.0,,,,144.0,,,7916,23904.0
159568,Louisiana Christian University,Pineville,LA,3,2,23.0,0.0,0.0,0.0,0.0,0.0,0.0,0.0,0.0,0.0,75.0,0.7719,,672.0,20266.0,20266.0,21875,51700.0
159601,Opelousas School of Cosmetology,Opelousas,LA,1,3,32.0,0.0,0.0,0.0,0.0,0.0,0.0,0.0,0.0,0.0,,,,37.0,,,PS,26459.0
159647,Louisiana Tech University,Ruston,LA,3,1,32.0,0.0,0.0,0.0,0.0,0.0,0.0,0.0,0.0,0.0,,0.864,1191.0,8312.0,10125.0,16866.0,22135,52279.0
159656,Loyola University New Orleans,New Orleans,LA,3,2,11.0,0.0,0.0,0.0,0.0,0.0,0.0,0.0,0.0,0.0,30.0,0.9305,,2812.0,49440.0,49440.0,26000,52927.0
159717,McNeese State University,Lake Charles,LA,3,1,13.0,0.0,0.0,0.0,0.0,0.0,0.0,0.0,0.0,0.0,,0.7827,1087.0,5005.0,8489.0,9989.0,23000,46453.0
159939,University of New Orleans,New Orleans,LA,3,1,11.0,0.0,0.0,0.0,0.0,0.0,0.0,0.0,0.0,0.0,,0.7431,1052.0,4638.0,9172.0,14008.0,18750,47872.0
159948,New Orleans Baptist Theological Seminary,New Orleans,LA,3,2,11.0,0.0,0.0,0.0,0.0,0.0,0.0,0.0,0.0,0.0,75.0,,,865.0,12468.0,12468.0,PS,
159966,Nicholls State University,Thibodaux,LA,3,1,13.0,0.0,0.0,0.0,0.0,0.0,0.0,0.0,0.0,0.0,,0.908,1090.0,4737.0,8149.0,9242.0,22675,45454.0
159993,University of Louisiana at Monroe,Monroe,LA,3,1,13.0,0.0,0.0,0.0,0.0,0.0,0.0,0.0,0.0,0.0,,0.8475,1116.0,5022.0,9190.0,21290.0,21500,46769.0
160010,Northwest Louisiana Technical Community College,Minden,LA,1,1,41.0,0.0,1.0,0.0,0.0,0.0,0.0,0.0,0.0,0.0,,,,866.0,4109.0,4109.0,PS,32503.0
160038,Northwestern State University of Louisiana,Natchitoches,LA,3,1,33.0,0.0,0.0,0.0,0.0,0.0,0.0,0.0,0.0,0.0,,0.9254,1088.0,5519.0,8864.0,19652.0,25000,47021.0
160065,University of Holy Cross,New Orleans,LA,3,2,11.0,0.0,0.0,0.0,0.0,0.0,0.0,0.0,0.0,0.0,30.0,0.7366,,471.0,16576.0,16576.0,26995,49316.0
160074,Franciscan Missionaries of Our Lady University,Baton Rouge,LA,3,2,12.0,0.0,0.0,0.0,0.0,0.0,0.0,0.0,0.0,0.0,30.0,0.987,,821.0,18310.0,18310.0,27672,59419.0
160126,Celebrity Stylist Beauty School,Monroe,LA,1,3,13.0,0.0,0.0,0.0,0.0,0.0,0.0,0.0,0.0,0.0,,,,51.0,,,9500,22002.0
160199,Pineville Beauty School,Pineville,LA,1,3,23.0,0.0,0.0,0.0,0.0,0.0,0.0,0.0,0.0,0.0,,,,45.0,,,PS,19411.0
160320,Aveda Arts & Sciences Institute-Covington,Covington,LA,1,3,13.0,0.0,0.0,0.0,0.0,0.0,0.0,0.0,0.0,0.0,,,,2078.0,,,7917,30334.0
160409,Saint Joseph Seminary College,St. Benedict,LA,3,2,41.0,0.0,0.0,0.0,0.0,0.0,0.0,0.0,1.0,0.0,30.0,,,93.0,28025.0,28025.0,PS,38366.0
160472,LaSalle Tech,Houma,LA,1,3,13.0,0.0,0.0,0.0,0.0,0.0,0.0,0.0,0.0,0.0,,,,193.0,,,6333,20975.0
160481,Fletcher Technical Community College,Schriever,LA,1,1,41.0,0.0,0.0,0.0,0.0,0.0,0.0,0.0,0.0,0.0,,,,2136.0,4219.0,4219.0,10064,32189.0
160524,Remington College-Lafayette Campus,Lafayette,LA,1,2,12.0,0.0,0.0,0.0,0.0,0.0,0.0,0.0,0.0,0.0,,,,230.0,16312.0,16312.0,13271,31349.0
160579,SOWELA Technical Community College,Lake Charles,LA,1,1,13.0,0.0,0.0,0.0,0.0,0.0,0.0,0.0,0.0,0.0,,,,2966.0,4305.0,4305.0,PS,32303.0
160612,Southeastern Louisiana University,Hammond,LA,3,1,13.0,0.0,0.0,0.0,0.0,0.0,0.0,0.0,0.0,0.0,,0.9931,1090.0,9514.0,8373.0,20851.0,22113,46482.0
160621,Southern University and A & M College,Baton Rouge,LA,3,1,12.0,1.0,0.0,0.0,0.0,0.0,0.0,0.0,0.0,0.0,,0.3512,942.0,5519.0,9922.0,17272.0,29251,43371.0
160630,Southern University at New Orleans,New Orleans,LA,3,1,11.0,1.0,0.0,0.0,0.0,0.0,0.0,0.0,0.0,0.0,,0.789,944.0,1055.0,8054.0,16954.0,31000,34042.0
160649,Southern University at Shreveport,Shreveport,LA,2,1,12.0,1.0,0.0,0.0,0.0,0.0,0.0,0.0,0.0,0.0,,,,1910.0,4958.0,4958.0,18500,33099.0
160658,University of Louisiana at Lafayette,Lafayette,LA,3,1,12.0,0.0,0.0,0.0,0.0,0.0,0.0,0.0,0.0,0.0,,0.8701,1219.0,12428.0,10418.0,24146.0,22902,47089.0
160667,Northshore Technical Community College,Lacombe,LA,1,1,41.0,0.0,0.0,0.0,0.0,0.0,0.0,0.0,0.0,0.0,,,,2505.0,4299.0,4299.0,12000,29734.0
160755,Tulane University of Louisiana,New Orleans,LA,3,2,11.0,0.0,0.0,0.0,0.0,0.0,0.0,0.0,0.0,0.0,,0.1398,1448.0,7767.0,68678.0,68678.0,20500,63268.0
160904,Xavier University of Louisiana,New Orleans,LA,3,2,11.0,1.0,0.0,0.0,0.0,0.0,0.0,0.0,0.0,0.0,30.0,0.6904,1080.0,2628.0,28733.0,28733.0,24053,52184.0
160959,College of the Atlantic,Bar Harbor,ME,3,2,43.0,0.0,0.0,0.0,0.0,0.0,0.0,0.0,0.0,0.0,,0.7017,1370.0,353.0,47997.0,47997.0,25050,40264.0
160977,Bates College,Lewiston,ME,3,2,13.0,0.0,0.0,0.0,0.0,0.0,0.0,0.0,0.0,0.0,,0.1332,1468.0,1760.0,66590.0,66590.0,14275,69498.0
160995,Beal University,Bangor,ME,2,3,13.0,0.0,0.0,0.0,0.0,0.0,0.0,0.0,0.0,0.0,,,,484.0,,,19500,35639.0
161004,Bowdoin College,Brunswick,ME,3,2,31.0,0.0,0.0,0.0,0.0,0.0,0.0,0.0,0.0,0.0,,0.0713,1520.0,1873.0,67832.0,67832.0,18500,82735.0
161022,Maine College of Health Professions,Lewiston,ME,2,2,13.0,0.0,0.0,0.0,0.0,0.0,0.0,0.0,0.0,0.0,,0.7143,,239.0,20952.0,20952.0,15250,79840.0
161077,Central Maine Community College,Auburn,ME,2,1,13.0,0.0,0.0,0.0,0.0,0.0,0.0,0.0,0.0,0.0,,,,2952.0,4140.0,7020.0,12000,42448.0
161086,Colby College,Waterville,ME,3,2,33.0,0.0,0.0,0.0,0.0,0.0,0.0,0.0,0.0,0.0,,0.0709,1501.0,2407.0,69600.0,69600.0,19157,80490.0
161138,Eastern Maine Community College,Bangor,ME,2,1,13.0,0.0,0.0,0.0,0.0,0.0,0.0,0.0,0.0,0.0,,,,1840.0,4156.0,7036.0,11293,41704.0
161192,Kennebec Valley Community College,Fairfield,ME,2,1,33.0,0.0,0.0,0.0,0.0,0.0,0.0,0.0,0.0,0.0,,,,1597.0,4156.0,7036.0,13255,36035.0
161208,The Landing School,Arundel,ME,1,2,41.0,0.0,0.0,0.0,0.0,0.0,0.0,0.0,0.0,0.0,,,,32.0,29060.0,29060.0,PS,65849.0
161217,University of Maine at Augusta,Augusta,ME,3,1,32.0,0.0,0.0,0.0,0.0,0.0,0.0,0.0,0.0,0.0,,,,2659.0,8888.0,22178.0,22734,40342.0
161226,University of Maine at Farmington,Farmington,ME,3,1,43.0,0.0,0.0,0.0,0.0,0.0,0.0,0.0,0.0,0.0,,0.9672,1130.0,1140.0,11308.0,23878.0,24499,44433.0
161235,University of Maine at Fort Kent,Fort Kent,ME,3,1,43.0,0.0,0.0,0.0,0.0,0.0,0.0,0.0,0.0,0.0,,0.9792,,599.0,9420.0,14880.0,20160,51077.0
161253,University of Maine,Orono,ME,3,1,23.0,0.0,0.0,0.0,0.0,0.0,0.0,0.0,0.0,0.0,,0.9664,,8496.0,13326.0,36756.0,25000,48653.0
161299,Maine Maritime Academy,Castine,ME,3,1,42.0,0.0,0.0,0.0,0.0,0.0,0.0,0.0,0.0,0.0,,0.5414,1166.0,942.0,15158.0,31102.0,27000,89964.0
161341,University of Maine at Presque Isle,Presque Isle,ME,3,1,41.0,0.0,0.0,0.0,0.0,0.0,0.0,0.0,0.0,0.0,,0.9987,,1913.0,9402.0,14862.0,16000,40956.0
161457,University of New England,Biddeford,ME,3,2,22.0,0.0,0.0,0.0,0.0,0.0,0.0,0.0,0.0,0.0,,0.9163,,2135.0,44210.0,44210.0,25250,55921.0
161484,Northern Maine Community College,Presque Isle,ME,2,1,33.0,0.0,0.0,0.0,0.0,0.0,0.0,0.0,0.0,0.0,,,,638.0,4156.0,7036.0,10825,43348.0
161493,Empire Beauty School-Maine,Bangor,ME,1,3,13.0,0.0,0.0,0.0,0.0,0.0,0.0,0.0,0.0,0.0,,,,117.0,,,13000,23925.0
161509,Maine College of Art & Design,Portland,ME,3,2,13.0,0.0,0.0,0.0,0.0,0.0,0.0,0.0,0.0,0.0,,0.7606,,415.0,42942.0,42942.0,27000,40778.0
161518,Saint Joseph's College of Maine,Standish,ME,3,2,41.0,0.0,0.0,0.0,0.0,0.0,0.0,0.0,0.0,0.0,30.0,0.8351,1040.0,964.0,44420.0,44420.0,27000,59045.0
161527,Spa Tech Institute-Westbrook,Westbrook,ME,1,3,22.0,0.0,0.0,0.0,0.0,0.0,0.0,0.0,0.0,0.0,,,,263.0,,,6333,27803.0
161545,Southern Maine Community College,South Portland,ME,2,1,13.0,0.0,0.0,0.0,0.0,0.0,0.0,0.0,0.0,0.0,,,,5675.0,4156.0,7036.0,10331,41661.0
161554,University of Southern Maine,Portland,ME,3,1,13.0,0.0,0.0,0.0,0.0,0.0,0.0,0.0,0.0,0.0,,0.7923,1116.0,4222.0,11284.0,27944.0,19060,49958.0
161563,Thomas College,Waterville,ME,3,2,33.0,0.0,0.0,0.0,0.0,0.0,0.0,0.0,0.0,0.0,,0.963,,647.0,31824.0,31824.0,24250,44991.0
161572,Unity Environmental University,New Gloucester,ME,3,2,42.0,0.0,0.0,0.0,0.0,0.0,0.0,0.0,0.0,0.0,,,,6483.0,12640.0,12640.0,25000,37852.0
161581,Washington County Community College,Calais,ME,1,1,43.0,0.0,0.0,0.0,0.0,0.0,0.0,0.0,0.0,0.0,,,,443.0,4156.0,7036.0,PS,34407.0
161688,Allegany College of Maryland,Cumberland,MD,2,1,33.0,0.0,0.0,0.0,0.0,0.0,0.0,0.0,0.0,0.0,,,,1831.0,4938.0,12618.0,13702,38476.0
161767,Anne Arundel Community College,Arnold,MD,2,1,21.0,0.0,0.0,0.0,0.0,0.0,0.0,0.0,0.0,0.0,,,,8997.0,4322.0,11522.0,8250,46219.0
161800,Award Beauty School,Hagerstown,MD,1,3,13.0,0.0,0.0,0.0,0.0,0.0,0.0,0.0,0.0,0.0,,,,94.0,,,13000,18172.0
161855,Baltimore Studio of Hair Design,Baltimore,MD,1,3,11.0,0.0,0.0,0.0,0.0,0.0,0.0,0.0,0.0,0.0,,,,34.0,,,8463,20080.0
161864,Baltimore City Community College,Baltimore,MD,2,1,11.0,0.0,0.0,0.0,0.0,0.0,0.0,0.0,0.0,0.0,,,,3700.0,3314.0,7394.0,PS,36025.0
161873,University of Baltimore,Baltimore,MD,3,1,11.0,0.0,1.0,0.0,0.0,0.0,0.0,0.0,0.0,0.0,,0.7874,940.0,1133.0,9992.0,23984.0,23250,61335.0
162007,Bowie State University,Bowie,MD,3,1,21.0,1.0,0.0,0.0,0.0,0.0,0.0,0.0,0.0,0.0,,0.7241,,5043.0,9218.0,19938.0,22985,54537.0
162061,Capitol Technology University,Laurel,MD,3,2,21.0,0.0,0.0,0.0,0.0,0.0,0.0,0.0,0.0,0.0,,0.7435,,315.0,27592.0,27592.0,20264,85035.0
162104,Cecil College,North East,MD,2,1,41.0,0.0,0.0,0.0,0.0,0.0,0.0,0.0,0.0,0.0,,,,1363.0,5640.0,10830.0,9536,43952.0
162122,College of Southern Maryland,La Plata,MD,1,1,41.0,0.0,0.0,0.0,0.0,0.0,0.0,0.0,0.0,0.0,,,,4512.0,4200.0,10050.0,8500,44435.0
162168,Chesapeake College,Wye Mills,MD,2,1,42.0,0.0,0.0,0.0,0.0,0.0,0.0,0.0,0.0,0.0,,,,1320.0,4274.0,8768.0,PS,36301.0
162210,Washington Adventist University,Takoma Park,MD,3,2,21.0,0.0,0.0,0.0,0.0,0.0,1.0,0.0,0.0,0.0,95.0,0.4618,980.0,452.0,26604.0,26604.0,30500,64249.0
162283,Coppin State University,Baltimore,MD,3,1,11.0,1.0,0.0,0.0,0.0,0.0,0.0,0.0,0.0,0.0,,0.4583,975.0,1844.0,7100.0,14024.0,25000,46490.0
162335,Del-Mar-Va Beauty Academy,Salisbury,MD,1,3,13.0,0.0,0.0,0.0,0.0,0.0,0.0,0.0,0.0,0.0,,,,32.0,,,16500,25426.0
162371,North American Trade Schools,Baltimore,MD,1,3,21.0,0.0,0.0,0.0,0.0,0.0,0.0,0.0,0.0,0.0,,,,534.0,,,7338,39756.0
162557,Frederick Community College,Frederick,MD,2,1,13.0,0.0,0.0,0.0,0.0,0.0,0.0,0.0,0.0,0.0,,,,4203.0,3849.0,10042.0,8150,46449.0
162584,Frostburg State University,Frostburg,MD,3,1,33.0,0.0,0.0,0.0,0.0,0.0,0.0,0.0,0.0,0.0,,0.8918,,2909.0,10220.0,25814.0,21105,55493.0
162609,Garrett College,McHenry,MD,2,1,42.0,0.0,0.0,0.0,0.0,0.0,0.0,0.0,0.0,0.0,,,,411.0,4144.0,12040.0,10750,35823.0
162654,Goucher College,Baltimore,MD,3,2,13.0,0.0,0.0,0.0,0.0,0.0,0.0,0.0,0.0,0.0,,0.7771,1248.0,964.0,53350.0,53350.0,26000,53023.0
162690,Hagerstown Community College,Hagerstown,MD,2,1,22.0,0.0,0.0,0.0,0.0,0.0,0.0,0.0,0.0,0.0,,,,2948.0,4320.0,8190.0,11000,41615.0
162706,Harford Community College,Bel Air,MD,2,1,41.0,0.0,0.0,0.0,0.0,0.0,0.0,0.0,0.0,0.0,,,,3696.0,4032.0,8832.0,9812,44608.0
162760,Hood College,Frederick,MD,3,2,13.0,0.0,0.0,0.0,0.0,0.0,0.0,0.0,0.0,0.0,,0.7777,,1194.0,47700.0,47700.0,25000,57089.0
162779,Howard Community College,Columbia,MD,2,1,12.0,0.0,0.0,0.0,0.0,1.0,0.0,0.0,0.0,0.0,,,,6649.0,4080.0,9624.0,10500,49020.0
162830,Aveda Institute-Maryland,Bel Air,MD,1,3,22.0,0.0,0.0,0.0,0.0,0.0,0.0,0.0,0.0,0.0,,,,77.0,,,6333,21250.0
162928,Johns Hopkins University,Baltimore,MD,3,2,11.0,0.0,0.0,0.0,0.0,0.0,0.0,0.0,0.0,0.0,,0.0644,1553.0,5693.0,65230.0,65230.0,10250,87555.0
163028,Lincoln College of Technology-Columbia,Columbia,MD,1,3,12.0,0.0,0.0,0.0,0.0,0.0,0.0,0.0,0.0,0.0,,,,1258.0,,,11250,38683.0
163046,Loyola University Maryland,Baltimore,MD,3,2,11.0,0.0,0.0,0.0,0.0,0.0,0.0,0.0,0.0,0.0,30.0,0.7549,1290.0,3869.0,57150.0,57150.0,27000,82652.0
163204,University of Maryland Global Campus,Adelphi,MD,3,1,21.0,0.0,0.0,0.0,0.0,0.0,0.0,0.0,0.0,0.0,,,,49664.0,8136.0,12336.0,21000,65287.0
163259,University of Maryland Baltimore,Baltimore,MD,3,1,11.0,0.0,0.0,0.0,0.0,0.0,0.0,0.0,0.0,0.0,,,,958.0,,,15000,88174.0
163268,University of Maryland-Baltimore County,Baltimore,MD,3,1,21.0,0.0,0.0,0.0,0.0,1.0,0.0,0.0,0.0,0.0,,0.7243,1323.0,10701.0,13256.0,31275.0,19500,69960.0
163286,University of Maryland-College Park,College Park,MD,3,1,21.0,0.0,0.0,0.0,0.0,0.0,0.0,0.0,0.0,0.0,,0.4479,1473.0,30760.0,11809.0,41186.0,19000,82860.0
163295,Maryland Institute College of Art,Baltimore,MD,3,2,11.0,0.0,0.0,0.0,0.0,1.0,0.0,0.0,0.0,0.0,,0.7679,1258.0,1189.0,56800.0,56800.0,26500,45212.0
163338,University of Maryland Eastern Shore,Princess Anne,MD,3,1,31.0,1.0,0.0,0.0,0.0,0.0,0.0,0.0,0.0,0.0,,0.9641,,2391.0,9076.0,20122.0,27000,47697.0
163347,Fortis Institute-Towson,Towson,MD,1,3,13.0,0.0,0.0,0.0,0.0,0.0,0.0,0.0,0.0,0.0,,,,354.0,,,12547,36368.0
163408,Montgomery Beauty School,Silver Spring,MD,1,3,21.0,0.0,0.0,0.0,0.0,0.0,0.0,0.0,0.0,0.0,,,,101.0,,,11845,18726.0
163426,Montgomery College,Rockville,MD,2,1,13.0,0.0,0.0,0.0,0.0,1.0,1.0,0.0,0.0,0.0,,,,13773.0,5394.0,14250.0,10415,50159.0
163453,Morgan State University,Baltimore,MD,3,1,11.0,1.0,0.0,0.0,0.0,0.0,0.0,0.0,0.0,0.0,,0.8223,971.0,9019.0,8229.0,19124.0,27250,50698.0
163462,Mount St. Mary's University,Emmitsburg,MD,3,2,42.0,0.0,0.0,0.0,0.0,0.0,0.0,0.0,0.0,0.0,30.0,0.7381,1176.0,1768.0,48630.0,48630.0,25391,64072.0
163532,Ner Israel Rabbinical College,Pikesville,MD,3,2,21.0,0.0,0.0,0.0,0.0,0.0,0.0,0.0,1.0,0.0,80.0,0.6566,,280.0,10600.0,10600.0,PS,66330.0
163541,Hair Academy,New Carrollton,MD,1,3,21.0,0.0,0.0,0.0,0.0,0.0,0.0,0.0,0.0,0.0,,,,229.0,,,13000,20953.0
163578,Notre Dame of Maryland University,Baltimore,MD,3,2,11.0,0.0,0.0,0.0,0.0,0.0,0.0,0.0,0.0,1.0,30.0,0.8216,,709.0,43360.0,43360.0,22666,65344.0
163657,Prince George's Community College,Largo,MD,2,1,21.0,0.0,1.0,0.0,0.0,0.0,0.0,0.0,0.0,0.0,,,,8815.0,4034.0,8762.0,10500,47548.0
163815,Maryland Beauty Academy of Essex,Baltimore,MD,1,3,21.0,0.0,0.0,0.0,0.0,0.0,0.0,0.0,0.0,0.0,,,,35.0,,,8500,20445.0
163851,Salisbury University,Salisbury,MD,3,1,23.0,0.0,0.0,0.0,0.0,0.0,0.0,0.0,0.0,0.0,,0.8747,1252.0,6057.0,11084.0,22174.0,21000,61515.0
163912,St. Mary's College of Maryland,St. Mary's City,MD,3,1,41.0,0.0,0.0,0.0,0.0,0.0,0.0,0.0,0.0,0.0,,0.6863,1261.0,1603.0,15298.0,31374.0,21000,60110.0
163976,St. John's College,Annapolis,MD,3,2,21.0,0.0,0.0,0.0,0.0,0.0,0.0,0.0,0.0,0.0,,0.5524,1372.0,471.0,40684.0,40684.0,27000,51584.0
164076,Towson University,Towson,MD,3,1,13.0,0.0,0.0,0.0,0.0,0.0,0.0,0.0,0.0,0.0,,0.8197,1095.0,16136.0,11728.0,29820.0,18718,64390.0
164155,United States Naval Academy,Annapolis,MD,3,1,21.0,0.0,0.0,0.0,0.0,0.0,0.0,0.0,0.0,0.0,,0.0927,1307.0,4474.0,,,,
164173,Stevenson University,Owings Mills,MD,3,2,21.0,0.0,0.0,0.0,0.0,0.0,0.0,0.0,0.0,0.0,,0.7891,,3102.0,40560.0,40560.0,26000,62079.0
164216,Washington College,Chestertown,MD,3,2,32.0,0.0,0.0,0.0,0.0,0.0,0.0,0.0,0.0,0.0,,0.5689,1280.0,891.0,55326.0,55326.0,26956,65518.0
164270,McDaniel College,Westminster,MD,3,2,31.0,0.0,0.0,0.0,0.0,0.0,0.0,0.0,0.0,0.0,,0.7793,,1617.0,52081.0,52081.0,25000,60663.0
164313,Wor-Wic Community College,Salisbury,MD,2,1,41.0,0.0,0.0,0.0,0.0,0.0,0.0,0.0,0.0,0.0,,,,2169.0,3840.0,8400.0,7828,36748.0
164368,Hult International Business School,Cambridge,MA,3,2,12.0,0.0,0.0,0.0,0.0,0.0,0.0,0.0,0.0,0.0,,0.6048,,618.0,57160.0,57160.0,PS,
164447,American International College,Springfield,MA,3,2,12.0,0.0,0.0,0.0,0.0,0.0,1.0,0.0,0.0,0.0,,0.9957,,1017.0,44230.0,44230.0,27000,53124.0
164465,Amherst College,Amherst,MA,3,2,13.0,0.0,0.0,0.0,0.0,0.0,0.0,0.0,0.0,0.0,,0.0901,1533.0,1911.0,70480.0,70480.0,13740,77644.0
164492,Anna Maria College,Paxton,MA,3,2,41.0,0.0,0.0,0.0,0.0,0.0,0.0,0.0,0.0,0.0,30.0,0.503,,906.0,44571.0,44571.0,25000,46651.0
164535,Assabet Valley Regional Technical School,Marlborough,MA,1,1,21.0,0.0,0.0,0.0,0.0,0.0,0.0,0.0,0.0,0.0,,0.8548,,47.0,,,9500,
164562,Assumption University,Worcester,MA,3,2,12.0,0.0,0.0,0.0,0.0,0.0,0.0,0.0,0.0,0.0,30.0,0.8298,,1669.0,51356.0,51356.0,27000,74895.0
164580,Babson College,Wellesley,MA,3,2,21.0,0.0,0.0,0.0,0.0,0.0,0.0,0.0,0.0,0.0,,0.1709,1457.0,2728.0,57152.0,57152.0,20000,123938.0
164614,Boston Baptist College,Boston,MA,3,2,11.0,0.0,0.0,0.0,0.0,0.0,0.0,0.0,0.0,0.0,54.0,0.9091,,19.0,14304.0,14304.0,PS,34159.0
164632,Bay Path University,Longmeadow,MA,3,2,21.0,0.0,0.0,0.0,0.0,0.0,1.0,0.0,0.0,1.0,,0.852,1120.0,1108.0,38302.0,38302.0,24901,55383.0
164739,Bentley University,Waltham,MA,3,2,13.0,0.0,0.0,0.0,0.0,0.0,0.0,0.0,0.0,0.0,,0.4505,1352.0,4474.0,61000.0,61000.0,25023,120959.0
164748,Berklee College of Music,Boston,MA,3,2,11.0,0.0,0.0,0.0,0.0,0.0,0.0,0.0,0.0,0.0,,0.4353,,7468.0,52040.0,52040.0,25000,33647.0
164775,Berkshire Community College,Pittsfield,MA,2,1,41.0,0.0,0.0,0.0,0.0,0.0,0.0,0.0,0.0,0.0,,,,1358.0,6164.0,11468.0,12053,38832.0
164872,Boston Architectural College,Boston,MA,1,2,11.0,0.0,0.0,0.0,0.0,0.0,1.0,0.0,0.0,0.0,,,,280.0,27470.0,27470.0,37250,62123.0
164915,Boston Graduate School of Psychoanalysis Inc,Brookline,MA,4,2,21.0,0.0,0.0,0.0,0.0,0.0,0.0,0.0,0.0,0.0,,,,,,,PS,
164924,Boston College,Chestnut Hill,MA,3,2,13.0,0.0,0.0,0.0,0.0,0.0,0.0,0.0,0.0,0.0,30.0,0.1643,1507.0,10085.0,70702.0,70702.0,19000,103937.0
164988,Boston University,Boston,MA,3,2,11.0,0.0,0.0,0.0,0.0,0.0,0.0,0.0,0.0,0.0,,0.1111,1480.0,18248.0,68102.0,68102.0,23250,83238.0
165015,Brandeis University,Waltham,MA,3,2,13.0,0.0,0.0,0.0,0.0,0.0,0.0,0.0,0.0,0.0,,0.405,1462.0,3618.0,68080.0,68080.0,25648,77231.0
165024,Bridgewater State University,Bridgewater,MA,3,1,21.0,0.0,0.0,0.0,0.0,0.0,0.0,0.0,0.0,0.0,,0.8781,1180.0,7829.0,11808.0,17948.0,24286,57466.0
165033,Bristol Community College,Fall River,MA,2,1,21.0,0.0,0.0,0.0,0.0,0.0,0.0,0.0,0.0,0.0,,,,6083.0,5832.0,10776.0,8243,38663.0
165060,Signature Healthcare Brockton Hospital School of Nursing,Brockton,MA,1,2,21.0,0.0,0.0,0.0,0.0,0.0,0.0,0.0,0.0,0.0,,0.3415,,146.0,,,20000,88084.0
165112,Bunker Hill Community College,Boston,MA,2,1,11.0,0.0,0.0,0.0,0.0,0.0,1.0,0.0,0.0,0.0,,,,8612.0,6168.0,11112.0,10500,47618.0
165167,Cambridge College,Boston,MA,3,2,11.0,0.0,0.0,0.0,0.0,0.0,0.0,0.0,0.0,0.0,,,,532.0,18378.0,18378.0,21791,45998.0
165194,Cape Cod Community College,West Barnstable,MA,2,1,13.0,0.0,0.0,0.0,0.0,0.0,0.0,0.0,0.0,0.0,,,,2911.0,6000.0,10944.0,12000,43670.0
165255,Catherine Hinds Institute of Esthetics,Woburn,MA,1,3,21.0,0.0,0.0,0.0,0.0,0.0,0.0,0.0,0.0,0.0,,,,174.0,,,6233,
165264,Laboure College of Healthcare,Milton,MA,2,2,21.0,0.0,0.0,0.0,0.0,0.0,0.0,0.0,0.0,0.0,,0.5,,525.0,30618.0,30618.0,25250,62200.0
165334,Clark University,Worcester,MA,3,2,12.0,0.0,0.0,0.0,0.0,0.0,0.0,0.0,0.0,0.0,,0.3954,1370.0,2214.0,58867.0,58867.0,26759,62381.0
165495,Conway School of Landscape Design,Northampton,MA,4,2,13.0,0.0,0.0,0.0,0.0,0.0,0.0,0.0,0.0,0.0,,,,,,,,
165529,Curry College,Milton,MA,3,2,21.0,0.0,0.0,0.0,0.0,0.0,0.0,0.0,0.0,0.0,,0.8765,1125.0,1780.0,47970.0,47970.0,25000,54400.0
165574,Dean College,Franklin,MA,3,2,21.0,0.0,0.0,0.0,0.0,0.0,0.0,0.0,0.0,0.0,,0.7371,,1089.0,46526.0,46526.0,25000,38109.0
165608,Diman Regional Technical Institute,Fall River,MA,1,1,21.0,0.0,0.0,0.0,0.0,0.0,0.0,0.0,0.0,0.0,,0.3923,,17.0,,,10015,
165635,National Aviation Academy of New England,Concord,MA,1,3,21.0,0.0,0.0,0.0,0.0,0.0,0.0,0.0,0.0,0.0,,,,241.0,,,21198,59009.0
165662,Emerson College,Boston,MA,3,2,11.0,0.0,0.0,0.0,0.0,0.0,0.0,0.0,0.0,0.0,,0.5131,1358.0,3870.0,57056.0,57056.0,23000,62832.0
165671,Emmanuel College,Boston,MA,3,2,11.0,0.0,0.0,0.0,0.0,0.0,0.0,0.0,0.0,0.0,30.0,0.7565,1250.0,1854.0,48550.0,48550.0,27000,68245.0
165699,Endicott College,Beverly,MA,3,2,21.0,0.0,0.0,0.0,0.0,0.0,0.0,0.0,0.0,0.0,,0.7121,1274.0,3125.0,40650.0,40650.0,27000,58336.0
165750,Rob Roy Academy-Fall River,Fall River,MA,1,3,21.0,0.0,0.0,0.0,0.0,0.0,0.0,0.0,0.0,0.0,,,,97.0,,,6333,32113.0
165802,Fisher College,Boston,MA,3,2,11.0,0.0,0.0,0.0,0.0,0.0,1.0,0.0,0.0,0.0,,0.7068,,1167.0,35689.0,35689.0,25000,49669.0
165820,Fitchburg State University,Fitchburg,MA,3,1,22.0,0.0,0.0,0.0,0.0,0.0,0.0,0.0,0.0,0.0,,0.8693,1150.0,2752.0,11346.0,17426.0,24239,53874.0
165866,Framingham State University,Framingham,MA,3,1,13.0,0.0,0.0,0.0,0.0,0.0,0.0,0.0,0.0,0.0,,0.8361,1180.0,2566.0,11920.0,18000.0,25000,52349.0
165884,Benjamin Franklin Cummings Institute of Technology,Boston,MA,1,2,11.0,0.0,0.0,0.0,0.0,0.0,1.0,0.0,0.0,0.0,,,,483.0,18906.0,18906.0,12000,57556.0
165936,Gordon College,Wenham,MA,3,2,41.0,0.0,0.0,0.0,0.0,0.0,0.0,0.0,0.0,0.0,42.0,0.6923,1265.0,1278.0,30700.0,30700.0,26250,52119.0
165945,Gordon-Conwell Theological Seminary,South Hamilton,MA,4,2,21.0,0.0,0.0,0.0,0.0,0.0,0.0,0.0,0.0,0.0,,,,,,,PS,
165981,Greenfield Community College,Greenfield,MA,2,1,32.0,0.0,0.0,0.0,0.0,0.0,0.0,0.0,0.0,0.0,,,,1395.0,5810.0,11930.0,8307,37132.0
166018,Hampshire College,Amherst,MA,3,2,41.0,0.0,0.0,0.0,0.0,0.0,0.0,0.0,0.0,0.0,,0.7528,,839.0,58896.0,58896.0,26893,46938.0
166027,Harvard University,Cambridge,MA,3,2,12.0,0.0,0.0,0.0,0.0,0.0,0.0,0.0,0.0,0.0,,0.0365,1553.0,7601.0,61676.0,61676.0,14000,101817.0
166045,Hebrew College,Newton,MA,4,2,13.0,0.0,0.0,0.0,0.0,0.0,0.0,0.0,0.0,0.0,,,,0.0,,,PS,
166054,Hellenic College-Holy Cross Greek Orthodox School of Theology,Brookline,MA,3,2,21.0,0.0,0.0,0.0,0.0,0.0,0.0,0.0,0.0,0.0,91.0,0.7963,,64.0,22490.0,22490.0,21500,51724.0
166124,College of the Holy Cross,Worcester,MA,3,2,12.0,0.0,0.0,0.0,0.0,0.0,0.0,0.0,0.0,0.0,30.0,0.1761,1353.0,3106.0,64500.0,64500.0,27000,90543.0
166133,Holyoke Community College,Holyoke,MA,2,1,41.0,0.0,0.0,0.0,0.0,0.0,1.0,0.0,0.0,0.0,,,,3591.0,5988.0,10932.0,8250,37277.0
166391,Lasell University,Newton,MA,3,2,13.0,0.0,0.0,0.0,0.0,0.0,0.0,0.0,0.0,0.0,,0.8122,1100.0,1226.0,27040.0,27040.0,26000,49705.0
166407,Lawrence Memorial Hospital School of Nursing,Medford,MA,2,2,21.0,0.0,0.0,0.0,0.0,0.0,0.0,0.0,0.0,0.0,30.0,,,174.0,31038.0,31038.0,20000,101466.0
166452,Lesley University,Cambridge,MA,3,2,12.0,0.0,0.0,0.0,0.0,0.0,0.0,0.0,0.0,0.0,,0.9687,,1122.0,34256.0,34256.0,21000,51173.0
166489,Longy School of Music of Bard College,Cambridge,MA,1,2,12.0,0.0,0.0,0.0,0.0,0.0,0.0,0.0,0.0,0.0,,,,10.0,55275.0,55275.0,24254,46543.0
166498,Lowell Academy Hairstyling Institute,Lowell,MA,1,3,21.0,0.0,0.0,0.0,0.0,0.0,0.0,0.0,0.0,0.0,,,,66.0,,,7994,
166513,University of Massachusetts-Lowell,Lowell,MA,3,1,21.0,0.0,0.0,0.0,0.0,1.0,0.0,0.0,0.0,0.0,,0.8304,1285.0,11434.0,16966.0,36264.0,23704,64874.0
166629,University of Massachusetts-Amherst,Amherst,MA,3,1,13.0,0.0,0.0,0.0,0.0,0.0,0.0,0.0,0.0,0.0,,0.5973,1423.0,23671.0,17772.0,40449.0,22763,71631.0
166638,University of Massachusetts-Boston,Boston,MA,3,1,11.0,0.0,0.0,0.0,0.0,1.0,0.0,0.0,0.0,0.0,,0.8378,1194.0,11512.0,15908.0,38125.0,21974,65865.0
166647,Massachusetts Bay Community College,Wellesley Hills,MA,2,1,21.0,0.0,0.0,0.0,0.0,0.0,0.0,0.0,0.0,0.0,,,,3837.0,5856.0,10800.0,6500,52654.0
166656,Massachusetts College of Pharmacy and Health Sciences,Boston,MA,3,2,11.0,0.0,0.0,0.0,0.0,0.0,0.0,0.0,0.0,0.0,,0.8521,1269.0,3451.0,40530.0,40530.0,25000,125557.0
166674,Massachusetts College of Art and Design,Boston,MA,3,1,11.0,0.0,0.0,0.0,0.0,0.0,0.0,0.0,0.0,0.0,,0.7627,,1831.0,15400.0,43400.0,25755,43582.0
166683,Massachusetts Institute of Technology,Cambridge,MA,3,2,12.0,0.0,0.0,0.0,0.0,0.0,0.0,0.0,0.0,0.0,,0.0455,1560.0,4535.0,62396.0,62396.0,14768,143372.0
166692,Massachusetts Maritime Academy,Buzzards Bay,MA,3,1,21.0,0.0,0.0,0.0,0.0,0.0,0.0,0.0,0.0,0.0,,0.947,,1395.0,11420.0,23722.0,25000,82392.0
166708,University of Massachusetts Chan Medical School,Worcester,MA,4,1,12.0,0.0,0.0,0.0,0.0,0.0,0.0,0.0,0.0,0.0,,,,,,,PS,
166717,William James College,Newton,MA,3,2,13.0,0.0,0.0,0.0,0.0,0.0,0.0,0.0,0.0,0.0,,,,39.0,,,PS,
166805,Massachusetts School of Barbering,Quincy,MA,1,3,21.0,0.0,0.0,0.0,0.0,0.0,0.0,0.0,0.0,0.0,,,,44.0,,,8294,
166823,Massasoit Community College,Brockton,MA,2,1,21.0,0.0,0.0,0.0,0.0,0.0,0.0,0.0,0.0,0.0,,,,4235.0,5376.0,10320.0,10000,46111.0
166850,Merrimack College,North Andover,MA,3,2,21.0,0.0,0.0,0.0,0.0,0.0,0.0,0.0,0.0,0.0,30.0,0.7002,,3916.0,53962.0,53962.0,27000,75584.0
166869,MGH Institute of Health Professions,Boston,MA,3,2,11.0,0.0,0.0,0.0,0.0,0.0,0.0,0.0,0.0,0.0,,,,164.0,,,24961,87130.0
166887,Middlesex Community College,Bedford,MA,2,1,21.0,0.0,0.0,0.0,0.0,1.0,0.0,0.0,0.0,0.0,,,,5412.0,6048.0,12120.0,7291,50651.0
166911,Montserrat College of Art,Beverly,MA,3,2,21.0,0.0,0.0,0.0,0.0,0.0,0.0,0.0,0.0,0.0,,,,226.0,40690.0,40690.0,27000,33022.0
166939,Mount Holyoke College,South Hadley,MA,3,2,21.0,0.0,0.0,0.0,0.0,0.0,0.0,0.0,0.0,1.0,,0.3603,1463.0,2169.0,67018.0,67018.0,22902,58418.0
166957,Mount Wachusett Community College,Gardner,MA,2,1,22.0,0.0,0.0,0.0,0.0,0.0,0.0,0.0,0.0,0.0,,,,3059.0,6160.0,11080.0,10252,41118.0
167039,Rob Roy Academy-New Bedford,New Bedford,MA,1,3,22.0,0.0,0.0,0.0,0.0,0.0,0.0,0.0,0.0,0.0,,,,15.0,,,PS,
167057,The New England Conservatory of Music,Boston,MA,3,2,11.0,0.0,0.0,0.0,0.0,0.0,0.0,0.0,0.0,0.0,,0.411,,393.0,60750.0,60750.0,27000,34483.0
167093,New England College of Optometry,Boston,MA,3,2,11.0,0.0,0.0,0.0,0.0,0.0,0.0,0.0,0.0,0.0,,,,,,,,
167215,New England Law-Boston,Boston,MA,4,2,11.0,0.0,0.0,0.0,0.0,0.0,0.0,0.0,0.0,0.0,,,,,,,PS,
167260,Nichols College,Dudley,MA,3,2,21.0,0.0,0.0,0.0,0.0,0.0,0.0,0.0,0.0,0.0,,0.8084,1140.0,1163.0,42705.0,42705.0,27000,58063.0
167288,Massachusetts College of Liberal Arts,North Adams,MA,3,1,31.0,0.0,0.0,0.0,0.0,0.0,0.0,0.0,0.0,0.0,,0.8974,,713.0,12436.0,21381.0,23750,48102.0
167297,North Bennet Street School,Boston,MA,1,2,11.0,0.0,0.0,0.0,0.0,0.0,0.0,0.0,0.0,0.0,,,,155.0,,,9500,43993.0
167312,North Shore Community College,Danvers,MA,2,1,21.0,0.0,0.0,0.0,0.0,0.0,1.0,0.0,0.0,0.0,,,,4393.0,5352.0,10920.0,9000,45391.0
167358,Northeastern University,Boston,MA,3,2,11.0,0.0,0.0,0.0,0.0,0.0,0.0,0.0,0.0,0.0,,0.0522,1497.0,17326.0,66162.0,66162.0,24250,92538.0
167376,Northern Essex Community College,Haverhill,MA,2,1,21.0,0.0,0.0,0.0,0.0,0.0,1.0,0.0,0.0,0.0,,,,3685.0,6732.0,12516.0,9000,42862.0
167394,College of Our Lady of the Elms,Chicopee,MA,3,2,21.0,0.0,0.0,0.0,0.0,0.0,1.0,0.0,0.0,0.0,30.0,0.8526,,949.0,43325.0,43325.0,25000,51540.0
167525,Quincy College,Quincy,MA,2,1,21.0,0.0,0.0,0.0,0.0,0.0,0.0,0.0,0.0,0.0,,,,2300.0,8938.0,8938.0,13874,52506.0
167534,Quinsigamond Community College,Worcester,MA,2,1,12.0,0.0,0.0,0.0,0.0,0.0,0.0,0.0,0.0,0.0,,,,6447.0,6262.0,11206.0,16575,45949.0
167598,Regis College,Weston,MA,3,2,21.0,0.0,0.0,0.0,0.0,0.0,0.0,0.0,0.0,0.0,30.0,0.6978,,956.0,49680.0,49680.0,25500,52873.0
167631,Roxbury Community College,Roxbury Crossing,MA,2,1,11.0,0.0,1.0,0.0,0.0,0.0,0.0,0.0,0.0,0.0,,,,1977.0,6024.0,11328.0,PS,38773.0
167677,Saint John's Seminary,Brighton,MA,3,2,11.0,0.0,0.0,0.0,0.0,0.0,0.0,0.0,1.0,0.0,30.0,,,7.0,,,PS,
167729,Salem State University,Salem,MA,3,1,21.0,0.0,0.0,0.0,0.0,0.0,0.0,0.0,0.0,0.0,,0.9588,,4291.0,12338.0,19531.0,25000,56662.0
167783,Simmons University,Boston,MA,3,2,11.0,0.0,0.0,0.0,0.0,0.0,0.0,0.0,0.0,1.0,,0.6998,1316.0,1670.0,46874.0,46874.0,24840,63494.0
167792,Simon's Rock at Bard College,Barrytown,NY,2,2,42.0,0.0,0.0,0.0,0.0,0.0,0.0,0.0,0.0,0.0,,0.9589,,225.0,68780.0,68780.0,24254,46543.0
167835,Smith College,Northampton,MA,3,2,13.0,0.0,0.0,0.0,0.0,0.0,0.0,0.0,0.0,1.0,,0.21,1500.0,2544.0,65178.0,65178.0,17550,64027.0
167871,Southeastern Technical Institute,South Easton,MA,1,1,21.0,0.0,0.0,0.0,0.0,0.0,0.0,0.0,0.0,0.0,,0.7057,,260.0,,,8846,
167899,Springfield College,Springfield,MA,3,2,12.0,0.0,0.0,0.0,0.0,0.0,0.0,0.0,0.0,0.0,,0.7189,1275.0,1751.0,45174.0,45174.0,26250,48036.0
167905,Springfield Technical Community College,Springfield,MA,2,1,12.0,0.0,0.0,0.0,0.0,0.0,1.0,0.0,0.0,0.0,,,,4759.0,5904.0,11112.0,6570,36966.0
167987,University of Massachusetts-Dartmouth,North Dartmouth,MA,3,1,22.0,0.0,0.0,0.0,0.0,0.0,0.0,0.0,0.0,0.0,,0.9064,1182.0,5221.0,15612.0,32567.0,25000,68804.0
167996,Stonehill College,Easton,MA,3,2,21.0,0.0,0.0,0.0,0.0,0.0,0.0,0.0,0.0,0.0,30.0,0.6628,,2528.0,57490.0,57490.0,25000,77745.0
168005,Suffolk University,Boston,MA,3,2,11.0,0.0,0.0,0.0,0.0,0.0,0.0,0.0,0.0,0.0,,0.8233,1216.0,4268.0,47550.0,47550.0,26889,67506.0
168032,Rob Roy Academy-Taunton,Taunton,MA,1,3,21.0,0.0,0.0,0.0,0.0,0.0,0.0,0.0,0.0,0.0,,,,23.0,,,PS,
168148,Tufts University,Medford,MA,3,2,21.0,0.0,0.0,0.0,0.0,0.0,0.0,0.0,0.0,0.0,,0.1149,1513.0,7061.0,70704.0,70704.0,16250,83214.0
168218,Wellesley College,Wellesley,MA,3,2,21.0,0.0,0.0,0.0,0.0,0.0,0.0,0.0,0.0,1.0,,0.1405,1520.0,2300.0,67176.0,67176.0,10000,84803.0
168227,Wentworth Institute of Technology,Boston,MA,3,2,11.0,0.0,0.0,0.0,0.0,0.0,0.0,0.0,0.0,0.0,,0.9121,1229.0,3747.0,42884.0,42884.0,25028,82721.0
168254,Western New England University,Springfield,MA,3,2,12.0,0.0,0.0,0.0,0.0,0.0,0.0,0.0,0.0,0.0,,0.8348,1192.0,2603.0,47820.0,47820.0,25500,73157.0
168263,Westfield State University,Westfield,MA,3,1,21.0,0.0,0.0,0.0,0.0,0.0,0.0,0.0,0.0,0.0,,0.8141,,3615.0,12179.0,18259.0,22457,57346.0
168281,Wheaton College (Massachusetts),Norton,MA,3,2,21.0,0.0,0.0,0.0,0.0,0.0,0.0,0.0,0.0,0.0,,0.6773,1308.0,1773.0,63960.0,63960.0,26000,67725.0
168342,Williams College,Williamstown,MA,3,2,31.0,0.0,0.0,0.0,0.0,0.0,0.0,0.0,0.0,0.0,,0.0825,1533.0,2076.0,68560.0,68560.0,12761,88665.0
168421,Worcester Polytechnic Institute,Worcester,MA,3,2,12.0,0.0,0.0,0.0,0.0,0.0,0.0,0.0,0.0,0.0,,0.6016,,5447.0,60965.0,60965.0,27000,103470.0
168430,Worcester State University,Worcester,MA,3,1,12.0,0.0,0.0,0.0,0.0,0.0,0.0,0.0,0.0,0.0,,0.8799,1150.0,3930.0,11786.0,17866.0,19500,60624.0
168528,Adrian College,Adrian,MI,3,2,32.0,0.0,0.0,0.0,0.0,0.0,0.0,0.0,0.0,0.0,71.0,0.7253,1034.0,1604.0,41684.0,41684.0,27000,55504.0
168546,Albion College,Albion,MI,3,2,32.0,0.0,0.0,0.0,0.0,0.0,0.0,0.0,0.0,0.0,,0.807,,1300.0,56950.0,56950.0,27000,58799.0
168555,Hillsdale Beauty College,Hillsdale,MI,1,3,32.0,0.0,0.0,0.0,0.0,0.0,0.0,0.0,0.0,0.0,,,,26.0,,,9377,17793.0
168573,Northwestern Technological Institute,Southfield,MI,1,3,13.0,0.0,0.0,0.0,0.0,0.0,0.0,0.0,0.0,0.0,,,,746.0,,,9500,41237.0
168591,Alma College,Alma,MI,3,2,32.0,0.0,0.0,0.0,0.0,0.0,0.0,0.0,0.0,0.0,66.0,0.5703,,1148.0,49552.0,49552.0,27000,54742.0
168607,Alpena Community College,Alpena,MI,2,1,33.0,0.0,0.0,0.0,0.0,0.0,0.0,0.0,0.0,0.0,,,,732.0,5250.0,8010.0,9024,36442.0
168740,Andrews University,Berrien Springs,MI,3,2,31.0,0.0,0.0,0.0,0.0,1.0,0.0,0.0,0.0,0.0,95.0,0.8185,1150.0,1224.0,35056.0,35056.0,26000,53187.0
168786,Aquinas College,Grand Rapids,MI,3,2,12.0,0.0,0.0,0.0,0.0,0.0,0.0,0.0,0.0,0.0,30.0,0.8988,1025.0,1083.0,40218.0,40218.0,23000,49584.0
168847,Baker College,Owosso,MI,3,2,32.0,0.0,0.0,0.0,0.0,0.0,0.0,0.0,0.0,0.0,,0.8187,1080.0,3026.0,13000.0,13000.0,25000,35833.0
168883,Bay de Noc Community College,Escanaba,MI,2,1,33.0,0.0,0.0,0.0,0.0,0.0,0.0,0.0,0.0,0.0,,,,1223.0,5712.0,10528.0,12618,35090.0
168892,Bayshire Academy of Beauty Craft Inc,Bay City,MI,1,3,13.0,0.0,0.0,0.0,0.0,0.0,0.0,0.0,0.0,0.0,,,,97.0,,,PS,24471.0
169080,Calvin University,Grand Rapids,MI,3,2,12.0,0.0,0.0,0.0,0.0,0.0,0.0,0.0,0.0,0.0,35.0,0.7091,1233.0,3193.0,39350.0,39350.0,23250,58375.0
169099,Calvin Theological Seminary,Grand Rapids,MI,4,2,12.0,0.0,0.0,0.0,0.0,0.0,0.0,0.0,0.0,0.0,35.0,,,,,,PS,
169187,Carnegie Institute,Troy,MI,1,3,13.0,0.0,0.0,0.0,0.0,0.0,0.0,0.0,0.0,0.0,,,,93.0,15645.0,15645.0,9336,38244.0
169220,Michigan School of Psychology,Farmington Hills,MI,4,2,13.0,0.0,0.0,0.0,0.0,0.0,0.0,0.0,0.0,0.0,,,,,,,PS,
169248,Central Michigan University,Mount Pleasant,MI,3,1,32.0,0.0,0.0,0.0,0.0,0.0,0.0,0.0,0.0,0.0,,0.8982,1091.0,10035.0,14760.0,14760.0,27000,55874.0
169275,Mott Community College,Flint,MI,2,1,13.0,0.0,0.0,0.0,0.0,0.0,1.0,0.0,0.0,0.0,,,,5251.0,6845.0,11460.0,13000,32538.0
169284,Empire Beauty School-Michigan,Grand Rapids,MI,1,3,21.0,0.0,0.0,0.0,0.0,0.0,0.0,0.0,0.0,0.0,,,,259.0,,,10667,22377.0
169327,Cleary University,Howell,MI,3,2,22.0,0.0,0.0,0.0,0.0,0.0,0.0,0.0,0.0,0.0,,0.6754,,738.0,26102.0,26102.0,19500,54186.0
169363,Concordia University Ann Arbor,Ann Arbor,MI,3,2,12.0,0.0,0.0,0.0,0.0,0.0,0.0,0.0,0.0,0.0,68.0,0.6925,,702.0,35410.0,35410.0,25750,56075.0
169424,Cranbrook Academy of Art,Bloomfield Hills,MI,4,2,21.0,0.0,0.0,0.0,0.0,0.0,0.0,0.0,0.0,0.0,,,,,,,PS,
169442,College for Creative Studies,Detroit,MI,3,2,11.0,0.0,0.0,0.0,0.0,0.0,0.0,0.0,0.0,0.0,,0.9194,,1230.0,53350.0,53350.0,26000,44860.0
169479,Davenport University,Grand Rapids,MI,3,2,21.0,0.0,0.0,0.0,0.0,0.0,0.0,0.0,0.0,0.0,,0.9784,,3134.0,24466.0,24466.0,26000,45099.0
169503,David Pressley School of Cosmetology,Royal Oak,MI,1,3,21.0,0.0,0.0,0.0,0.0,0.0,0.0,0.0,0.0,0.0,,,,225.0,,,6333,22973.0
169521,Delta College,University Center,MI,2,1,41.0,0.0,0.0,0.0,0.0,0.0,0.0,0.0,0.0,0.0,,,,6573.0,4820.0,7880.0,10978,37781.0
169576,Detroit Business Institute-Downriver,Detroit,MI,1,3,21.0,0.0,0.0,0.0,0.0,0.0,0.0,0.0,0.0,0.0,,1.0,,124.0,,,PS,26702.0
169655,Universal Technical Institute-Canton,Canton,MI,1,3,21.0,0.0,0.0,0.0,0.0,0.0,0.0,0.0,0.0,0.0,,,,1417.0,17943.0,17943.0,12801,62575.0
169716,University of Detroit Mercy,Detroit,MI,3,2,11.0,0.0,0.0,0.0,0.0,0.0,0.0,0.0,0.0,0.0,30.0,0.7542,1134.0,2438.0,32946.0,32946.0,23250,71030.0
169761,Dorsey College,Madison Heights,MI,1,3,21.0,0.0,0.0,0.0,0.0,0.0,0.0,0.0,0.0,0.0,,,,643.0,16990.0,16990.0,13000,29392.0
169798,Eastern Michigan University,Ypsilanti,MI,3,1,21.0,0.0,0.0,0.0,0.0,0.0,0.0,0.0,0.0,0.0,,0.7964,1066.0,10055.0,16240.0,16240.0,25000,51793.0
169813,Creative Hair School of Cosmetology,Flint,MI,1,3,21.0,0.0,0.0,0.0,0.0,0.0,0.0,0.0,0.0,0.0,,,,38.0,,,15406,
169910,Ferris State University,Big Rapids,MI,3,1,33.0,0.0,0.0,0.0,0.0,0.0,0.0,0.0,0.0,0.0,,0.9139,1012.0,8106.0,14778.0,14778.0,21000,54735.0
169974,Glen Oaks Community College,Centreville,MI,2,1,42.0,0.0,0.0,0.0,0.0,0.0,0.0,0.0,0.0,0.0,,,,600.0,4176.0,6624.0,10794,37540.0
169983,Kettering University,Flint,MI,3,2,13.0,0.0,0.0,0.0,0.0,0.0,0.0,0.0,0.0,0.0,,0.7867,1251.0,1205.0,48470.0,48470.0,27000,94823.0
169992,Gogebic Community College,Ironwood,MI,2,1,33.0,0.0,0.0,0.0,0.0,0.0,0.0,0.0,0.0,0.0,,,,511.0,4800.0,7530.0,10925,40950.0
170000,Grace Christian University,Wyoming,MI,3,2,13.0,0.0,0.0,0.0,0.0,0.0,0.0,0.0,0.0,0.0,79.0,0.9916,,716.0,18690.0,18690.0,24375,41663.0
170037,Cornerstone University,Grand Rapids,MI,3,2,12.0,0.0,0.0,0.0,0.0,0.0,0.0,0.0,0.0,0.0,42.0,0.7777,,1298.0,23000.0,23000.0,25000,47314.0
170055,Grand Rapids Community College,Grand Rapids,MI,2,1,12.0,0.0,0.0,0.0,0.0,0.0,0.0,0.0,0.0,0.0,,,,10698.0,4179.0,12219.0,9000,38377.0
170082,Grand Valley State University,Allendale,MI,3,1,31.0,0.0,0.0,0.0,0.0,0.0,0.0,0.0,0.0,0.0,,0.8302,1074.0,18854.0,15140.0,21548.0,24500,56118.0
170091,Great Lakes Christian College,Lansing,MI,3,2,21.0,0.0,0.0,0.0,0.0,0.0,0.0,0.0,0.0,0.0,48.0,,,197.0,19520.0,19520.0,18779,31053.0
170240,Henry Ford College,Dearborn,MI,1,1,12.0,0.0,0.0,0.0,0.0,0.0,0.0,0.0,0.0,0.0,,,,8643.0,3568.0,7816.0,14250,34795.0
170286,Hillsdale College,Hillsdale,MI,3,2,32.0,0.0,0.0,0.0,0.0,0.0,0.0,0.0,0.0,0.0,88.0,0.2072,1415.0,1573.0,33189.0,33189.0,,
170301,Hope College,Holland,MI,3,2,13.0,0.0,0.0,0.0,0.0,0.0,0.0,0.0,0.0,0.0,,0.7924,1249.0,3288.0,41970.0,41970.0,26800,58427.0
170444,Jackson College,Jackson,MI,1,1,41.0,0.0,0.0,0.0,0.0,0.0,0.0,0.0,0.0,0.0,,,,3422.0,7350.0,10200.0,13875,36898.0
170532,Kalamazoo College,Kalamazoo,MI,3,2,13.0,0.0,0.0,0.0,0.0,0.0,0.0,0.0,0.0,0.0,,0.7532,1280.0,1149.0,61050.0,61050.0,26077,65590.0
170541,Kalamazoo Valley Community College,Kalamazoo,MI,2,1,22.0,0.0,0.0,0.0,0.0,0.0,0.0,0.0,0.0,0.0,,,,4997.0,4144.0,9094.0,9699,38618.0
170550,Kellogg Community College,Battle Creek,MI,2,1,13.0,0.0,0.0,0.0,0.0,0.0,0.0,0.0,0.0,0.0,,,,2971.0,4118.0,8282.0,17000,38329.0
170587,Kirtland Community College,Grayling,MI,2,1,42.0,0.0,0.0,0.0,0.0,0.0,0.0,0.0,0.0,0.0,,,,1023.0,5190.0,9870.0,13067,35831.0
170611,Michigan College of Beauty-Monroe,Monroe,MI,1,3,23.0,0.0,0.0,0.0,0.0,0.0,0.0,0.0,0.0,0.0,,,,70.0,,,6333,22766.0
170620,Lake Michigan College,Benton Harbor,MI,2,1,41.0,0.0,0.0,0.0,0.0,0.0,0.0,0.0,0.0,0.0,,,,2105.0,5445.0,7755.0,9000,34466.0
170639,Lake Superior State University,Sault Ste Marie,MI,3,1,33.0,0.0,0.0,0.0,0.0,0.0,0.0,0.0,0.0,0.0,,,,1325.0,14890.0,14890.0,23250,49045.0
170657,Lansing Community College,Lansing,MI,2,1,12.0,0.0,0.0,0.0,0.0,0.0,0.0,0.0,0.0,0.0,,,,8207.0,4100.0,11300.0,12700,39206.0
170675,Lawrence Technological University,Southfield,MI,3,2,13.0,0.0,0.0,0.0,0.0,0.0,0.0,0.0,0.0,0.0,,0.559,,1668.0,44760.0,44760.0,27000,69151.0
170736,M J Murphy Beauty College of Mount Pleasant,Mount Pleasant,MI,1,3,32.0,0.0,0.0,0.0,0.0,0.0,0.0,0.0,0.0,0.0,,,,50.0,,,PS,20720.0
170790,Macomb Community College,Warren,MI,2,1,12.0,0.0,0.0,0.0,0.0,0.0,0.0,0.0,0.0,0.0,,,,13876.0,3660.0,8370.0,6000,41596.0
170806,Madonna University,Livonia,MI,3,2,13.0,0.0,0.0,0.0,0.0,0.0,0.0,0.0,0.0,0.0,30.0,0.6339,980.0,1632.0,28440.0,28440.0,23000,59058.0
170967,Rochester Christian University,Rochester Hills,MI,3,2,21.0,0.0,0.0,0.0,0.0,0.0,0.0,0.0,0.0,0.0,74.0,0.9765,,792.0,29196.0,29196.0,24475,48707.0
170976,University of Michigan-Ann Arbor,Ann Arbor,MI,3,1,12.0,0.0,0.0,0.0,0.0,0.0,0.0,0.0,0.0,0.0,,0.1564,1465.0,34177.0,17736.0,60946.0,19500,83648.0
171100,Michigan State University,East Lansing,MI,3,1,13.0,0.0,0.0,0.0,0.0,0.0,0.0,0.0,0.0,0.0,,0.848,1269.0,40922.0,16458.0,43842.0,23250,67253.0
171128,Michigan Technological University,Houghton,MI,3,1,33.0,0.0,0.0,0.0,0.0,0.0,0.0,0.0,0.0,0.0,,0.9243,1258.0,5955.0,19123.0,42988.0,24990,78198.0
171137,University of Michigan-Dearborn,Dearborn,MI,3,1,12.0,0.0,0.0,0.0,0.0,0.0,0.0,0.0,0.0,0.0,,0.5561,1115.0,5952.0,15640.0,32896.0,22500,59649.0
171146,University of Michigan-Flint,Flint,MI,3,1,13.0,0.0,0.0,0.0,0.0,0.0,0.0,0.0,0.0,0.0,,0.7046,1102.0,4411.0,14704.0,28320.0,25000,53230.0
171155,Mid Michigan College,Harrison,MI,2,1,41.0,0.0,0.0,0.0,0.0,0.0,0.0,0.0,0.0,0.0,,,,2098.0,6132.0,10864.0,13750,37319.0
171225,Monroe County Community College,Monroe,MI,2,1,41.0,0.0,0.0,0.0,0.0,0.0,0.0,0.0,0.0,0.0,,,,1435.0,4759.0,8267.0,12296,41646.0
171234,Montcalm Community College,Sidney,MI,2,1,42.0,0.0,0.0,0.0,0.0,0.0,0.0,0.0,0.0,0.0,,,,1122.0,4662.0,10362.0,16500,35499.0
171304,Muskegon Community College,Muskegon,MI,2,1,13.0,0.0,0.0,0.0,0.0,0.0,0.0,0.0,0.0,0.0,,,,2760.0,7250.0,16010.0,9125,36549.0
171395,North Central Michigan College,Petoskey,MI,2,1,33.0,0.0,0.0,0.0,0.0,0.0,0.0,0.0,0.0,0.0,,,,942.0,5430.0,10590.0,14000,36594.0
171456,Northern Michigan University,Marquette,MI,3,1,33.0,0.0,0.0,0.0,0.0,0.0,0.0,0.0,0.0,0.0,,0.8402,,6556.0,14277.0,19773.0,21474,47107.0
171483,Northwestern Michigan College,Traverse City,MI,2,1,13.0,0.0,0.0,0.0,0.0,0.0,0.0,0.0,0.0,0.0,,,,2813.0,5860.0,13476.0,12500,38167.0
171492,Northwood University,Midland,MI,3,2,13.0,0.0,0.0,0.0,0.0,0.0,0.0,0.0,0.0,0.0,,0.6451,,1974.0,34400.0,34400.0,20842,63075.0
171535,Oakland Community College,Auburn Hills,MI,2,1,21.0,0.0,0.0,0.0,0.0,0.0,0.0,0.0,0.0,0.0,,,,12748.0,3020.0,5560.0,9105,37395.0
171571,Oakland University,Rochester Hills,MI,3,1,21.0,0.0,0.0,0.0,0.0,0.0,0.0,0.0,0.0,0.0,,0.8784,1120.0,12351.0,15262.0,23188.0,22750,58612.0
171599,The University of Olivet,Olivet,MI,3,2,42.0,0.0,0.0,0.0,0.0,0.0,0.0,0.0,0.0,0.0,76.0,0.8325,,892.0,34068.0,34068.0,27000,47907.0
171775,Port Huron Cosmetology College,Waterford,MI,1,3,21.0,0.0,0.0,0.0,0.0,0.0,0.0,0.0,0.0,0.0,,,,37.0,,,PS,22980.0
171881,Kuyper College,Grand Rapids,MI,3,2,21.0,0.0,0.0,0.0,0.0,0.0,0.0,0.0,0.0,0.0,79.0,0.691,,145.0,27660.0,27660.0,21389,41066.0
171988,Ross Medical Education Center-Lansing,Lansing,MI,1,3,21.0,0.0,0.0,0.0,0.0,0.0,0.0,0.0,0.0,0.0,,,,135.0,,,9500,30072.0
171997,Ross Medical Education Center-Warren,Warren,MI,1,3,12.0,0.0,0.0,0.0,0.0,0.0,0.0,0.0,0.0,0.0,,,,237.0,,,9500,30481.0
172015,Ross Medical Education Center-Flint,Flint,MI,1,3,21.0,0.0,0.0,0.0,0.0,0.0,0.0,0.0,0.0,0.0,,,,116.0,,,9500,30060.0
172033,Sacred Heart Major Seminary,Detroit,MI,1,2,11.0,0.0,0.0,0.0,0.0,0.0,0.0,0.0,0.0,0.0,30.0,1.0,,178.0,24120.0,24120.0,PS,49295.0
172051,Saginaw Valley State University,University Center,MI,3,1,22.0,0.0,0.0,0.0,0.0,0.0,0.0,0.0,0.0,0.0,,0.7207,1052.0,5989.0,12930.0,30450.0,25000,51955.0
172200,Schoolcraft Community College District,Livonia,MI,2,1,13.0,0.0,0.0,0.0,0.0,0.0,0.0,0.0,0.0,0.0,,,,7511.0,4736.0,8142.0,10500,42722.0
172264,Siena Heights University,Adrian,MI,3,2,32.0,0.0,0.0,0.0,0.0,0.0,0.0,0.0,0.0,0.0,30.0,0.689,954.0,1495.0,30778.0,30778.0,18750,57529.0
172291,St Clair County Community College,Port Huron,MI,2,1,23.0,0.0,0.0,0.0,0.0,0.0,0.0,0.0,0.0,0.0,,,,2138.0,5212.0,12150.0,11750,40177.0
172307,Southwestern Michigan College,Dowagiac,MI,2,1,41.0,0.0,0.0,0.0,0.0,0.0,0.0,0.0,0.0,0.0,,,,1431.0,6417.0,8394.0,10959,37303.0
172334,Spring Arbor University,Spring Arbor,MI,3,2,41.0,0.0,0.0,0.0,0.0,0.0,0.0,0.0,0.0,0.0,64.0,0.5152,1170.0,1010.0,34014.0,34014.0,26375,51732.0
172422,Michigan Career and Technical Institute,Plainwell,MI,1,1,42.0,0.0,0.0,0.0,0.0,0.0,0.0,0.0,0.0,0.0,,,,118.0,8549.0,12409.0,PS,29376.0
172477,Thomas M Cooley Law School,Lansing,MI,4,2,12.0,0.0,0.0,0.0,0.0,0.0,0.0,0.0,0.0,0.0,,,,,,,PS,63450.0
172495,Twin City Beauty College,Saint Joseph,MI,1,3,23.0,0.0,0.0,0.0,0.0,0.0,0.0,0.0,0.0,0.0,,,,274.0,,,9320,23043.0
172608,Walsh College,Troy,MI,3,2,13.0,0.0,0.0,0.0,0.0,0.0,0.0,0.0,0.0,0.0,,,,445.0,,,16217,72081.0
172617,Washtenaw Community College,Ann Arbor,MI,1,1,21.0,0.0,0.0,0.0,0.0,0.0,0.0,0.0,0.0,0.0,,,,7816.0,2736.0,6504.0,13310,39449.0
172635,Wayne County Community College District,Detroit,MI,2,1,11.0,0.0,1.0,0.0,0.0,0.0,0.0,0.0,0.0,0.0,,,,7423.0,3112.0,4067.0,12062,29079.0
172644,Wayne State University,Detroit,MI,3,1,11.0,0.0,0.0,0.0,0.0,1.0,0.0,0.0,0.0,0.0,,0.8116,1156.0,15587.0,15190.0,32037.0,21250,53493.0
172671,West Shore Community College,Scottville,MI,2,1,42.0,0.0,0.0,0.0,0.0,0.0,0.0,0.0,0.0,0.0,,,,782.0,4470.0,8820.0,9089,36115.0
172680,Paul Mitchell the School-Grand Rapids,Kentwood,MI,1,3,13.0,0.0,0.0,0.0,0.0,0.0,0.0,0.0,0.0,0.0,,,,86.0,,,9833,
172699,Western Michigan University,Kalamazoo,MI,3,1,13.0,0.0,0.0,0.0,0.0,0.0,0.0,0.0,0.0,0.0,,0.846,,12568.0,15252.0,19034.0,26188,53562.0
172705,Western Theological Seminary,Holland,MI,4,2,13.0,0.0,0.0,0.0,0.0,0.0,0.0,0.0,0.0,0.0,49.0,,,,,,PS,
172866,Academy College,Bloomington,MN,3,3,13.0,0.0,0.0,0.0,0.0,0.0,0.0,0.0,0.0,0.0,,,,56.0,18680.0,18680.0,29500,48300.0
172918,Alexandria Technical & Community College,Alexandria,MN,2,1,33.0,0.0,0.0,0.0,0.0,0.0,0.0,0.0,0.0,0.0,,,,1533.0,6236.0,6236.0,12000,49393.0
172954,Anoka Technical College,Anoka,MN,1,1,21.0,0.0,0.0,0.0,0.0,0.0,0.0,0.0,0.0,0.0,,,,1684.0,6267.0,6267.0,11000,47746.0
172963,Anoka-Ramsey Community College,Coon Rapids,MN,2,1,21.0,0.0,0.0,0.0,0.0,0.0,0.0,0.0,0.0,0.0,,,,4201.0,5682.0,5682.0,13500,48342.0
173045,Augsburg University,Minneapolis,MN,3,2,11.0,0.0,0.0,0.0,0.0,1.0,0.0,0.0,0.0,0.0,39.0,0.8198,,2494.0,45452.0,45452.0,25347,58829.0
173063,Riverland Community College,Austin,MN,1,1,32.0,0.0,0.0,0.0,0.0,0.0,0.0,0.0,0.0,0.0,,,,2003.0,6298.0,6298.0,12000,45247.0
173115,Northwest Technical College,Bemidji,MN,1,1,33.0,0.0,0.0,0.0,0.0,0.0,0.0,0.0,0.0,0.0,,,,751.0,6254.0,6254.0,15000,42930.0
173124,Bemidji State University,Bemidji,MN,3,1,33.0,0.0,0.0,0.0,0.0,0.0,0.0,0.0,0.0,0.0,,0.5598,1090.0,3139.0,10237.0,10237.0,19750,53755.0
173142,Bethany Lutheran College,Mankato,MN,3,2,13.0,0.0,0.0,0.0,0.0,0.0,0.0,0.0,0.0,0.0,99.0,0.3897,1150.0,669.0,31360.0,31360.0,23000,46110.0
173160,Bethel University,Saint Paul,MN,3,2,21.0,0.0,0.0,0.0,0.0,0.0,0.0,0.0,0.0,0.0,54.0,0.878,1249.0,1871.0,44226.0,44226.0,21500,63764.0
173203,Central Lakes College-Brainerd,Brainerd,MN,2,1,33.0,0.0,0.0,0.0,0.0,0.0,0.0,0.0,0.0,0.0,,,,1614.0,6249.0,6249.0,11000,42162.0
173258,Carleton College,Northfield,MN,3,2,32.0,0.0,0.0,0.0,0.0,0.0,0.0,0.0,0.0,0.0,,0.2041,1517.0,2086.0,68892.0,68892.0,16750,75525.0
173300,Concordia College at Moorhead,Moorhead,MN,3,2,22.0,0.0,0.0,0.0,0.0,0.0,0.0,0.0,0.0,0.0,39.0,0.6265,1190.0,1829.0,31170.0,31170.0,26847,59317.0
173328,Concordia University-Saint Paul,Saint Paul,MN,3,2,11.0,0.0,0.0,0.0,0.0,1.0,0.0,0.0,0.0,0.0,68.0,0.7887,,3018.0,25600.0,25600.0,17832,59871.0
173416,Dakota County Technical College,Rosemount,MN,2,1,41.0,0.0,0.0,0.0,0.0,0.0,0.0,0.0,0.0,0.0,,,,2168.0,6679.0,6679.0,11000,51938.0
173452,Martin Luther College,New Ulm,MN,3,2,32.0,0.0,0.0,0.0,0.0,0.0,0.0,0.0,0.0,0.0,33.0,0.8717,1090.0,725.0,18120.0,18120.0,20177,47491.0
173461,Lake Superior College,Duluth,MN,2,1,13.0,0.0,0.0,0.0,0.0,0.0,0.0,0.0,0.0,0.0,,,,2471.0,5785.0,5785.0,12775,46449.0
173559,Minnesota State Community and Technical College,Fergus Falls,MN,2,1,41.0,0.0,0.0,0.0,0.0,0.0,0.0,0.0,0.0,0.0,,,,2942.0,5908.0,5908.0,12000,45591.0
173638,Minnesota West Community and Technical College,Granite Falls,MN,1,1,43.0,0.0,0.0,0.0,0.0,0.0,0.0,0.0,0.0,0.0,,,,1762.0,6491.0,6491.0,10987,45285.0
173647,Gustavus Adolphus College,Saint Peter,MN,3,2,31.0,0.0,0.0,0.0,0.0,0.0,0.0,0.0,0.0,0.0,39.0,0.6099,1290.0,1878.0,56076.0,56076.0,26774,65607.0
173665,Hamline University,Saint Paul,MN,3,2,11.0,0.0,0.0,0.0,0.0,0.0,0.0,0.0,0.0,0.0,71.0,0.8763,1160.0,1776.0,50004.0,50004.0,23770,61106.0
173683,Hazelden Betty Ford Graduate School,Center City,MN,4,2,41.0,0.0,0.0,0.0,0.0,0.0,0.0,0.0,0.0,0.0,,,,,,,PS,
173708,Hennepin Technical College,Brooklyn Park,MN,1,1,21.0,0.0,0.0,0.0,0.0,0.0,0.0,0.0,0.0,0.0,,,,3157.0,5940.0,5940.0,11433,49460.0
173735,Minnesota North College,Hibbing,MN,2,1,33.0,0.0,0.0,0.0,0.0,0.0,0.0,0.0,0.0,0.0,,,,2013.0,6022.0,6022.0,12000,45570.0
173744,Aveda Arts & Sciences Institute Minneapolis,Minneapolis,MN,1,3,11.0,0.0,0.0,0.0,0.0,0.0,0.0,0.0,0.0,0.0,,,,623.0,,,6333,34659.0
173799,Inver Hills Community College,Inver Grove Heights,MN,2,1,21.0,0.0,0.0,0.0,0.0,0.0,0.0,0.0,0.0,0.0,,,,2193.0,6146.0,6146.0,13965,49898.0
173896,Luther Seminary,Saint Paul,MN,4,2,11.0,0.0,0.0,0.0,0.0,0.0,0.0,0.0,0.0,0.0,39.0,,,,,,PS,
173902,Macalester College,Saint Paul,MN,3,2,11.0,0.0,0.0,0.0,0.0,0.0,0.0,0.0,0.0,0.0,66.0,0.2852,1440.0,2131.0,68104.0,68104.0,23000,63878.0
173911,South Central College,North Mankato,MN,2,1,23.0,0.0,0.0,0.0,0.0,0.0,0.0,0.0,0.0,0.0,,,,1946.0,6146.0,6146.0,12000,45068.0
173920,Minnesota State University-Mankato,Mankato,MN,3,1,13.0,0.0,0.0,0.0,0.0,0.0,0.0,0.0,0.0,0.0,,0.8844,1150.0,11703.0,9572.0,18942.0,21106,56922.0
173957,Mayo Clinic College of Medicine and Science,Rochester,MN,1,2,12.0,0.0,0.0,0.0,0.0,0.0,0.0,0.0,0.0,0.0,,0.3901,,309.0,3257.0,3257.0,10500,79652.0
174020,Metropolitan State University,Saint Paul,MN,3,1,11.0,0.0,0.0,0.0,0.0,1.0,0.0,0.0,0.0,0.0,,0.9871,1020.0,5616.0,9840.0,9840.0,17100,64705.0
174066,University of Minnesota-Twin Cities,Minneapolis,MN,3,1,11.0,0.0,0.0,0.0,0.0,1.0,0.0,0.0,0.0,0.0,,0.7975,1362.0,31855.0,17214.0,38362.0,19500,69020.0
174075,University of Minnesota-Crookston,Crookston,MN,3,1,32.0,0.0,0.0,0.0,0.0,0.0,0.0,0.0,0.0,0.0,,0.8786,,1729.0,13288.0,13288.0,20500,58056.0
174127,Minneapolis College of Art and Design,Minneapolis,MN,3,2,11.0,0.0,0.0,0.0,0.0,0.0,0.0,0.0,0.0,0.0,,0.4848,1161.0,705.0,45484.0,45484.0,27000,40873.0
174136,Minneapolis Community and Technical College,Minneapolis,MN,1,1,11.0,0.0,0.0,0.0,0.0,0.0,0.0,0.0,0.0,0.0,,,,5268.0,6161.0,6161.0,17954,40086.0
174154,Herzing University-Minneapolis,St. Louis Park,MN,3,2,13.0,0.0,0.0,0.0,0.0,1.0,0.0,0.0,0.0,0.0,,0.9375,,740.0,13450.0,13450.0,21500,36909.0
174233,University of Minnesota-Duluth,Duluth,MN,3,1,13.0,0.0,0.0,0.0,0.0,0.0,0.0,0.0,0.0,0.0,,0.8875,1251.0,7336.0,14610.0,20130.0,22024,62616.0
174251,University of Minnesota-Morris,Morris,MN,3,1,33.0,0.0,0.0,0.0,0.0,0.0,0.0,1.0,0.0,0.0,,0.7493,1150.0,936.0,14526.0,16710.0,18995,50919.0
174321,Model College of Hair Design,Saint Cloud,MN,1,3,13.0,0.0,0.0,0.0,0.0,0.0,0.0,0.0,0.0,0.0,,,,199.0,,,7139,25410.0
174358,Minnesota State University Moorhead,Moorhead,MN,3,1,22.0,0.0,0.0,0.0,0.0,0.0,0.0,0.0,0.0,0.0,,0.5876,1090.0,3072.0,10428.0,10428.0,20000,50527.0
174376,North Hennepin Community College,Brooklyn Park,MN,2,1,21.0,0.0,0.0,0.0,0.0,1.0,0.0,0.0,0.0,0.0,,,,3451.0,5061.0,5061.0,14750,51142.0
174428,Normandale Community College,Bloomington,MN,2,1,13.0,0.0,0.0,0.0,0.0,0.0,0.0,0.0,0.0,0.0,,,,7044.0,6329.0,6329.0,12000,50207.0
174437,North Central University,Minneapolis,MN,3,2,11.0,0.0,0.0,0.0,0.0,0.0,0.0,0.0,0.0,0.0,27.0,0.9898,,709.0,32220.0,32220.0,23200,45064.0
174473,Northland Community and Technical College,Thief River Falls,MN,2,1,33.0,0.0,0.0,0.0,0.0,0.0,0.0,0.0,0.0,0.0,,,,1554.0,6289.0,6289.0,12000,44425.0
174491,University of Northwestern-St Paul,Saint Paul,MN,3,2,21.0,0.0,0.0,0.0,0.0,0.0,0.0,0.0,0.0,0.0,79.0,0.9347,1173.0,1442.0,37920.0,37920.0,21325,50755.0
174507,Northwestern Health Sciences University,Bloomington,MN,2,2,13.0,0.0,0.0,0.0,0.0,0.0,0.0,0.0,0.0,0.0,,,,271.0,12015.0,12015.0,7500,48666.0
174525,Oak Hills Christian College,Bemidji,MN,3,2,41.0,0.0,0.0,0.0,0.0,0.0,0.0,0.0,0.0,0.0,42.0,,,75.0,19440.0,19440.0,20980,35983.0
174570,Pine Technical & Community College,Pine City,MN,1,1,43.0,0.0,0.0,0.0,0.0,0.0,0.0,0.0,0.0,0.0,,,,574.0,4738.0,4738.0,14392,41232.0
174738,Rochester Community and Technical College,Rochester,MN,2,1,12.0,0.0,0.0,0.0,0.0,0.0,0.0,0.0,0.0,0.0,,,,3365.0,6389.0,6389.0,14743,45287.0
174747,College of Saint Benedict,Saint Joseph,MN,3,2,22.0,0.0,0.0,0.0,0.0,0.0,0.0,0.0,0.0,1.0,30.0,0.9152,1151.0,1370.0,55756.0,55756.0,26944,63260.0
174756,St Cloud Technical and Community College,Saint Cloud,MN,2,1,13.0,0.0,0.0,0.0,0.0,0.0,0.0,0.0,0.0,0.0,,,,3113.0,6124.0,6124.0,12000,46874.0
174783,Saint Cloud State University,Saint Cloud,MN,3,1,13.0,0.0,0.0,0.0,0.0,0.0,0.0,0.0,0.0,0.0,,0.948,1092.0,5088.0,10245.0,10245.0,21058,55813.0
174792,Saint Johns University,Collegeville,MN,3,2,41.0,0.0,0.0,0.0,0.0,0.0,0.0,0.0,1.0,0.0,30.0,0.9062,1183.0,1395.0,55816.0,55816.0,27000,76786.0
174817,Saint Mary's University of Minnesota,Winona,MN,3,2,32.0,0.0,0.0,0.0,0.0,0.0,0.0,0.0,0.0,0.0,30.0,0.9278,,1073.0,45080.0,45080.0,21500,58170.0
174844,St Olaf College,Northfield,MN,3,2,32.0,0.0,0.0,0.0,0.0,0.0,0.0,0.0,0.0,0.0,39.0,0.4832,1380.0,3093.0,59760.0,59760.0,26000,65543.0
174862,Crown College,Saint Bonifacius,MN,3,2,41.0,0.0,0.0,0.0,0.0,0.0,0.0,0.0,0.0,0.0,34.0,0.2278,,796.0,31410.0,31410.0,22500,48057.0
174899,The College of Saint Scholastica,Duluth,MN,3,2,13.0,0.0,0.0,0.0,0.0,0.0,0.0,0.0,0.0,0.0,30.0,0.9296,1120.0,1765.0,41778.0,41778.0,20000,65934.0
174914,University of St Thomas,Saint Paul,MN,3,2,11.0,0.0,0.0,0.0,0.0,0.0,0.0,0.0,0.0,0.0,30.0,0.8536,1296.0,6245.0,54398.0,54398.0,23250,73739.0
174978,Empire Beauty School-Bloomington,Bloomington,MN,1,3,13.0,0.0,0.0,0.0,0.0,0.0,0.0,0.0,0.0,0.0,,,,128.0,,,10231,23589.0
175005,St Catherine University,Saint Paul,MN,3,2,11.0,0.0,0.0,0.0,0.0,1.0,0.0,0.0,0.0,1.0,30.0,0.9185,1147.0,2473.0,51454.0,51454.0,24181,59282.0
175014,Rasmussen University-Minnesota,St. Cloud,MN,1,3,13.0,0.0,0.0,0.0,0.0,0.0,0.0,0.0,0.0,0.0,,,,8617.0,11490.0,11490.0,20899,39080.0
175041,Saint Paul College,Saint Paul,MN,1,1,11.0,0.0,0.0,0.0,0.0,1.0,0.0,0.0,0.0,0.0,,,,3813.0,6326.0,6326.0,10925,38399.0
175078,Southwest Minnesota State University,Marshall,MN,3,1,33.0,0.0,0.0,0.0,0.0,0.0,0.0,0.0,0.0,0.0,,0.6218,1050.0,2315.0,10361.0,10361.0,20500,51342.0
175120,Summit Academy Opportunities Industrialization Center,Minneapolis,MN,1,2,11.0,0.0,0.0,0.0,0.0,0.0,0.0,0.0,0.0,0.0,,,,360.0,,,PS,22606.0
175139,United Theological Seminary of the Twin Cities,St. Paul,MN,4,2,11.0,0.0,0.0,0.0,0.0,0.0,0.0,0.0,0.0,0.0,76.0,,,,,,,
175227,Dunwoody College of Technology,Minneapolis,MN,2,2,11.0,0.0,0.0,0.0,0.0,0.0,0.0,0.0,0.0,0.0,,0.9887,1120.0,1533.0,27836.0,27836.0,16000,61511.0
175236,Ridgewater College,Willmar,MN,2,1,33.0,0.0,0.0,0.0,0.0,0.0,0.0,0.0,0.0,0.0,,,,2162.0,6121.0,6121.0,12000,43827.0
175263,Minnesota State College Southeast,Winona,MN,1,1,32.0,0.0,0.0,0.0,0.0,0.0,0.0,0.0,0.0,0.0,,,,1388.0,6432.0,6432.0,12971,43613.0
175272,Winona State University,Winona,MN,3,1,32.0,0.0,0.0,0.0,0.0,0.0,0.0,0.0,0.0,0.0,,0.7549,,5144.0,10576.0,17308.0,21500,58532.0
175281,Mitchell Hamline School of Law,Saint Paul,MN,4,2,11.0,0.0,0.0,0.0,0.0,0.0,0.0,0.0,0.0,0.0,,,,,,,PS,
175315,Century College,White Bear Lake,MN,1,1,21.0,0.0,0.0,0.0,0.0,1.0,0.0,0.0,0.0,0.0,,,,6280.0,6214.0,6214.0,14250,46424.0
175342,Alcorn State University,Alcorn State,MS,3,1,43.0,1.0,0.0,0.0,0.0,0.0,0.0,0.0,0.0,0.0,,0.4533,904.0,2363.0,8785.0,8785.0,27000,36421.0
175421,Belhaven University,Jackson,MS,3,2,12.0,0.0,1.0,0.0,0.0,0.0,0.0,0.0,0.0,0.0,66.0,0.4975,1124.0,1471.0,30250.0,30250.0,26333,46440.0
175430,Blue Mountain Christian University,Blue Mountain,MS,3,2,42.0,0.0,0.0,0.0,0.0,0.0,0.0,0.0,0.0,0.0,75.0,0.8895,1090.0,498.0,20180.0,20180.0,18534,40421.0
175494,Chris Beauty College,Gulfport,MS,1,3,13.0,0.0,0.0,0.0,0.0,0.0,0.0,0.0,0.0,0.0,,,,73.0,,,PS,18468.0
175519,Coahoma Community College,Clarksdale,MS,1,1,41.0,1.0,0.0,0.0,0.0,0.0,0.0,0.0,0.0,0.0,,,,1144.0,3490.0,3490.0,PS,24289.0
175573,Copiah-Lincoln Community College,Wesson,MS,2,1,42.0,0.0,1.0,0.0,0.0,0.0,0.0,0.0,0.0,0.0,,,,1922.0,4000.0,5000.0,7435,31241.0
175616,Delta State University,Cleveland,MS,3,1,33.0,0.0,0.0,0.0,0.0,0.0,0.0,0.0,0.0,0.0,,1.0,1050.0,1620.0,8605.0,8605.0,20390,41991.0
175643,East Central Community College,Decatur,MS,2,1,43.0,0.0,0.0,0.0,0.0,0.0,0.0,0.0,0.0,0.0,,,,1520.0,4160.0,6260.0,5500,32421.0
175652,East Mississippi Community College,Scooba,MS,2,1,43.0,0.0,1.0,0.0,0.0,0.0,0.0,0.0,0.0,0.0,,,,2838.0,4095.0,7445.0,9006,33772.0
175698,Fosters Cosmetology College,Ripley,MS,1,3,43.0,0.0,0.0,0.0,0.0,0.0,0.0,0.0,0.0,0.0,,,,23.0,,,PS,
175722,Academy of Hair Design-Grenada,Grenada,MS,1,3,41.0,0.0,0.0,0.0,0.0,0.0,0.0,0.0,0.0,0.0,,,,21.0,,,6786,22284.0
175786,Hinds Community College,Raymond,MS,2,1,42.0,0.0,1.0,0.0,0.0,0.0,0.0,0.0,0.0,0.0,,,,6397.0,4250.0,7300.0,9371,30774.0
175810,Holmes Community College,Goodman,MS,2,1,43.0,0.0,1.0,0.0,0.0,0.0,0.0,0.0,0.0,0.0,,,,3958.0,3710.0,6610.0,9274,32922.0
175829,Itawamba Community College,Fulton,MS,2,1,43.0,0.0,0.0,0.0,0.0,0.0,0.0,0.0,0.0,0.0,,,,4167.0,3420.0,5820.0,7631,32912.0
175856,Jackson State University,Jackson,MS,3,1,12.0,1.0,0.0,0.0,0.0,0.0,0.0,0.0,0.0,0.0,,0.9315,965.0,4600.0,8965.0,11965.0,30470,39060.0
175883,Jones County Junior College,Ellisville,MS,2,1,32.0,0.0,0.0,0.0,0.0,0.0,0.0,0.0,0.0,0.0,,,,3535.0,4806.0,6806.0,6291,33377.0
175935,Meridian Community College,Meridian,MS,2,1,33.0,0.0,1.0,0.0,0.0,0.0,0.0,0.0,0.0,0.0,,,,2156.0,4078.0,6478.0,5521,31002.0
175980,Millsaps College,Jackson,MS,3,2,12.0,0.0,0.0,0.0,0.0,0.0,0.0,0.0,0.0,0.0,71.0,0.4312,1181.0,549.0,44680.0,44680.0,27000,53848.0
176008,Mississippi Delta Community College,Moorhead,MS,2,1,42.0,0.0,0.0,0.0,0.0,0.0,0.0,0.0,0.0,0.0,,,,1413.0,3540.0,3540.0,PS,28421.0
176017,University of Mississippi,University,MS,3,1,33.0,0.0,0.0,0.0,0.0,0.0,0.0,0.0,0.0,0.0,,0.9658,1184.0,21473.0,9772.0,28600.0,20000,50994.0
176035,Mississippi University for Women,Columbus,MS,3,1,33.0,0.0,0.0,0.0,0.0,0.0,0.0,0.0,0.0,0.0,,0.9031,1090.0,1605.0,8492.0,8492.0,15000,46128.0
176044,Mississippi Valley State University,Itta Bena,MS,3,1,42.0,1.0,0.0,0.0,0.0,0.0,0.0,0.0,0.0,0.0,,0.9238,870.0,1439.0,7692.0,7692.0,28413,31919.0
176053,Mississippi Christian University,Clinton,MS,3,2,21.0,0.0,0.0,0.0,0.0,0.0,0.0,0.0,0.0,0.0,75.0,0.2911,1090.0,2518.0,23500.0,23500.0,22500,47485.0
176062,Hatfield's Mississippi College of Beauty Culture,Laurel,MS,1,3,32.0,0.0,0.0,0.0,0.0,0.0,0.0,0.0,0.0,0.0,,,,57.0,,,6500,13849.0
176071,Mississippi Gulf Coast Community College,Perkinston,MS,2,1,42.0,0.0,0.0,0.0,0.0,0.0,0.0,0.0,0.0,0.0,,,,6353.0,4250.0,7850.0,10000,33017.0
176080,Mississippi State University,Mississippi State,MS,3,1,33.0,0.0,0.0,0.0,0.0,0.0,0.0,0.0,0.0,0.0,,0.7764,1219.0,18397.0,10202.0,27637.0,22142,51513.0
176169,Northeast Mississippi Community College,Booneville,MS,2,1,33.0,0.0,0.0,0.0,0.0,0.0,0.0,0.0,0.0,0.0,,,,2698.0,4470.0,7710.0,9722,34081.0
176178,Northwest Mississippi Community College,Senatobia,MS,2,1,32.0,0.0,0.0,0.0,0.0,0.0,0.0,0.0,0.0,0.0,,,,5452.0,3740.0,3740.0,6500,36396.0
176239,Pearl River Community College,Poplarville,MS,2,1,43.0,0.0,0.0,0.0,0.0,0.0,0.0,0.0,0.0,0.0,,,,4903.0,3700.0,6100.0,9750,33019.0
176318,Rust College,Holly Springs,MS,3,2,32.0,1.0,0.0,0.0,0.0,0.0,0.0,0.0,0.0,0.0,71.0,0.4867,,467.0,13265.0,13265.0,26159,32275.0
176336,Southeastern Baptist College,Laurel,MS,2,2,32.0,0.0,0.0,0.0,0.0,0.0,0.0,0.0,0.0,0.0,54.0,1.0,,93.0,7425.0,7425.0,PS,26946.0
176354,Southwest Mississippi Community College,Summit,MS,2,1,41.0,0.0,0.0,0.0,0.0,0.0,0.0,0.0,0.0,0.0,,,,1474.0,4080.0,6780.0,PS,33227.0
176372,University of Southern Mississippi,Hattiesburg,MS,3,1,13.0,0.0,0.0,0.0,0.0,0.0,0.0,0.0,0.0,0.0,,0.9912,1190.0,10075.0,9998.0,11998.0,22500,44140.0
176406,Tougaloo College,Tougaloo,MS,3,2,12.0,1.0,0.0,0.0,0.0,0.0,0.0,0.0,0.0,0.0,76.0,0.5985,,639.0,12407.0,12407.0,30046,34724.0
176433,Vaughn Beauty College,Aberdeen,MS,1,3,42.0,0.0,0.0,0.0,0.0,0.0,0.0,0.0,0.0,0.0,,,,63.0,,,PS,
176451,Wesley Biblical Seminary,Ridgeland,MS,3,2,21.0,0.0,0.0,0.0,0.0,0.0,0.0,0.0,0.0,0.0,42.0,,,24.0,7500.0,7500.0,PS,
176479,William Carey University,Hattiesburg,MS,3,2,13.0,0.0,0.0,0.0,0.0,0.0,0.0,0.0,0.0,0.0,54.0,0.6029,1122.0,2201.0,15480.0,15480.0,20832,43087.0
176600,Aquinas Institute of Theology,Saint Louis,MO,4,2,11.0,0.0,0.0,0.0,0.0,0.0,0.0,0.0,0.0,0.0,30.0,,,,,,PS,
176628,Avila University,Kansas City,MO,3,2,11.0,0.0,0.0,0.0,0.0,0.0,0.0,0.0,0.0,0.0,30.0,0.878,972.0,1312.0,42000.0,42000.0,25000,52773.0
176664,Mission University,Springfield,MO,3,2,12.0,0.0,0.0,0.0,0.0,0.0,0.0,0.0,0.0,0.0,54.0,,,381.0,16950.0,16950.0,26168,38641.0
176716,House of Heavilin Beauty College-Blue Springs,Blue Springs,MO,1,3,21.0,0.0,0.0,0.0,0.0,0.0,0.0,0.0,0.0,0.0,,,,109.0,,,7917,24840.0
176770,Cox College,Springfield,MO,2,2,12.0,0.0,0.0,0.0,0.0,0.0,0.0,0.0,0.0,0.0,,1.0,,540.0,14822.0,14822.0,20000,56867.0
176789,Calvary University,Kansas City,MO,3,2,11.0,0.0,0.0,0.0,0.0,0.0,0.0,0.0,0.0,0.0,79.0,0.7174,1050.0,154.0,14094.0,14094.0,20839,45421.0
176798,Cape Girardeau Career and Technology Center,Cape Girardeau,MO,1,1,13.0,0.0,0.0,0.0,0.0,0.0,0.0,0.0,0.0,0.0,,,,159.0,,,8750,44369.0
176910,Central Christian College of the Bible,Moberly,MO,3,2,32.0,0.0,0.0,0.0,0.0,0.0,0.0,0.0,0.0,0.0,48.0,,,154.0,12200.0,12200.0,17500,34675.0
176947,Central Methodist University-College of Liberal Arts and Sciences,Fayette,MO,3,2,42.0,0.0,0.0,0.0,0.0,0.0,0.0,0.0,0.0,0.0,71.0,0.5687,1048.0,1040.0,28260.0,28260.0,17619,48991.0
176965,University of Central Missouri,Warrensburg,MO,3,1,32.0,0.0,0.0,0.0,0.0,0.0,0.0,0.0,0.0,0.0,,0.638,1050.0,5648.0,10050.0,18600.0,21000,49560.0
176983,Grand River Technical School,Chillicothe,MO,1,1,33.0,0.0,0.0,0.0,0.0,0.0,0.0,0.0,0.0,0.0,,0.8837,,65.0,,,PS,40665.0
177038,Cleveland University-Kansas City,Overland Park,KS,3,2,12.0,0.0,0.0,0.0,0.0,0.0,0.0,0.0,0.0,0.0,,0.6923,,95.0,14400.0,14400.0,12500,52304.0
177065,Columbia College,Columbia,MO,3,2,12.0,0.0,0.0,0.0,0.0,0.0,0.0,0.0,0.0,0.0,61.0,,,4950.0,25826.0,25826.0,23879,45378.0
177083,Conception Seminary College,Conception,MO,3,2,43.0,0.0,0.0,0.0,0.0,0.0,0.0,0.0,1.0,0.0,30.0,0.3182,,40.0,26206.0,26206.0,PS,50430.0
177092,Concordia Seminary,Saint Louis,MO,4,2,21.0,0.0,0.0,0.0,0.0,0.0,0.0,0.0,0.0,0.0,68.0,,,,,,PS,
177117,Cottey College,Nevada,MO,3,2,33.0,0.0,0.0,0.0,0.0,0.0,0.0,0.0,0.0,1.0,,0.6918,,254.0,27562.0,27562.0,19043,35422.0
177126,Covenant Theological Seminary,Saint Louis,MO,4,2,21.0,0.0,0.0,0.0,0.0,0.0,0.0,0.0,0.0,0.0,97.0,,,,,,PS,
177135,Crowder College,Neosho,MO,2,1,32.0,0.0,0.0,0.0,0.0,0.0,0.0,0.0,0.0,0.0,,,,2570.0,6180.0,8280.0,9000,35987.0
177144,Culver-Stockton College,Canton,MO,3,2,43.0,0.0,0.0,0.0,0.0,0.0,0.0,0.0,0.0,0.0,61.0,0.991,,807.0,30875.0,30875.0,26000,46092.0
177214,Drury University,Springfield,MO,3,2,12.0,0.0,0.0,0.0,0.0,0.0,0.0,0.0,0.0,0.0,61.0,0.5758,1218.0,1383.0,36745.0,36745.0,20979,40694.0
177250,East Central College,Union,MO,2,1,32.0,0.0,0.0,0.0,0.0,0.0,0.0,0.0,0.0,0.0,,,,1639.0,4272.0,7680.0,9500,36916.0
177278,Eden Theological Seminary,Webster Groves,MO,4,2,21.0,0.0,0.0,0.0,0.0,0.0,0.0,0.0,0.0,0.0,76.0,,,,,,PS,
177302,Pinnacle Career Institute,Kansas City,MO,1,3,11.0,0.0,0.0,0.0,0.0,0.0,0.0,0.0,0.0,0.0,,,,619.0,,,11605,34213.0
177339,Evangel University,Springfield,MO,3,2,12.0,0.0,0.0,0.0,0.0,0.0,0.0,0.0,0.0,0.0,27.0,0.7161,1188.0,1229.0,28548.0,28548.0,24736,46573.0
177436,Four Rivers Career Center,Washington,MO,1,1,32.0,0.0,0.0,0.0,0.0,0.0,0.0,0.0,0.0,0.0,,,,30.0,18345.0,18345.0,10623,48199.0
177472,Ozarks Technical Community College,Springfield,MO,2,1,12.0,0.0,0.0,0.0,0.0,0.0,0.0,0.0,0.0,0.0,,,,8165.0,4512.0,7200.0,10453,36455.0
177542,Hannibal-LaGrange University,Hannibal,MO,3,2,33.0,0.0,0.0,0.0,0.0,0.0,0.0,0.0,0.0,0.0,75.0,0.7263,1090.0,410.0,26880.0,26880.0,18599,42643.0
177551,Harris-Stowe State University,Saint Louis,MO,3,1,11.0,1.0,0.0,0.0,0.0,0.0,0.0,0.0,0.0,0.0,,,,960.0,7008.0,11640.0,25930,31088.0
177588,House of Heavilin Beauty College-Kansas City,Kansas City,MO,1,3,11.0,0.0,0.0,0.0,0.0,0.0,0.0,0.0,0.0,0.0,,,,55.0,,,13102,17269.0
177603,Summit Salon Academy Kansas City,Independence,MO,1,3,21.0,0.0,0.0,0.0,0.0,0.0,0.0,0.0,0.0,0.0,,,,157.0,,,11938,24811.0
177676,Jefferson College,Hillsboro,MO,2,1,41.0,0.0,0.0,0.0,0.0,0.0,0.0,0.0,0.0,0.0,,,,2552.0,5250.0,8850.0,9285,40782.0
177685,Paul Mitchell the School-Missouri Columbia,Columbia,MO,1,3,12.0,0.0,0.0,0.0,0.0,0.0,0.0,0.0,0.0,0.0,,,,107.0,,,9500,27715.0
177719,Barnes-Jewish College Goldfarb School of Nursing,Saint Louis,MO,3,2,11.0,0.0,0.0,0.0,0.0,0.0,0.0,0.0,0.0,0.0,,,,446.0,,,16750,84393.0
177746,Kansas City Art Institute,Kansas City,MO,3,2,11.0,0.0,0.0,0.0,0.0,0.0,0.0,0.0,0.0,0.0,,0.5476,,812.0,44550.0,44550.0,27000,37032.0
177816,Kenrick Glennon Seminary,Saint Louis,MO,4,2,21.0,0.0,0.0,0.0,0.0,0.0,0.0,0.0,0.0,0.0,30.0,,,,,,PS,
177834,A T Still University of Health Sciences,Kirksville,MO,4,2,33.0,0.0,0.0,0.0,0.0,0.0,0.0,0.0,0.0,0.0,,,,,,,PS,
177931,Lex La-Ray Technical Center,Lexington,MO,1,1,42.0,0.0,0.0,0.0,0.0,0.0,0.0,0.0,0.0,0.0,,0.6667,,25.0,,,PS,52142.0
177940,Lincoln University,Jefferson City,MO,3,1,13.0,1.0,0.0,0.0,0.0,0.0,0.0,0.0,0.0,0.0,,,,1392.0,9796.0,17692.0,28875,39463.0
177968,Lindenwood University,Saint Charles,MO,3,2,13.0,0.0,0.0,0.0,0.0,0.0,0.0,0.0,0.0,0.0,,0.5684,1190.0,4624.0,21600.0,21600.0,26000,53278.0
177977,State Technical College of Missouri,Linn,MO,2,1,42.0,0.0,0.0,0.0,0.0,0.0,0.0,0.0,0.0,0.0,,,,2123.0,8160.0,14610.0,10986,55901.0
177986,Logan University,Chesterfield,MO,3,2,21.0,0.0,0.0,0.0,0.0,0.0,0.0,0.0,0.0,0.0,,0.6429,,229.0,9000.0,9000.0,10250,55838.0
177995,Metropolitan Community College-Kansas City,Kansas City,MO,2,1,11.0,0.0,0.0,0.0,0.0,0.0,0.0,0.0,0.0,0.0,,,,10649.0,3630.0,9600.0,10073,40796.0
178059,Maryville University of Saint Louis,Saint Louis,MO,3,2,21.0,0.0,0.0,0.0,0.0,0.0,0.0,0.0,0.0,0.0,,0.9508,,5658.0,27166.0,27166.0,22000,62105.0
178077,Missouri College of Cosmetology and Esthetics,Jefferson City,MO,1,3,13.0,0.0,0.0,0.0,0.0,0.0,0.0,0.0,0.0,0.0,,,,97.0,,,7671,26738.0
178183,Midwest Institute,Earth City,MO,1,3,21.0,0.0,0.0,0.0,0.0,0.0,0.0,0.0,0.0,0.0,,0.8718,,177.0,,,9500,30414.0
178208,Midwestern Baptist Theological Seminary,Kansas City,MO,3,2,11.0,0.0,0.0,0.0,0.0,0.0,0.0,0.0,0.0,0.0,75.0,0.964,,747.0,10120.0,10120.0,15675,50535.0
178217,Mineral Area College,Park Hills,MO,2,1,32.0,0.0,0.0,0.0,0.0,0.0,0.0,0.0,0.0,0.0,,,,1592.0,5660.0,8570.0,10500,35352.0
178244,Missouri Baptist University,Saint Louis,MO,3,2,21.0,0.0,0.0,0.0,0.0,0.0,0.0,0.0,0.0,0.0,54.0,0.686,910.0,1488.0,34612.0,34612.0,22500,46660.0
178341,Missouri Southern State University,Joplin,MO,3,1,13.0,0.0,0.0,0.0,0.0,0.0,0.0,0.0,0.0,0.0,,0.9703,1065.0,3019.0,8960.0,17080.0,19174,42620.0
178369,Missouri Valley College,Marshall,MO,3,2,33.0,0.0,0.0,0.0,0.0,0.0,0.0,0.0,0.0,0.0,108.0,0.6918,974.0,1443.0,23700.0,23700.0,25950,43221.0
178387,Missouri Western State University,Saint Joseph,MO,3,1,13.0,0.0,0.0,0.0,0.0,0.0,0.0,0.0,0.0,0.0,,,,2219.0,10306.0,20866.0,19968,42647.0
178396,University of Missouri-Columbia,Columbia,MO,3,1,12.0,0.0,0.0,0.0,0.0,0.0,0.0,0.0,0.0,0.0,,0.7847,1247.0,23929.0,14837.0,36056.0,20500,63403.0
178402,University of Missouri-Kansas City,Kansas City,MO,3,1,11.0,0.0,0.0,0.0,0.0,0.0,0.0,0.0,0.0,0.0,,0.7218,1204.0,6817.0,12587.0,30227.0,18750,59637.0
178411,Missouri University of Science and Technology,Rolla,MO,3,1,33.0,0.0,0.0,0.0,0.0,0.0,0.0,0.0,0.0,0.0,,0.7255,1317.0,5521.0,14984.0,33248.0,23250,82957.0
178420,University of Missouri-St Louis,Saint Louis,MO,3,1,21.0,0.0,0.0,0.0,0.0,0.0,0.0,0.0,0.0,0.0,,0.6267,1199.0,5024.0,14112.0,35112.0,20000,53037.0
178448,Moberly Area Community College,Moberly,MO,2,1,32.0,0.0,0.0,0.0,0.0,0.0,0.0,0.0,0.0,0.0,,,,3100.0,4110.0,8640.0,10658,37537.0
178518,Nazarene Theological Seminary,Kansas City,MO,4,2,11.0,0.0,0.0,0.0,0.0,0.0,0.0,0.0,0.0,0.0,59.0,,,,,,,
178527,Neosho Beauty and Barber College,Neosho,MO,1,3,32.0,0.0,0.0,0.0,0.0,0.0,0.0,0.0,0.0,0.0,,,,47.0,,,9500,18280.0
178615,Truman State University,Kirksville,MO,3,1,33.0,0.0,0.0,0.0,0.0,0.0,0.0,0.0,0.0,0.0,,0.8377,1320.0,2513.0,9838.0,18566.0,21000,56280.0
178624,Northwest Missouri State University,Maryville,MO,3,1,33.0,0.0,0.0,0.0,0.0,0.0,0.0,0.0,0.0,0.0,,0.8609,1119.0,4378.0,10611.0,17324.0,21500,47885.0
178679,Ozark Christian College,Joplin,MO,3,2,13.0,0.0,0.0,0.0,0.0,0.0,0.0,0.0,0.0,0.0,48.0,0.9361,,602.0,16000.0,16000.0,16772,41297.0
178697,College of the Ozarks,Point Lookout,MO,3,2,32.0,0.0,0.0,0.0,0.0,0.0,0.0,0.0,0.0,0.0,102.0,0.1199,1118.0,1444.0,22320.0,22320.0,PS,41592.0
178721,Park University,Parkville,MO,3,2,21.0,0.0,0.0,0.0,0.0,0.0,0.0,0.0,0.0,0.0,,,,4555.0,17500.0,17500.0,21685,56309.0
178767,Stevens-The Institute of Business & Arts,Saint Louis,MO,3,3,11.0,0.0,0.0,0.0,0.0,0.0,0.0,0.0,0.0,0.0,,1.0,,89.0,14332.0,14332.0,27000,29058.0
178891,Ranken Technical College,Saint Louis,MO,1,2,11.0,0.0,0.0,0.0,0.0,0.0,0.0,0.0,0.0,0.0,,,,1780.0,18008.0,18008.0,12000,55955.0
178989,Research College of Nursing,Kansas City,MO,3,3,11.0,0.0,0.0,0.0,0.0,0.0,0.0,0.0,0.0,0.0,,,,177.0,,,13930,85910.0
179043,Rockhurst University,Kansas City,MO,3,2,11.0,0.0,0.0,0.0,0.0,0.0,0.0,0.0,0.0,0.0,30.0,0.6959,1120.0,1580.0,44966.0,44966.0,18250,67102.0
179159,Saint Louis University,Saint Louis,MO,3,2,11.0,0.0,0.0,0.0,0.0,0.0,0.0,0.0,0.0,0.0,30.0,0.7504,1317.0,7267.0,55760.0,55760.0,25000,70783.0
179195,Salem College of Hairstyling,Rolla,MO,1,3,33.0,0.0,0.0,0.0,0.0,0.0,0.0,0.0,0.0,0.0,,,,31.0,,,PS,18275.0
179265,University of Health Sciences and Pharmacy in St. Louis,Saint Louis,MO,3,2,11.0,0.0,0.0,0.0,0.0,1.0,0.0,0.0,0.0,0.0,,0.8984,1131.0,337.0,32550.0,32550.0,17755,137047.0
179308,Saint Louis Community College,Bridgeton,MO,2,1,21.0,0.0,0.0,0.0,0.0,0.0,0.0,0.0,0.0,0.0,,,,11788.0,3660.0,6990.0,6725,35325.0
179317,Saint Paul School of Theology,Leawood,KS,4,2,21.0,0.0,0.0,0.0,0.0,0.0,0.0,0.0,0.0,0.0,71.0,,,,,,PS,
179326,Southwest Baptist University,Bolivar,MO,3,2,32.0,0.0,0.0,0.0,0.0,0.0,0.0,0.0,0.0,0.0,75.0,0.6839,1088.0,1341.0,30566.0,30566.0,20957,43112.0
179344,Missouri State University-West Plains,West Plains,MO,2,1,33.0,0.0,0.0,0.0,0.0,0.0,0.0,0.0,0.0,0.0,,,,965.0,5936.0,8106.0,10000,36922.0
179511,St Louis College of Health Careers-St Louis,Saint Louis,MO,1,3,11.0,0.0,0.0,0.0,0.0,0.0,0.0,0.0,0.0,0.0,,,,153.0,,,11750,32217.0
179539,State Fair Community College,Sedalia,MO,2,1,33.0,0.0,0.0,0.0,0.0,0.0,0.0,0.0,0.0,0.0,,,,2694.0,4176.0,7416.0,10500,35562.0
179548,Stephens College,Columbia,MO,3,2,12.0,0.0,0.0,0.0,0.0,0.0,0.0,0.0,0.0,1.0,,0.7722,,391.0,28300.0,28300.0,27000,43071.0
179557,Southeast Missouri State University,Cape Girardeau,MO,3,1,13.0,0.0,0.0,0.0,0.0,0.0,0.0,0.0,0.0,0.0,,0.7352,950.0,6373.0,9903.0,9903.0,21500,44030.0
179566,Missouri State University-Springfield,Springfield,MO,3,1,12.0,0.0,0.0,0.0,0.0,0.0,0.0,0.0,0.0,0.0,,0.9053,1122.0,13313.0,9502.0,18770.0,21992,49827.0
179645,Three Rivers College,Poplar Bluff,MO,2,1,33.0,0.0,0.0,0.0,0.0,0.0,0.0,0.0,0.0,0.0,,,,1844.0,4950.0,6180.0,10000,32442.0
179715,North Central Missouri College,Trenton,MO,2,1,33.0,0.0,0.0,0.0,0.0,0.0,0.0,0.0,0.0,0.0,,,,1286.0,5370.0,8820.0,10500,40837.0
179812,Kansas City University,Kansas City,MO,4,2,11.0,0.0,0.0,0.0,0.0,0.0,0.0,0.0,0.0,0.0,,,,,,,PS,
179867,Washington University in St Louis,St. Louis,MO,3,2,21.0,0.0,0.0,0.0,0.0,0.0,0.0,0.0,0.0,0.0,,0.1206,1530.0,7857.0,65790.0,65790.0,17500,86182.0
179894,Webster University,Saint Louis,MO,3,2,21.0,0.0,0.0,0.0,0.0,0.0,0.0,0.0,0.0,0.0,,0.8623,1102.0,2304.0,31750.0,31750.0,23000,50876.0
179946,Westminster College,Fulton,MO,3,2,32.0,0.0,0.0,0.0,0.0,0.0,0.0,0.0,0.0,0.0,66.0,0.792,1118.0,638.0,35214.0,35214.0,27000,52199.0
179955,William Jewell College,Liberty,MO,3,2,21.0,0.0,0.0,0.0,0.0,0.0,0.0,0.0,0.0,0.0,,0.3836,1095.0,924.0,20610.0,20610.0,24498,59268.0
179964,William Woods University,Fulton,MO,3,2,32.0,0.0,0.0,0.0,0.0,0.0,0.0,0.0,0.0,0.0,61.0,0.7096,,1300.0,30340.0,30340.0,21983,42401.0
179991,Academy of Cosmetology Inc,Bozeman,MT,1,3,13.0,0.0,0.0,0.0,0.0,0.0,0.0,0.0,0.0,0.0,,,,39.0,,,PS,
180054,Blackfeet Community College,Browning,MT,2,2,43.0,0.0,0.0,0.0,1.0,0.0,0.0,0.0,0.0,0.0,,,,286.0,3610.0,3610.0,PS,22953.0
180081,Highlands College of Montana Tech,Butte,MT,1,1,33.0,0.0,0.0,0.0,0.0,0.0,0.0,0.0,0.0,0.0,,,,342.0,4130.0,10950.0,18750,54329.0
180090,Crevier's Academy of Cosmetology Arts,Kalispell,MT,1,3,33.0,0.0,0.0,0.0,0.0,0.0,0.0,0.0,0.0,0.0,,,,79.0,,,PS,14047.0
180106,Carroll College,Helena,MT,3,2,13.0,0.0,0.0,0.0,0.0,0.0,0.0,0.0,0.0,0.0,30.0,0.7093,1200.0,1092.0,41484.0,41484.0,25757,61772.0
180151,Dawson Community College,Glendive,MT,2,1,33.0,0.0,0.0,0.0,0.0,0.0,0.0,0.0,0.0,0.0,,,,189.0,5010.0,9810.0,9450,41951.0
180160,Chief Dull Knife College,Lame Deer,MT,2,1,43.0,0.0,0.0,0.0,1.0,0.0,0.0,0.0,0.0,0.0,,,,183.0,1960.0,1960.0,PS,20073.0
180179,Montana State University Billings,Billings,MT,3,1,12.0,0.0,0.0,0.0,0.0,0.0,0.0,0.0,0.0,0.0,,,,2626.0,7280.0,22897.0,18209,44296.0
180197,Flathead Valley Community College,Kalispell,MT,2,1,33.0,0.0,0.0,0.0,0.0,0.0,0.0,0.0,0.0,0.0,,,,1202.0,4912.0,11659.0,10500,38520.0
180203,Aaniiih Nakoda College,Harlem,MT,2,1,43.0,0.0,0.0,0.0,1.0,0.0,0.0,0.0,0.0,0.0,,,,106.0,3080.0,3080.0,PS,30528.0
180212,Fort Peck Community College,Poplar,MT,2,1,43.0,0.0,0.0,0.0,1.0,0.0,0.0,0.0,0.0,0.0,,,,282.0,2250.0,2250.0,PS,14747.0
180249,Great Falls College Montana State University,Great Falls,MT,2,1,13.0,0.0,0.0,0.0,0.0,0.0,0.0,0.0,0.0,0.0,,,,894.0,4028.0,12911.0,PS,38034.0
180258,University of Providence,Great Falls,MT,3,2,13.0,0.0,0.0,0.0,0.0,0.0,0.0,0.0,0.0,0.0,30.0,0.5028,980.0,528.0,30448.0,30448.0,18750,48296.0
180276,Helena College University of Montana,Helena,MT,2,1,13.0,0.0,0.0,0.0,0.0,0.0,0.0,0.0,0.0,0.0,,,,585.0,4146.0,11318.0,14580,40738.0
180328,Little Big Horn College,Crow Agency,MT,2,1,43.0,0.0,0.0,0.0,1.0,0.0,0.0,0.0,0.0,0.0,,,,253.0,3200.0,3200.0,PS,21152.0
180373,Miles Community College,Miles City,MT,2,1,33.0,0.0,0.0,0.0,0.0,0.0,0.0,0.0,0.0,0.0,,,,332.0,5818.0,10626.0,11500,42862.0
180416,Montana Technological University,Butte,MT,3,1,33.0,0.0,0.0,0.0,0.0,0.0,0.0,0.0,0.0,0.0,,0.9105,1126.0,1480.0,8340.0,26150.0,18750,54329.0
180461,Montana State University,Bozeman,MT,3,1,13.0,0.0,0.0,0.0,0.0,0.0,0.0,0.0,0.0,0.0,,0.8214,1183.0,14451.0,8460.0,33287.0,22500,53263.0
180489,The University of Montana,Missoula,MT,3,1,13.0,0.0,0.0,0.0,0.0,0.0,0.0,0.0,0.0,0.0,,0.9586,1190.0,7488.0,8552.0,33671.0,22400,44511.0
180522,Montana State University-Northern,Havre,MT,3,1,33.0,0.0,0.0,0.0,0.0,0.0,0.0,1.0,0.0,0.0,,,,761.0,6982.0,21875.0,18500,49505.0
180595,Rocky Mountain College,Billings,MT,3,2,12.0,0.0,0.0,0.0,0.0,0.0,0.0,0.0,0.0,0.0,76.0,0.6961,1083.0,840.0,35582.0,35582.0,26000,49036.0
180647,Salish Kootenai College,Pablo,MT,2,1,42.0,0.0,0.0,0.0,1.0,0.0,0.0,0.0,0.0,0.0,,,,580.0,4311.0,11583.0,12923,32725.0
180692,The University of Montana-Western,Dillon,MT,3,1,33.0,0.0,0.0,0.0,0.0,0.0,0.0,0.0,0.0,0.0,,0.9978,,1198.0,6670.0,20130.0,21000,43229.0
180814,Bellevue University,Bellevue,NE,3,2,21.0,0.0,0.0,0.0,0.0,0.0,0.0,0.0,0.0,0.0,,,,10220.0,9903.0,9903.0,20000,61289.0
180832,Clarkson College,Omaha,NE,3,2,11.0,0.0,0.0,0.0,0.0,0.0,0.0,0.0,0.0,0.0,50.0,0.7818,,622.0,16104.0,16104.0,23716,64876.0
180878,Bryan College of Health Sciences,Lincoln,NE,3,2,11.0,0.0,0.0,0.0,0.0,0.0,0.0,0.0,0.0,0.0,,0.6737,,553.0,20640.0,20640.0,24985,70845.0
180902,Central Community College,Grand Island,NE,1,1,13.0,0.0,0.0,0.0,0.0,0.0,0.0,0.0,0.0,0.0,,,,3353.0,3360.0,4800.0,7992,39429.0
180948,Chadron State College,Chadron,NE,3,1,33.0,0.0,0.0,0.0,0.0,0.0,0.0,0.0,0.0,0.0,,,,1540.0,8290.0,8290.0,18875,47002.0
180957,College of Hair Design-Downtown,Lincoln,NE,1,3,11.0,0.0,0.0,0.0,0.0,0.0,0.0,0.0,0.0,0.0,,,,53.0,,,12000,28376.0
180984,Concordia University-Nebraska,Seward,NE,3,2,32.0,0.0,0.0,0.0,0.0,0.0,0.0,0.0,0.0,0.0,68.0,0.8572,,1283.0,40640.0,40640.0,25750,52415.0
181002,Creighton University,Omaha,NE,3,2,11.0,0.0,0.0,0.0,0.0,0.0,0.0,0.0,0.0,0.0,30.0,0.7975,1321.0,4348.0,48856.0,48856.0,25000,73911.0
181020,Doane University,Crete,NE,3,2,32.0,0.0,0.0,0.0,0.0,0.0,0.0,0.0,0.0,0.0,,0.9801,,978.0,43985.0,43985.0,25000,53316.0
181127,Hastings College,Hastings,NE,3,2,32.0,0.0,0.0,0.0,0.0,0.0,0.0,0.0,0.0,0.0,66.0,0.7165,1320.0,891.0,37770.0,37770.0,27000,51303.0
181145,CHI Health School of Radiologic Technology,Omaha,NE,3,2,11.0,0.0,0.0,0.0,0.0,0.0,0.0,0.0,0.0,0.0,30.0,,,29.0,,,PS,48110.0
181190,Joseph's College Cosmetology,Lincoln,NE,1,3,11.0,0.0,0.0,0.0,0.0,0.0,0.0,0.0,0.0,0.0,,,,92.0,,,12000,23032.0
181215,University of Nebraska at Kearney,Kearney,NE,3,1,32.0,0.0,0.0,0.0,0.0,0.0,0.0,0.0,0.0,0.0,,0.8949,1118.0,4088.0,8676.0,15284.0,19500,50105.0
181297,Nebraska Methodist College of Nursing & Allied Health,Omaha,NE,3,2,11.0,0.0,0.0,0.0,0.0,0.0,0.0,0.0,0.0,0.0,71.0,0.7341,,781.0,17885.0,17885.0,23417,65071.0
181303,Metropolitan Community College Area,Omaha,NE,2,1,11.0,0.0,0.0,0.0,0.0,0.0,0.0,0.0,0.0,0.0,,,,8775.0,3375.0,4950.0,8217,38773.0
181312,Mid-Plains Community College,North Platte,NE,2,1,41.0,0.0,0.0,0.0,0.0,0.0,0.0,0.0,0.0,0.0,,,,937.0,3600.0,4530.0,9995,40059.0
181330,Midland University,Fremont,NE,3,2,32.0,0.0,0.0,0.0,0.0,0.0,0.0,0.0,0.0,0.0,39.0,0.6612,1086.0,1159.0,42050.0,42050.0,26134,52163.0
181394,University of Nebraska at Omaha,Omaha,NE,3,1,11.0,0.0,0.0,0.0,0.0,0.0,0.0,0.0,0.0,0.0,,0.8698,1120.0,11488.0,8718.0,23206.0,19000,53909.0
181419,Nebraska Indian Community College,Macy,NE,2,1,42.0,0.0,0.0,0.0,1.0,0.0,0.0,0.0,0.0,0.0,,,,327.0,4080.0,4080.0,PS,31458.0
181428,University of Nebraska Medical Center,Omaha,NE,3,1,11.0,0.0,0.0,0.0,0.0,0.0,0.0,0.0,0.0,0.0,,,,938.0,,,15000,76833.0
181446,Nebraska Wesleyan University,Lincoln,NE,3,2,11.0,0.0,0.0,0.0,0.0,0.0,0.0,0.0,0.0,0.0,71.0,0.7982,1189.0,1453.0,43572.0,43572.0,26970,56405.0
181464,University of Nebraska-Lincoln,Lincoln,NE,3,1,11.0,0.0,0.0,0.0,0.0,0.0,0.0,0.0,0.0,0.0,,0.8749,1191.0,19178.0,10434.0,28584.0,21000,56887.0
181491,Northeast Community College,Norfolk,NE,2,1,33.0,0.0,0.0,0.0,0.0,0.0,0.0,0.0,0.0,0.0,,,,2387.0,3840.0,5130.0,11000,42634.0
181534,Peru State College,Peru,NE,3,1,43.0,0.0,0.0,0.0,0.0,0.0,0.0,0.0,0.0,0.0,,,,1092.0,8640.0,8640.0,21875,47071.0
181543,Summit Christian College,Gering,NE,2,2,33.0,0.0,0.0,0.0,0.0,0.0,0.0,0.0,0.0,0.0,74.0,0.4167,,21.0,8278.0,8278.0,PS,
181604,College of Saint Mary,Omaha,NE,3,2,11.0,0.0,0.0,0.0,0.0,0.0,0.0,0.0,0.0,1.0,30.0,0.4465,1150.0,445.0,24510.0,24510.0,24250,54338.0
181640,Southeast Community College Area,Lincoln,NE,1,1,11.0,0.0,0.0,0.0,0.0,0.0,0.0,0.0,0.0,0.0,,,,6773.0,3690.0,4320.0,11000,43405.0
181738,Union Adventist University,Lincoln,NE,3,2,11.0,0.0,0.0,0.0,0.0,0.0,1.0,0.0,0.0,0.0,95.0,1.0,,471.0,29334.0,29334.0,27000,55045.0
181765,Nebraska College of Technical Agriculture,Curtis,NE,2,1,43.0,0.0,0.0,0.0,0.0,0.0,0.0,0.0,0.0,0.0,,,,196.0,5926.0,5926.0,21000,56887.0
181783,Wayne State College,Wayne,NE,3,1,32.0,0.0,0.0,0.0,0.0,0.0,0.0,0.0,0.0,0.0,,,,3010.0,8216.0,8216.0,19000,47075.0
181817,Western Nebraska Community College,Scottsbluff,NE,2,1,33.0,0.0,0.0,0.0,0.0,0.0,0.0,0.0,0.0,0.0,,,,893.0,3840.0,4410.0,9000,38729.0
181853,York University,York,NE,3,2,33.0,0.0,0.0,0.0,0.0,0.0,0.0,0.0,0.0,0.0,74.0,0.5188,1022.0,428.0,23000.0,23000.0,21500,44130.0
181880,Academy of Hair Design-Las Vegas,Las Vegas,NV,1,3,11.0,0.0,0.0,0.0,0.0,0.0,0.0,0.0,0.0,0.0,,,,183.0,,,6333,24391.0
182005,College of Southern Nevada,Las Vegas,NV,2,1,11.0,0.0,0.0,0.0,0.0,1.0,1.0,0.0,0.0,0.0,,,,27252.0,4358.0,13024.0,8000,38087.0
182148,Las Vegas College,Las Vegas,NV,2,3,21.0,0.0,0.0,0.0,0.0,0.0,0.0,0.0,0.0,0.0,,,,536.0,17495.0,17495.0,8279,31398.0
182281,University of Nevada-Las Vegas,Las Vegas,NV,3,1,12.0,0.0,0.0,0.0,0.0,1.0,1.0,0.0,0.0,0.0,,0.9617,1094.0,24622.0,9748.0,27411.0,19450,55037.0
182290,University of Nevada-Reno,Reno,NV,3,1,11.0,0.0,0.0,0.0,0.0,0.0,1.0,0.0,0.0,0.0,,0.7371,1132.0,15599.0,9578.0,27720.0,18922,60614.0
182306,Great Basin College,Elko,NV,1,1,33.0,0.0,0.0,0.0,0.0,0.0,1.0,0.0,0.0,0.0,,,,1900.0,3923.0,13883.0,15750,39289.0
182500,Truckee Meadows Community College,Reno,NV,1,1,11.0,0.0,0.0,0.0,0.0,0.0,1.0,0.0,0.0,0.0,,,,7681.0,3352.0,12018.0,11000,44573.0
182564,Western Nevada College,Carson City,NV,2,1,13.0,0.0,0.0,0.0,0.0,0.0,1.0,0.0,0.0,0.0,,,,1910.0,4168.0,12834.0,10500,41987.0
182634,Colby-Sawyer College,New London,NH,3,2,43.0,0.0,0.0,0.0,0.0,0.0,0.0,0.0,0.0,0.0,,0.8008,,771.0,19125.0,19125.0,27000,46474.0
182670,Dartmouth College,Hanover,NH,3,2,33.0,0.0,0.0,0.0,0.0,0.0,0.0,0.0,0.0,0.0,,0.054,1534.0,4541.0,68268.0,68268.0,17500,97434.0
182704,Empire Beauty School-Laconia,Laconia,NH,1,3,32.0,0.0,0.0,0.0,0.0,0.0,0.0,0.0,0.0,0.0,,,,92.0,,,7942,33546.0
182722,Empire Beauty School-Somersworth,Somersworth,NH,1,3,23.0,0.0,0.0,0.0,0.0,0.0,0.0,0.0,0.0,0.0,,,,184.0,,,6333,
182795,Franklin Pierce University,Rindge,NH,3,2,42.0,0.0,0.0,0.0,0.0,0.0,0.0,0.0,0.0,0.0,,0.9347,1175.0,992.0,46442.0,46442.0,27000,53353.0
182829,University of New Hampshire-Franklin Pierce School of Law,Concord,NH,4,1,31.0,0.0,0.0,0.0,0.0,0.0,0.0,0.0,0.0,0.0,,,,,,,26814,66479.0
182892,Keene Beauty Academy,Keene,NH,1,3,32.0,0.0,0.0,0.0,0.0,0.0,0.0,0.0,0.0,0.0,,,,50.0,,,9833,
182980,New England College,Henniker,NH,3,2,42.0,0.0,0.0,0.0,0.0,0.0,0.0,0.0,0.0,0.0,,0.9213,,1022.0,41938.0,41938.0,26000,42092.0
183026,Southern New Hampshire University,Manchester,NH,3,2,22.0,0.0,0.0,0.0,0.0,0.0,0.0,0.0,0.0,0.0,,0.9951,,163164.0,17200.0,17200.0,21082,50318.0
183044,University of New Hampshire-Main Campus,Durham,NH,3,1,31.0,0.0,0.0,0.0,0.0,0.0,0.0,0.0,0.0,0.0,,0.8816,1218.0,11261.0,19202.0,39852.0,26814,66479.0
183062,Keene State College,Keene,NH,3,1,32.0,0.0,0.0,0.0,0.0,0.0,0.0,0.0,0.0,0.0,,0.9033,,2699.0,14784.0,26840.0,25749,54368.0
183071,University of New Hampshire at Manchester,Manchester,NH,3,1,12.0,0.0,0.0,0.0,0.0,0.0,0.0,0.0,0.0,0.0,,0.8087,1100.0,443.0,15838.0,36418.0,26814,66479.0
183080,Plymouth State University,Plymouth,NH,3,1,33.0,0.0,0.0,0.0,0.0,0.0,0.0,0.0,0.0,0.0,,0.8754,,3153.0,14626.0,25566.0,26000,57304.0
183099,NHTI-Concord's Community College,Concord,NH,2,1,31.0,0.0,0.0,0.0,0.0,0.0,0.0,0.0,0.0,0.0,,,,2154.0,7200.0,15450.0,14650,48943.0
183105,White Mountains Community College,Berlin,NH,1,1,33.0,0.0,0.0,0.0,0.0,0.0,0.0,0.0,0.0,0.0,,,,450.0,7050.0,15300.0,11000,35037.0
183114,River Valley Community College,Claremont,NH,2,1,41.0,0.0,0.0,0.0,0.0,0.0,0.0,0.0,0.0,0.0,,,,608.0,6940.0,15190.0,16226,44700.0
183123,Lakes Region Community College,Laconia,NH,2,1,32.0,0.0,0.0,0.0,0.0,0.0,0.0,0.0,0.0,0.0,,,,482.0,6720.0,14970.0,18525,51182.0
183132,Manchester Community College,Manchester,NH,2,1,12.0,0.0,0.0,0.0,0.0,0.0,0.0,0.0,0.0,0.0,,,,1587.0,7090.0,15340.0,15060,49063.0
183141,Nashua Community College,Nashua,NH,2,1,13.0,0.0,0.0,0.0,0.0,0.0,0.0,0.0,0.0,0.0,,,,1135.0,7140.0,15390.0,11000,46164.0
183150,Great Bay Community College,Portsmouth,NH,2,1,23.0,0.0,0.0,0.0,0.0,0.0,0.0,0.0,0.0,0.0,,,,1259.0,7200.0,15450.0,13828,42397.0
183202,Paul Mitchell the School-Portsmouth,Portsmouth,NH,1,3,23.0,0.0,0.0,0.0,0.0,0.0,0.0,0.0,0.0,0.0,,,,73.0,,,9833,
183211,Rivier University,Nashua,NH,3,2,13.0,0.0,0.0,0.0,0.0,0.0,0.0,0.0,0.0,0.0,30.0,0.8259,1070.0,1231.0,39488.0,39488.0,26956,52248.0
183239,Saint Anselm College,Manchester,NH,3,2,22.0,0.0,0.0,0.0,0.0,0.0,0.0,0.0,0.0,0.0,30.0,0.7805,1201.0,2087.0,48920.0,48920.0,27000,73371.0
183248,St Joseph School of Nursing,Nashua,NH,2,2,13.0,0.0,0.0,0.0,0.0,0.0,0.0,0.0,0.0,0.0,30.0,,,93.0,23438.0,23438.0,16550,
183257,University of New Hampshire College of Professional Studies Online,Manchester,NH,3,1,12.0,0.0,0.0,0.0,0.0,0.0,0.0,0.0,0.0,0.0,,,,1157.0,7724.0,9284.0,26814,66479.0
183275,Thomas More College of Liberal Arts,Merrimack,NH,3,2,22.0,0.0,0.0,0.0,0.0,0.0,0.0,0.0,0.0,0.0,30.0,,,97.0,30400.0,30400.0,25000,53565.0
183488,Eastwick College-Hackensack,Hackensack,NJ,2,3,21.0,0.0,0.0,0.0,0.0,0.0,0.0,0.0,0.0,0.0,,,,1171.0,18075.0,18075.0,13264,39762.0
183600,Assumption College for Sisters,Denville,NJ,2,2,21.0,0.0,0.0,0.0,0.0,0.0,0.0,0.0,0.0,0.0,30.0,,,30.0,6000.0,6000.0,,
183655,Atlantic Cape Community College,Mays Landing,NJ,2,1,41.0,0.0,0.0,0.0,0.0,0.0,1.0,0.0,0.0,0.0,,,,3755.0,6068.0,9068.0,9500,34241.0
183725,Fortis Institute-Wayne,Wayne,NJ,1,3,21.0,0.0,0.0,0.0,0.0,0.0,0.0,0.0,0.0,0.0,,,,502.0,,,9500,36920.0
183743,Bergen Community College,Paramus,NJ,2,1,21.0,0.0,0.0,0.0,0.0,0.0,1.0,0.0,0.0,0.0,,,,10557.0,4913.0,9294.0,12000,46624.0
183789,Berkeley College-Woodland Park,Woodland Park,NJ,3,3,21.0,0.0,0.0,0.0,0.0,0.0,0.0,0.0,0.0,0.0,,,,1778.0,29800.0,29800.0,23251,40251.0
183804,Beth Medrash Govoha,Lakewood,NJ,3,2,13.0,0.0,0.0,0.0,0.0,0.0,0.0,0.0,1.0,0.0,,,,4027.0,,,PS,47544.0
183822,Bloomfield College of Montclair State University,Bloomfield,NJ,3,1,21.0,0.0,1.0,0.0,0.0,0.0,1.0,0.0,0.0,0.0,,0.6974,,781.0,15912.0,26022.0,22000,61415.0
183859,Brookdale Community College,Lincroft,NJ,2,1,21.0,0.0,0.0,0.0,0.0,0.0,0.0,0.0,0.0,0.0,,,,7901.0,6270.0,10140.0,12000,44379.0
183877,Rowan College at Burlington County,Mount Laurel,NJ,2,1,21.0,0.0,0.0,0.0,0.0,0.0,0.0,0.0,0.0,0.0,,,,6267.0,6990.0,9510.0,10500,44745.0
183910,Caldwell University,Caldwell,NJ,3,2,21.0,0.0,0.0,0.0,0.0,0.0,1.0,0.0,0.0,0.0,30.0,0.7134,1260.0,1575.0,40848.0,40848.0,25000,53843.0
183938,Camden County College,Blackwood,NJ,2,1,21.0,0.0,0.0,0.0,0.0,0.0,1.0,0.0,0.0,0.0,,,,6636.0,4320.0,4416.0,11851,41212.0
183974,Centenary University,Hackettstown,NJ,3,2,21.0,0.0,0.0,0.0,0.0,0.0,0.0,0.0,0.0,0.0,71.0,0.8308,,910.0,37732.0,37732.0,23163,53726.0
183983,Adult and Continuing Education-BCTS,Hackensack,NJ,1,1,21.0,0.0,0.0,0.0,0.0,0.0,0.0,0.0,0.0,0.0,,,,106.0,,,3608,49739.0
184056,Lincoln Technical Institute-Iselin,Iselin,NJ,1,3,21.0,0.0,0.0,0.0,0.0,0.0,0.0,0.0,0.0,0.0,,,,638.0,,,10521,31914.0
184092,American Institute-Clifton,CLIFTON,NJ,1,3,21.0,0.0,0.0,0.0,0.0,0.0,0.0,0.0,0.0,0.0,,,,778.0,,,11979,28710.0
184180,County College of Morris,Randolph,NJ,2,1,21.0,0.0,0.0,0.0,0.0,0.0,0.0,0.0,0.0,0.0,,,,5360.0,6210.0,14310.0,9000,50243.0
184205,Rowan College of South Jersey-Cumberland Campus,Vineland,NJ,2,1,13.0,0.0,0.0,0.0,0.0,0.0,1.0,0.0,0.0,0.0,,,,2074.0,5160.0,6000.0,12000,41751.0
184348,Drew University,Madison,NJ,3,2,21.0,0.0,0.0,0.0,0.0,0.0,0.0,0.0,0.0,0.0,71.0,0.6783,1227.0,1533.0,47100.0,47100.0,25288,63646.0
184427,Lincoln Technical Institute-South Plainfield,South Plainfield,NJ,1,3,21.0,0.0,0.0,0.0,0.0,0.0,0.0,0.0,0.0,0.0,,,,335.0,,,11730,46396.0
184481,Essex County College,Newark,NJ,2,1,11.0,0.0,1.0,0.0,0.0,0.0,1.0,0.0,0.0,0.0,,,,5855.0,5415.0,9523.0,PS,37230.0
184506,Empire Beauty School-Union,Union,NJ,1,3,21.0,0.0,0.0,0.0,0.0,0.0,0.0,0.0,0.0,0.0,,,,103.0,,,13000,23925.0
184603,Fairleigh Dickinson University-Metropolitan Campus,Teaneck,NJ,3,2,21.0,0.0,0.0,0.0,0.0,0.0,1.0,0.0,0.0,0.0,,0.9071,,2627.0,38004.0,38004.0,25000,57273.0
184612,Felician University,Lodi,NJ,3,2,21.0,0.0,0.0,0.0,0.0,0.0,1.0,0.0,0.0,0.0,30.0,,,1774.0,39300.0,39300.0,25000,57602.0
184694,Fairleigh Dickinson University-Florham Campus,Madison,NJ,3,2,21.0,0.0,0.0,0.0,0.0,0.0,1.0,0.0,0.0,0.0,,0.9519,,1990.0,38004.0,38004.0,25000,57273.0
184746,Hohokus School of Trade and Technical Sciences,Paterson,NJ,1,3,21.0,0.0,0.0,0.0,0.0,0.0,0.0,0.0,0.0,0.0,,,,146.0,,,7600,43917.0
184773,Georgian Court University,Lakewood,NJ,3,2,13.0,0.0,0.0,0.0,0.0,0.0,0.0,0.0,0.0,0.0,30.0,0.7884,,1195.0,37260.0,37260.0,21816,53096.0
184782,Rowan University,Glassboro,NJ,3,1,21.0,0.0,0.0,0.0,0.0,0.0,0.0,0.0,0.0,0.0,,0.7766,1212.0,15841.0,16574.0,26932.0,20500,59988.0
184791,Rowan College of South Jersey-Gloucester Campus,Sewell,NJ,2,1,21.0,0.0,0.0,0.0,0.0,0.0,0.0,0.0,0.0,0.0,,,,4234.0,5160.0,6000.0,12000,41751.0
184816,Empire Beauty School-Cherry Hill,Cherry Hill,NJ,1,3,21.0,0.0,0.0,0.0,0.0,0.0,0.0,0.0,0.0,0.0,,,,139.0,,,10667,24397.0
184959,Eastwick College-Ramsey,Ramsey,NJ,2,3,21.0,0.0,0.0,0.0,0.0,0.0,0.0,0.0,0.0,0.0,,,,1203.0,18057.0,18057.0,16084,51725.0
184968,Holy Name Medical Center-Sister Claire Tynan School of Nursing,Englewood Cliffs,NJ,1,2,21.0,0.0,0.0,0.0,0.0,0.0,0.0,0.0,0.0,0.0,30.0,0.2,,178.0,23914.0,23914.0,20000,87408.0
184995,Hudson County Community College,Jersey City,NJ,2,1,11.0,0.0,0.0,0.0,0.0,0.0,1.0,0.0,0.0,0.0,,,,6626.0,5384.0,9248.0,10500,34333.0
185129,New Jersey City University,Jersey City,NJ,3,1,11.0,0.0,0.0,0.0,0.0,0.0,1.0,0.0,0.0,0.0,,0.9838,,3681.0,14460.0,14460.0,18500,52745.0
185262,Kean University,Union,NJ,3,1,21.0,0.0,0.0,0.0,0.0,0.0,1.0,0.0,0.0,0.0,,0.759,1040.0,11433.0,14299.0,22446.0,23250,57237.0
185396,Lincoln Technical Institute-Union,Union,NJ,1,3,21.0,0.0,0.0,0.0,0.0,0.0,0.0,0.0,0.0,0.0,,,,1785.0,,,11730,46396.0
185466,Rizzieri Aveda School for Beauty and Wellness,Voorhees,NJ,1,3,21.0,0.0,0.0,0.0,0.0,0.0,0.0,0.0,0.0,0.0,,,,346.0,,,5500,29601.0
185509,Mercer County Community College,West Windsor,NJ,2,1,41.0,0.0,0.0,0.0,0.0,0.0,1.0,0.0,0.0,0.0,,,,5404.0,5310.0,9174.0,10500,43264.0
185536,Middlesex College,Edison,NJ,2,1,21.0,0.0,0.0,0.0,0.0,1.0,1.0,0.0,0.0,0.0,,,,8469.0,4764.0,7356.0,9750,46861.0
185572,Monmouth University,West Long Branch,NJ,3,2,21.0,0.0,0.0,0.0,0.0,0.0,0.0,0.0,0.0,0.0,,0.8902,1223.0,3684.0,46552.0,46552.0,27000,67991.0
185590,Montclair State University,Montclair,NJ,3,1,21.0,0.0,0.0,0.0,0.0,0.0,1.0,0.0,0.0,0.0,,0.8789,1070.0,18376.0,15912.0,26022.0,22000,61415.0
185679,JFK Muhlenberg Harold B. and Dorothy A. Snyder Schools,Plainfield,NJ,1,2,21.0,0.0,0.0,0.0,0.0,0.0,0.0,0.0,0.0,0.0,,0.5857,,188.0,24916.0,31336.0,21000,73894.0
185721,Eastwick College-Nutley,Nutley,NJ,2,3,21.0,0.0,0.0,0.0,0.0,0.0,0.0,0.0,0.0,0.0,,,,618.0,15848.0,15848.0,11775,42827.0
185758,New Brunswick Theological Seminary,New Brunswick,NJ,4,2,13.0,0.0,0.0,0.0,0.0,0.0,0.0,0.0,0.0,0.0,49.0,,,,,,PS,
185767,Robert Fiance Beauty Schools-West New York,West New York,NJ,1,3,21.0,0.0,0.0,0.0,0.0,0.0,0.0,0.0,0.0,0.0,,,,271.0,,,6701,18123.0
185828,New Jersey Institute of Technology,Newark,NJ,3,1,11.0,0.0,0.0,0.0,0.0,1.0,1.0,0.0,0.0,0.0,,0.6507,1337.0,9019.0,19974.0,37664.0,21000,84276.0
185873,Ocean County College,Toms River,NJ,2,1,21.0,0.0,0.0,0.0,0.0,0.0,0.0,0.0,0.0,0.0,,,,5424.0,4906.0,6970.0,11150,45210.0
185970,P B Cosmetology Education Center,Gloucester,NJ,1,3,21.0,0.0,0.0,0.0,0.0,0.0,0.0,0.0,0.0,0.0,,,,120.0,,,7667,26800.0
186016,Parisian Beauty School,Hackensack,NJ,1,3,21.0,0.0,0.0,0.0,0.0,0.0,0.0,0.0,0.0,0.0,,,,441.0,,,7667,27767.0
186034,Passaic County Community College,Paterson,NJ,2,1,21.0,0.0,0.0,0.0,0.0,0.0,1.0,0.0,0.0,0.0,,,,4260.0,6300.0,10560.0,7536,36972.0
186052,Pennco Tech-Blackwood,Blackwood,NJ,1,3,21.0,0.0,0.0,0.0,0.0,0.0,0.0,0.0,0.0,0.0,,,,875.0,,,8331,42013.0
186122,Princeton Theological Seminary,Princeton,NJ,4,2,13.0,0.0,0.0,0.0,0.0,0.0,0.0,0.0,0.0,0.0,66.0,,,,,,PS,
186131,Princeton University,Princeton,NJ,3,2,13.0,0.0,0.0,0.0,0.0,0.0,0.0,0.0,0.0,0.0,,0.0462,1553.0,5709.0,62688.0,62688.0,10320,110066.0
186186,Rabbinical College of America,Morristown,NJ,3,2,21.0,0.0,0.0,0.0,0.0,0.0,0.0,0.0,1.0,0.0,,0.9515,,181.0,10650.0,10650.0,PS,34990.0
186201,Ramapo College of New Jersey,Mahwah,NJ,3,1,21.0,0.0,0.0,0.0,0.0,1.0,1.0,0.0,0.0,0.0,,0.7064,1211.0,4898.0,16777.0,27708.0,21000,67541.0
186274,Robert Fiance Beauty Schools,Boynton Beach,FL,1,3,21.0,0.0,0.0,0.0,0.0,0.0,0.0,0.0,0.0,0.0,,,,310.0,,,7062,27359.0
186283,Rider University,Lawrenceville,NJ,3,2,21.0,0.0,0.0,0.0,0.0,0.0,0.0,0.0,0.0,0.0,,0.7864,1227.0,3106.0,41120.0,41120.0,26130,62208.0
186371,Rutgers University-Camden,Camden,NJ,3,1,13.0,0.0,0.0,0.0,0.0,1.0,0.0,0.0,0.0,0.0,,0.6629,1178.0,3753.0,17764.0,37276.0,21500,74479.0
186380,Rutgers University-New Brunswick,New Brunswick,NJ,3,1,13.0,0.0,0.0,0.0,0.0,0.0,0.0,0.0,0.0,0.0,,0.5815,1410.0,37751.0,17929.0,37441.0,21500,74479.0
186399,Rutgers University-Newark,Newark,NJ,3,1,11.0,0.0,0.0,0.0,0.0,1.0,1.0,0.0,0.0,0.0,,0.7136,,7709.0,17250.0,36762.0,21500,74479.0
186405,Capital Health School of Radiologic Technology,Trenton,NJ,1,2,13.0,0.0,0.0,0.0,0.0,0.0,0.0,0.0,0.0,0.0,30.0,,,16.0,,,PS,
186423,Capital Health School of Nursing,Trenton,NJ,1,2,13.0,0.0,0.0,0.0,0.0,0.0,0.0,0.0,0.0,0.0,30.0,,,66.0,,,PS,
186432,Saint Peter's University,Jersey City,NJ,3,2,11.0,0.0,0.0,0.0,0.0,0.0,1.0,0.0,0.0,0.0,30.0,0.903,,2135.0,42552.0,42552.0,20500,57815.0
186469,Salem Community College,Carneys Point,NJ,2,1,21.0,0.0,0.0,0.0,0.0,0.0,0.0,0.0,0.0,0.0,,,,910.0,6360.0,10260.0,9500,38020.0
186584,Seton Hall University,South Orange,NJ,3,2,21.0,0.0,0.0,0.0,0.0,0.0,1.0,0.0,0.0,0.0,30.0,0.7326,1322.0,6036.0,53170.0,53170.0,22750,70196.0
186593,Shore Beauty School,Egg Harbor Township,NJ,1,3,21.0,0.0,0.0,0.0,0.0,0.0,0.0,0.0,0.0,0.0,,,,188.0,,,6333,21377.0
186618,Saint Elizabeth University,Morristown,NJ,3,2,21.0,0.0,0.0,0.0,0.0,0.0,1.0,0.0,0.0,0.0,30.0,0.7103,,557.0,36741.0,36741.0,24934,53038.0
186645,Raritan Valley Community College,Branchburg,NJ,2,1,41.0,0.0,0.0,0.0,0.0,0.0,1.0,0.0,0.0,0.0,,,,5416.0,5664.0,7584.0,10500,48145.0
186867,Stevens Institute of Technology,Hoboken,NJ,3,2,21.0,0.0,0.0,0.0,0.0,0.0,0.0,0.0,0.0,0.0,,0.4758,1446.0,4222.0,63462.0,63462.0,27000,108772.0
186876,Stockton University,Galloway,NJ,3,1,41.0,0.0,0.0,0.0,0.0,0.0,0.0,0.0,0.0,0.0,,0.8894,1139.0,7537.0,16266.0,24524.0,20500,57602.0
186900,Talmudical Academy-New Jersey,Adelphia,NJ,2,2,21.0,0.0,0.0,0.0,0.0,0.0,0.0,0.0,1.0,0.0,,0.4348,,72.0,15800.0,15800.0,PS,40344.0
187000,Aviation Institute of Maintenance-Teterboro,Hasbrouck Heights,NJ,1,3,21.0,0.0,0.0,0.0,0.0,0.0,0.0,0.0,0.0,0.0,,,,695.0,16757.0,16757.0,14279,73971.0
187046,Thomas Edison State University,Trenton,NJ,3,1,13.0,0.0,0.0,0.0,0.0,0.0,0.0,0.0,0.0,0.0,,,,6707.0,6838.0,8856.0,12500,69331.0
187134,The College of New Jersey,Ewing,NJ,3,1,21.0,0.0,0.0,0.0,0.0,0.0,0.0,0.0,0.0,0.0,,0.6229,1246.0,7105.0,19632.0,25752.0,23250,73323.0
187198,UCNJ Union College of Union County New Jersey,Cranford,NJ,2,1,21.0,0.0,0.0,0.0,0.0,0.0,1.0,0.0,0.0,0.0,,,,7939.0,5280.0,9500.0,15091,41595.0
187444,William Paterson University of New Jersey,Wayne,NJ,3,1,21.0,0.0,0.0,0.0,0.0,0.0,1.0,0.0,0.0,0.0,,0.9008,,6614.0,15704.0,25344.0,22334,57780.0
187532,Central New Mexico Community College,Albuquerque,NM,1,1,11.0,0.0,0.0,0.0,0.0,0.0,1.0,0.0,0.0,0.0,,,,15203.0,2060.0,8684.0,6612,36869.0
187596,Navajo Technical University,Crownpoint,NM,1,1,43.0,0.0,0.0,0.0,1.0,0.0,0.0,0.0,0.0,0.0,,,,1124.0,4346.0,4346.0,PS,26364.0
187620,New Mexico State University-Dona Ana,Las Cruces,NM,2,1,12.0,0.0,0.0,0.0,0.0,0.0,1.0,0.0,0.0,0.0,,,,5177.0,2322.0,6360.0,17095,39067.0
187639,Clovis Community College,Clovis,NM,1,1,33.0,0.0,0.0,0.0,0.0,0.0,1.0,0.0,0.0,0.0,,,,1309.0,1592.0,3344.0,7250,34020.0
187648,Eastern New Mexico University-Main Campus,Portales,NM,3,1,33.0,0.0,0.0,0.0,0.0,0.0,1.0,0.0,0.0,0.0,,0.9166,964.0,3357.0,7194.0,9174.0,16500,38550.0
187666,Eastern New Mexico University-Roswell Campus,Roswell,NM,1,1,33.0,0.0,0.0,0.0,0.0,0.0,1.0,0.0,0.0,0.0,,,,1300.0,2256.0,5616.0,16500,38550.0
187745,Institute of American Indian and Alaska Native Culture and Arts Development,Santa Fe,NM,3,1,41.0,0.0,0.0,0.0,1.0,0.0,0.0,0.0,0.0,0.0,,0.9747,,334.0,5920.0,5920.0,PS,24505.0
187897,New Mexico Highlands University,Las Vegas,NM,3,1,33.0,0.0,0.0,0.0,0.0,0.0,1.0,0.0,0.0,0.0,,,,1451.0,7416.0,12336.0,11399,45937.0
187903,New Mexico Junior College,Hobbs,NM,2,1,33.0,0.0,0.0,0.0,0.0,0.0,0.0,0.0,0.0,0.0,,,,2175.0,1440.0,2280.0,11313,34233.0
187912,New Mexico Military Institute,Roswell,NM,2,1,33.0,0.0,0.0,0.0,0.0,0.0,0.0,0.0,0.0,0.0,,0.526,,331.0,7190.0,14156.0,5500,57410.0
187958,University of New Mexico-Gallup Campus,Gallup,NM,2,1,33.0,0.0,0.0,0.0,0.0,0.0,0.0,1.0,0.0,0.0,,,,808.0,2906.0,5682.0,18450,44792.0
187967,New Mexico Institute of Mining and Technology,Socorro,NM,3,1,33.0,0.0,0.0,0.0,0.0,0.0,1.0,0.0,0.0,0.0,,0.4449,1207.0,995.0,9476.0,27247.0,19085,76489.0
187976,University of New Mexico-Los Alamos Campus,Los Alamos,NM,2,1,32.0,0.0,0.0,0.0,0.0,0.0,1.0,0.0,0.0,0.0,,,,218.0,2214.0,5686.0,18450,44792.0
187985,University of New Mexico-Main Campus,Albuquerque,NM,3,1,11.0,0.0,0.0,0.0,0.0,0.0,1.0,0.0,0.0,0.0,,0.9518,1038.0,17244.0,10140.0,33060.0,18450,44792.0
187994,New Mexico State University-Alamogordo,Alamogordo,NM,2,1,41.0,0.0,0.0,0.0,0.0,0.0,0.0,0.0,0.0,0.0,,,,591.0,2616.0,6072.0,17095,39067.0
188003,Southeast New Mexico College,Carlsbad,NM,2,1,41.0,0.0,0.0,0.0,0.0,0.0,1.0,0.0,0.0,0.0,,,,469.0,1176.0,4008.0,,
188021,New Mexico State University-Grants,Grants,NM,1,1,33.0,0.0,0.0,0.0,0.0,0.0,1.0,1.0,0.0,0.0,,,,356.0,2136.0,4272.0,17095,39067.0
188030,New Mexico State University-Main Campus,Las Cruces,NM,3,1,22.0,0.0,0.0,0.0,0.0,0.0,1.0,0.0,0.0,0.0,,0.8897,1011.0,11946.0,8183.0,25307.0,17095,39067.0
188049,University of New Mexico-Valencia County Campus,Los Lunas,NM,2,1,41.0,0.0,0.0,0.0,0.0,0.0,1.0,0.0,0.0,0.0,,,,525.0,1878.0,5130.0,18450,44792.0
188058,Northern New Mexico College,Espanola,NM,2,1,32.0,0.0,0.0,0.0,0.0,0.0,1.0,0.0,0.0,0.0,,,,926.0,6400.0,14328.0,6000,38112.0
188100,San Juan College,Farmington,NM,1,1,41.0,0.0,0.0,0.0,0.0,0.0,0.0,1.0,0.0,0.0,,,,4304.0,1928.0,5412.0,9750,36513.0
188137,Santa Fe Community College,Santa Fe,NM,1,1,41.0,0.0,0.0,0.0,0.0,0.0,1.0,0.0,0.0,0.0,,,,3369.0,1851.0,4131.0,13236,38005.0
188182,University of the Southwest,Hobbs,NM,3,2,33.0,0.0,0.0,0.0,0.0,0.0,1.0,0.0,0.0,0.0,,,,346.0,16670.0,16670.0,21303,45389.0
188207,Southwestern College,Santa Fe,NM,4,2,13.0,0.0,0.0,0.0,0.0,0.0,0.0,0.0,0.0,0.0,,,,,,,PS,
188216,Southwestern Indian Polytechnic Institute,Albuquerque,NM,2,1,21.0,0.0,0.0,0.0,1.0,0.0,0.0,0.0,0.0,0.0,,,,215.0,1095.0,1095.0,PS,27660.0
188225,University of New Mexico-Taos Campus,Ranchos de Taos,NM,1,1,41.0,0.0,0.0,0.0,0.0,0.0,1.0,0.0,0.0,0.0,,,,377.0,2136.0,5136.0,18450,44792.0
188261,Mesalands Community College,Tucumcari,NM,1,1,33.0,0.0,0.0,0.0,0.0,0.0,0.0,0.0,0.0,0.0,,,,411.0,2136.0,3408.0,PS,32272.0
188289,Vogue College of Cosmetology-Santa Fe,Santa Fe,NM,1,3,13.0,0.0,0.0,0.0,0.0,0.0,0.0,0.0,0.0,0.0,,,,55.0,,,6333,
188304,Western New Mexico University,Silver City,NM,3,1,33.0,0.0,0.0,0.0,0.0,0.0,1.0,0.0,0.0,0.0,,,,2026.0,7856.0,14342.0,23000,39095.0
188340,Vaughn College of Aeronautics and Technology,Flushing,NY,2,2,11.0,0.0,0.0,0.0,0.0,1.0,1.0,0.0,0.0,0.0,,,,1302.0,29810.0,29810.0,21125,64973.0
188429,Adelphi University,Garden City,NY,3,2,21.0,0.0,0.0,0.0,0.0,1.0,0.0,0.0,0.0,0.0,,0.6591,1219.0,5276.0,49110.0,49110.0,25000,75482.0
188438,SUNY Adirondack,Queensbury,NY,2,1,23.0,0.0,0.0,0.0,0.0,0.0,0.0,0.0,0.0,0.0,,,,1844.0,6844.0,9616.0,14345,41267.0
188517,Bryant & Stratton College-Albany,Albany,NY,2,2,21.0,0.0,0.0,0.0,0.0,0.0,1.0,0.0,0.0,0.0,,,,240.0,18374.0,18374.0,21549,32568.0
188526,Albany College of Pharmacy and Health Sciences,Albany,NY,3,2,12.0,0.0,0.0,0.0,0.0,0.0,0.0,0.0,0.0,0.0,,0.5269,1252.0,481.0,41475.0,41475.0,25500,131426.0
188535,Albany Law School,Albany,NY,4,2,12.0,0.0,0.0,0.0,0.0,0.0,0.0,0.0,0.0,0.0,,,,,,,PS,
188580,Albany Medical College,Albany,NY,4,2,12.0,0.0,0.0,0.0,0.0,0.0,0.0,0.0,0.0,0.0,,,,,,,PS,
188641,Alfred University,Alfred,NY,3,2,42.0,0.0,0.0,0.0,0.0,0.0,0.0,0.0,0.0,0.0,,0.7384,1279.0,1423.0,41500.0,41500.0,26000,54897.0
188650,Allen School-Brooklyn,Brooklyn,NY,1,3,11.0,0.0,0.0,0.0,0.0,0.0,0.0,0.0,0.0,0.0,,,,192.0,,,9500,34186.0
188669,The Ailey School,New York,NY,1,2,11.0,0.0,0.0,0.0,0.0,0.0,0.0,0.0,0.0,0.0,,0.3248,,94.0,14817.0,14817.0,17500,22782.0
188678,American Academy of Dramatic Arts-New York,New York,NY,2,2,11.0,0.0,0.0,0.0,0.0,0.0,0.0,0.0,0.0,0.0,,0.9196,,187.0,40650.0,40650.0,12000,27019.0
188687,American Academy McAllister Institute of Funeral Service,New York,NY,2,2,11.0,0.0,0.0,0.0,0.0,0.0,0.0,0.0,0.0,0.0,,,,270.0,20018.0,20018.0,21150,54695.0
188854,American Musical and Dramatic Academy,New York,NY,1,2,11.0,0.0,0.0,0.0,0.0,0.0,0.0,0.0,0.0,0.0,,0.2448,,1438.0,46928.0,46928.0,15250,26975.0
188890,Apex Technical School,Long Island City,NY,1,2,11.0,0.0,0.0,0.0,0.0,0.0,0.0,0.0,0.0,0.0,,,,1400.0,,,9500,41093.0
188915,Arnot Ogden Medical Center,Elmira,NY,2,2,13.0,0.0,0.0,0.0,0.0,0.0,0.0,0.0,0.0,0.0,,0.6667,,52.0,,,PS,70775.0
188942,Associated Beth Rivkah Schools,Brooklyn,NY,1,2,11.0,0.0,0.0,0.0,0.0,0.0,0.0,0.0,0.0,0.0,,0.8411,,254.0,11200.0,11200.0,PS,17686.0
189015,Bank Street College of Education,New York,NY,4,2,11.0,0.0,0.0,0.0,0.0,0.0,0.0,0.0,0.0,0.0,,,,,,,PS,
189088,Bard College,Annandale-On-Hudson,NY,3,2,41.0,0.0,0.0,0.0,0.0,0.0,0.0,0.0,0.0,0.0,,0.5212,1380.0,2414.0,66436.0,66436.0,24254,46543.0
189097,Barnard College,New York,NY,3,2,11.0,0.0,0.0,0.0,0.0,1.0,0.0,0.0,0.0,1.0,,0.0884,1520.0,3264.0,69888.0,69888.0,18000,80516.0
189219,Berk Trade and Business School,Long Island City,NY,1,3,11.0,0.0,0.0,0.0,0.0,0.0,0.0,0.0,0.0,0.0,,,,152.0,,,6333,49748.0
189228,Berkeley College-New York,New York,NY,3,3,11.0,0.0,0.0,0.0,0.0,0.0,0.0,0.0,0.0,0.0,,,,1449.0,29800.0,29800.0,30426,45884.0
189255,Berkowits School of Electrolysis,Forest Hills,NY,1,3,11.0,0.0,0.0,0.0,0.0,0.0,0.0,0.0,0.0,0.0,,,,102.0,,,PS,
189273,Beth Hamedrash Shaarei Yosher Institute,Brooklyn,NY,2,2,11.0,0.0,0.0,0.0,0.0,0.0,0.0,0.0,1.0,0.0,,0.8974,,91.0,12000.0,12000.0,PS,
189282,Mount Sinai Phillips School of Nursing,New York,NY,3,2,11.0,0.0,0.0,0.0,0.0,0.0,0.0,0.0,0.0,0.0,,,,311.0,,,19750,96980.0
189404,Brittany Beauty Academy,Brooklyn,NY,1,3,11.0,0.0,0.0,0.0,0.0,0.0,0.0,0.0,0.0,0.0,,,,89.0,,,6333,17992.0
189413,Boricua College,New York,NY,3,2,11.0,0.0,0.0,0.0,0.0,0.0,1.0,0.0,0.0,0.0,,,,391.0,13025.0,13025.0,6733,35348.0
189468,Brittany Beauty Academy,Levittown,NY,1,3,21.0,0.0,0.0,0.0,0.0,0.0,0.0,0.0,0.0,0.0,,,,141.0,,,6333,18753.0
189477,American Beauty School,Bronx,NY,1,3,11.0,0.0,0.0,0.0,0.0,0.0,0.0,0.0,0.0,0.0,,,,113.0,,,3500,21111.0
189501,Brooklyn Law School,Brooklyn,NY,4,2,11.0,0.0,0.0,0.0,0.0,0.0,0.0,0.0,0.0,0.0,,,,,,,PS,
189547,SUNY Broome Community College,Binghamton,NY,2,1,22.0,0.0,0.0,0.0,0.0,0.0,0.0,0.0,0.0,0.0,,,,3055.0,8624.0,14288.0,12000,39710.0
189565,Bryant & Stratton College-Syracuse North,Liverpool,NY,3,2,21.0,0.0,0.0,0.0,0.0,0.0,0.0,0.0,0.0,0.0,,,,458.0,18768.0,18768.0,21549,32568.0
189583,Bryant & Stratton College-Buffalo,Buffalo,NY,2,2,11.0,0.0,1.0,0.0,0.0,0.0,0.0,0.0,0.0,0.0,,,,743.0,18910.0,18910.0,21549,32568.0
189592,Bryant & Stratton College-Greece,Rochester,NY,2,2,21.0,0.0,0.0,0.0,0.0,0.0,0.0,0.0,0.0,0.0,,,,363.0,20073.0,20073.0,21549,32568.0
189705,Canisius University,Buffalo,NY,3,2,11.0,0.0,0.0,0.0,0.0,0.0,0.0,0.0,0.0,0.0,30.0,0.7236,,1685.0,34500.0,34500.0,24250,60681.0
189714,Capri Cosmetology Learning Centers,Nanuet,NY,1,3,21.0,0.0,0.0,0.0,0.0,0.0,0.0,0.0,0.0,0.0,,,,285.0,,,5827,30190.0
189811,St Paul's School of Nursing-Queens,Rego Park,NY,2,3,11.0,0.0,0.0,0.0,0.0,0.0,0.0,0.0,0.0,0.0,,,,1056.0,17433.0,17433.0,25730,104403.0
189839,Cayuga County Community College,Auburn,NY,2,1,32.0,0.0,0.0,0.0,0.0,0.0,0.0,0.0,0.0,0.0,,,,1187.0,7056.0,12336.0,12000,38709.0
189857,Central Yeshiva Tomchei Tmimim Lubavitz,Brooklyn,NY,3,2,11.0,0.0,0.0,0.0,0.0,0.0,0.0,0.0,1.0,0.0,,0.8743,,863.0,8400.0,8400.0,PS,35023.0
189990,Christine Valmy International School for Esthetics Skin Care & Makeup,New York,NY,1,3,11.0,0.0,0.0,0.0,0.0,0.0,0.0,0.0,0.0,0.0,,,,641.0,,,5478,
190008,Circle in the Square Theatre School,New York,NY,1,2,11.0,0.0,0.0,0.0,0.0,0.0,0.0,0.0,0.0,0.0,,0.08,,39.0,25610.0,25610.0,PS,39899.0
190044,Clarkson University,Potsdam,NY,3,2,33.0,0.0,0.0,0.0,0.0,0.0,0.0,0.0,0.0,0.0,,0.7736,1304.0,2196.0,59398.0,59398.0,26000,89696.0
190053,Clinton Community College,Plattsburgh,NY,2,1,32.0,0.0,0.0,0.0,0.0,0.0,0.0,0.0,0.0,0.0,,,,400.0,6831.0,6831.0,13250,39246.0
190071,Cochran School of Nursing,Yonkers,NY,2,2,21.0,0.0,0.0,0.0,0.0,0.0,0.0,0.0,0.0,0.0,,,,117.0,,,19625,99503.0
190080,Colgate Rochester Crozer Divinity School,Rochester,NY,4,2,12.0,0.0,0.0,0.0,0.0,0.0,0.0,0.0,0.0,0.0,,,,,,,PS,
190099,Colgate University,Hamilton,NY,3,2,42.0,0.0,0.0,0.0,0.0,0.0,0.0,0.0,0.0,0.0,,0.1388,1508.0,3180.0,70306.0,70306.0,15000,85139.0
190114,Metropolitan College of New York,New York,NY,3,2,11.0,0.0,1.0,0.0,0.0,0.0,1.0,0.0,0.0,0.0,,0.9,,402.0,20188.0,20188.0,27688,46236.0
190150,Columbia University in the City of New York,New York,NY,3,2,11.0,0.0,0.0,0.0,0.0,0.0,0.0,0.0,0.0,0.0,,0.0399,1553.0,8973.0,71845.0,71845.0,21500,102491.0
190169,Columbia-Greene Community College,Hudson,NY,2,1,41.0,0.0,0.0,0.0,0.0,0.0,0.0,0.0,0.0,0.0,,,,876.0,6048.0,11448.0,12000,44441.0
190239,Empire Beauty School-Queens,Astoria,NY,1,3,11.0,0.0,0.0,0.0,0.0,0.0,0.0,0.0,0.0,0.0,,,,172.0,,,10667,24397.0
190318,Continental School of Beauty Culture-Rochester,Rochester,NY,1,3,21.0,0.0,0.0,0.0,0.0,0.0,0.0,0.0,0.0,0.0,,,,194.0,,,6333,23906.0
190372,The Cooper Union for the Advancement of Science and Art,New York,NY,3,2,11.0,0.0,0.0,0.0,0.0,0.0,0.0,0.0,0.0,0.0,,0.2071,1410.0,842.0,46820.0,46820.0,15000,83847.0
190415,Cornell University,Ithaca,NY,3,2,13.0,0.0,0.0,0.0,0.0,0.0,0.0,0.0,0.0,0.0,,0.0876,1535.0,15995.0,69314.0,69314.0,14000,104043.0
190424,Weill Medical College of Cornell University,New York,NY,4,2,11.0,0.0,0.0,0.0,0.0,0.0,0.0,0.0,0.0,0.0,,,,,,,14000,104043.0
190442,SUNY Corning Community College,Corning,NY,2,1,41.0,0.0,0.0,0.0,0.0,0.0,0.0,0.0,0.0,0.0,,,,1138.0,6534.0,10326.0,12000,38817.0
190451,Pomeroy College of Nursing at Crouse Hospital,East Syracuse,NY,2,2,21.0,0.0,0.0,0.0,0.0,0.0,0.0,0.0,0.0,0.0,,0.7778,,173.0,21213.0,21213.0,15250,83972.0
190503,Culinary Institute of America,Hyde Park,NY,2,2,21.0,0.0,0.0,0.0,0.0,0.0,0.0,0.0,0.0,0.0,,0.9115,1060.0,3011.0,39850.0,39850.0,15750,47475.0
190512,CUNY Bernard M Baruch College,New York,NY,3,1,11.0,0.0,0.0,0.0,0.0,1.0,1.0,0.0,0.0,0.0,,0.4752,1280.0,16154.0,7464.0,15414.0,11512,75971.0
190521,CUNY Borough of Manhattan Community College,New York,NY,2,1,11.0,0.0,0.0,0.0,0.0,1.0,1.0,0.0,0.0,0.0,,,,18623.0,5170.0,8050.0,7574,42306.0
190530,CUNY Bronx Community College,Bronx,NY,2,1,11.0,0.0,0.0,0.0,0.0,0.0,0.0,0.0,0.0,0.0,,,,5964.0,5206.0,8086.0,8384,41307.0
190549,CUNY Brooklyn College,Brooklyn,NY,3,1,11.0,0.0,0.0,0.0,0.0,1.0,0.0,0.0,0.0,0.0,,0.5836,1140.0,10543.0,7452.0,15402.0,11000,60752.0
190558,College of Staten Island CUNY,Staten Island,NY,3,1,11.0,0.0,0.0,0.0,0.0,1.0,1.0,0.0,0.0,0.0,,0.9234,1040.0,9657.0,7490.0,15440.0,14350,53501.0
190567,CUNY City College,New York,NY,3,1,11.0,0.0,0.0,0.0,0.0,1.0,1.0,0.0,0.0,0.0,,0.6002,1260.0,12505.0,7340.0,15290.0,11990,66039.0
190576,CUNY Graduate School and University Center,New York,NY,3,1,11.0,0.0,0.0,0.0,0.0,0.0,0.0,0.0,0.0,0.0,,0.6849,,3254.0,7235.0,15185.0,12584,65991.0
190585,CUNY Hostos Community College,Bronx,NY,2,1,11.0,0.0,0.0,0.0,0.0,0.0,1.0,0.0,0.0,0.0,,,,4900.0,5254.0,8134.0,8442,40485.0
190594,CUNY Hunter College,New York,NY,3,1,11.0,0.0,0.0,0.0,0.0,1.0,1.0,0.0,0.0,0.0,,0.538,1280.0,16289.0,7382.0,15332.0,11000,63163.0
190600,CUNY John Jay College of Criminal Justice,New York,NY,3,1,11.0,0.0,0.0,0.0,0.0,1.0,1.0,0.0,0.0,0.0,,0.5711,1080.0,11590.0,7470.0,15420.0,11000,56195.0
190619,CUNY Kingsborough Community College,Brooklyn,NY,2,1,11.0,0.0,0.0,0.0,0.0,1.0,1.0,0.0,0.0,0.0,,,,7670.0,5252.0,8132.0,7100,42621.0
190628,CUNY LaGuardia Community College,Long Island City,NY,2,1,11.0,0.0,0.0,0.0,0.0,1.0,1.0,0.0,0.0,0.0,,,,11254.0,5218.0,8098.0,7407,41653.0
190637,CUNY Lehman College,Bronx,NY,3,1,11.0,0.0,0.0,0.0,0.0,0.0,1.0,0.0,0.0,0.0,,0.5658,970.0,10696.0,7410.0,15360.0,10950,58013.0
190646,CUNY Medgar Evers College,Brooklyn,NY,3,1,11.0,0.0,1.0,0.0,0.0,0.0,0.0,0.0,0.0,0.0,,0.8605,920.0,3233.0,7352.0,15302.0,10988,46498.0
190655,CUNY New York City College of Technology,Brooklyn,NY,3,1,11.0,0.0,0.0,0.0,0.0,1.0,1.0,0.0,0.0,0.0,,0.8029,1010.0,13580.0,7332.0,15282.0,10533,49365.0
190664,CUNY Queens College,Queens,NY,3,1,11.0,0.0,0.0,0.0,0.0,1.0,1.0,0.0,0.0,0.0,,0.6435,1120.0,12550.0,7538.0,15488.0,10298,62763.0
190673,CUNY Queensborough Community College,Bayside,NY,2,1,11.0,0.0,0.0,0.0,0.0,1.0,1.0,0.0,0.0,0.0,,,,8940.0,5210.0,8090.0,8600,44214.0
190682,CUNY School of Law,Long Island City,NY,4,1,11.0,0.0,0.0,0.0,0.0,0.0,0.0,0.0,0.0,0.0,,,,,,,PS,
190691,CUNY York College,Jamaica,NY,3,1,11.0,0.0,1.0,0.0,0.0,1.0,1.0,0.0,0.0,0.0,,0.641,880.0,4345.0,7358.0,15308.0,11000,56945.0
190707,CVPH Medical Center School of Radiologic Technology,Plattsburgh,NY,1,2,32.0,0.0,0.0,0.0,0.0,0.0,0.0,0.0,0.0,0.0,,0.8571,,20.0,,,PS,
190716,D'Youville  University,Buffalo,NY,3,2,11.0,0.0,0.0,0.0,0.0,0.0,0.0,0.0,0.0,0.0,,0.8137,1130.0,1258.0,34940.0,34940.0,25000,66942.0
190725,Daemen University,Amherst,NY,3,2,21.0,0.0,0.0,0.0,0.0,0.0,0.0,0.0,0.0,0.0,,0.6826,,1643.0,35218.0,35218.0,22091,61808.0
190752,Yeshiva of Far Rockaway Derech Ayson Rabbinical Seminary,Far Rockaway,NY,3,2,11.0,0.0,0.0,0.0,0.0,0.0,0.0,0.0,0.0,0.0,,0.92,,60.0,10800.0,10800.0,PS,
190761,Dominican University New York,Orangeburg,NY,3,2,21.0,0.0,0.0,0.0,0.0,0.0,1.0,0.0,0.0,0.0,,0.633,,1105.0,34220.0,34220.0,25000,61171.0
190840,Dutchess Community College,Poughkeepsie,NY,2,1,21.0,0.0,0.0,0.0,0.0,0.0,1.0,0.0,0.0,0.0,,,,3824.0,5670.0,10670.0,10039,43929.0
190956,Belanger School of Nursing,Schenectady,NY,2,2,13.0,0.0,0.0,0.0,0.0,0.0,0.0,0.0,0.0,0.0,,0.0,,162.0,12444.0,12444.0,PS,79677.0
190983,Elmira College,Elmira,NY,3,2,13.0,0.0,0.0,0.0,0.0,0.0,0.0,0.0,0.0,0.0,,0.7696,1314.0,708.0,38976.0,38976.0,27000,57550.0
191083,Erie Community College,Buffalo,NY,2,1,11.0,0.0,0.0,0.0,0.0,0.0,0.0,0.0,0.0,0.0,,,,6099.0,6100.0,11300.0,9250,41228.0
191126,Fashion Institute of Technology,New York,NY,2,1,11.0,0.0,0.0,0.0,0.0,0.0,0.0,0.0,0.0,0.0,,0.6024,,7637.0,6294.0,16874.0,12000,62696.0
191199,Finger Lakes Community College,Canandaigua,NY,2,1,41.0,0.0,0.0,0.0,0.0,0.0,0.0,0.0,0.0,0.0,,,,2980.0,6234.0,8418.0,12975,40054.0
191205,Five Towns College,Dix Hills,NY,3,3,21.0,0.0,0.0,0.0,0.0,0.0,0.0,0.0,0.0,0.0,,0.5382,,547.0,30250.0,30250.0,21500,35887.0
191241,Fordham University,Bronx,NY,3,2,11.0,0.0,0.0,0.0,0.0,0.0,0.0,0.0,0.0,0.0,30.0,0.5931,1418.0,10512.0,64915.0,64915.0,24300,85569.0
191302,Fulton-Montgomery Community College,Johnstown,NY,2,1,41.0,0.0,0.0,0.0,0.0,0.0,0.0,0.0,0.0,0.0,,,,1001.0,6198.0,6798.0,12125,39535.0
191311,Gemological Institute of America-New York,New York,NY,1,2,11.0,0.0,0.0,0.0,0.0,0.0,0.0,0.0,0.0,0.0,,,,160.0,,,PS,42588.0
191339,Genesee Community College,Batavia,NY,2,1,32.0,0.0,0.0,0.0,0.0,0.0,0.0,0.0,0.0,0.0,,,,1973.0,5900.0,6500.0,11622,39674.0
191515,Hamilton College,Clinton,NY,3,2,22.0,0.0,0.0,0.0,0.0,0.0,0.0,0.0,0.0,0.0,,0.1362,1506.0,2030.0,68960.0,68960.0,17000,78411.0
191533,Hartwick College,Oneonta,NY,3,2,33.0,0.0,0.0,0.0,0.0,0.0,0.0,0.0,0.0,0.0,,0.696,1200.0,1087.0,54962.0,54962.0,27000,61107.0
191597,Helene Fuld College of Nursing,New York,NY,2,2,11.0,0.0,0.0,0.0,0.0,0.0,0.0,0.0,0.0,0.0,,0.1695,,914.0,25852.0,25852.0,15250,111027.0
191612,Herkimer County Community College,Herkimer,NY,2,1,31.0,0.0,0.0,0.0,0.0,0.0,0.0,0.0,0.0,0.0,,,,1168.0,5776.0,5776.0,11365,39199.0
191621,Hilbert College,Hamburg,NY,3,2,21.0,0.0,0.0,0.0,0.0,0.0,0.0,0.0,0.0,0.0,30.0,0.972,,921.0,33740.0,33740.0,24750,48309.0
191630,Hobart William Smith Colleges,Geneva,NY,3,2,32.0,0.0,0.0,0.0,0.0,0.0,0.0,0.0,0.0,0.0,,0.6399,1319.0,1786.0,65117.0,65117.0,27000,68831.0
191649,Hofstra University,Hempstead,NY,3,2,21.0,0.0,0.0,0.0,0.0,0.0,0.0,0.0,0.0,0.0,,0.6808,1319.0,6488.0,57660.0,57660.0,23621,69039.0
191676,Houghton University,Houghton,NY,3,2,43.0,0.0,0.0,0.0,0.0,0.0,0.0,0.0,0.0,0.0,89.0,0.8866,1284.0,753.0,18430.0,18430.0,25250,46721.0
191719,Hudson Valley Community College,Troy,NY,2,1,13.0,0.0,0.0,0.0,0.0,0.0,0.0,0.0,0.0,0.0,,,,6499.0,6796.0,11852.0,10625,45460.0
191728,Hunter Business School,Levittown,NY,1,3,21.0,0.0,0.0,0.0,0.0,0.0,0.0,0.0,0.0,0.0,,,,1261.0,,,7937,36312.0
191931,Iona University,New Rochelle,NY,3,2,21.0,0.0,0.0,0.0,0.0,0.0,1.0,0.0,0.0,0.0,30.0,0.8694,1217.0,2951.0,47260.0,47260.0,25999,73595.0
191940,Isabella Graham Hart School of Practical Nursing,Rochester,NY,1,2,21.0,0.0,0.0,0.0,0.0,0.0,0.0,0.0,0.0,0.0,,,,85.0,,,PS,48143.0
191968,Ithaca College,Ithaca,NY,3,2,23.0,0.0,0.0,0.0,0.0,0.0,0.0,0.0,0.0,0.0,,0.6901,1312.0,4242.0,53540.0,53540.0,24000,63548.0
191986,Jamestown Community College,Jamestown,NY,2,1,32.0,0.0,0.0,0.0,0.0,0.0,0.0,0.0,0.0,0.0,,,,1739.0,6840.0,6840.0,10990,38242.0
192022,Jefferson Community College,Watertown,NY,2,1,13.0,0.0,0.0,0.0,0.0,0.0,0.0,0.0,0.0,0.0,,,,1499.0,6264.0,11700.0,12000,39991.0
192040,Jewish Theological Seminary of America,New York,NY,3,2,11.0,0.0,0.0,0.0,0.0,0.0,0.0,0.0,0.0,0.0,80.0,0.4861,1500.0,172.0,67357.0,67357.0,PS,92751.0
192110,The Juilliard School,New York,NY,3,2,11.0,0.0,0.0,0.0,0.0,0.0,0.0,0.0,0.0,0.0,,0.0915,,468.0,57950.0,57950.0,25500,37827.0
192165,Kehilath Yakov Rabbinical Seminary,Ossining,NY,3,2,41.0,0.0,0.0,0.0,0.0,0.0,0.0,0.0,1.0,0.0,80.0,,,205.0,13200.0,13200.0,PS,36442.0
192192,Keuka College,Keuka Park,NY,3,2,32.0,0.0,0.0,0.0,0.0,0.0,0.0,0.0,0.0,0.0,,0.6808,,966.0,39332.0,39332.0,27000,58289.0
192271,LIM College,New York,NY,3,3,11.0,0.0,0.0,0.0,0.0,0.0,0.0,0.0,0.0,0.0,,0.959,1035.0,1187.0,33504.0,33504.0,24000,58956.0
192323,Le Moyne College,Syracuse,NY,3,2,21.0,0.0,0.0,0.0,0.0,0.0,0.0,0.0,0.0,0.0,30.0,0.8298,1255.0,2439.0,40330.0,40330.0,23000,62731.0
192448,Long Island University,Brookville,NY,3,2,21.0,0.0,0.0,0.0,0.0,1.0,0.0,0.0,0.0,0.0,,0.8616,1224.0,5520.0,42432.0,42432.0,23577,59950.0
192484,Long Island Beauty School-Hempstead,Hempstead,NY,1,3,21.0,0.0,0.0,0.0,0.0,0.0,0.0,0.0,0.0,0.0,,,,101.0,,,8254,17378.0
192624,Machzikei Hadath Rabbinical College,Brooklyn,NY,3,2,11.0,0.0,0.0,0.0,0.0,0.0,0.0,0.0,1.0,0.0,,1.0,,131.0,13500.0,13500.0,PS,41527.0
192688,Mandl School-The College of Allied Health,New York,NY,2,3,11.0,0.0,0.0,0.0,0.0,0.0,0.0,0.0,0.0,0.0,,,,497.0,21700.0,21700.0,20000,39108.0
192703,Manhattan University,Riverdale,NY,3,2,11.0,0.0,0.0,0.0,0.0,0.0,1.0,0.0,0.0,0.0,30.0,0.7894,1270.0,2744.0,53400.0,53400.0,26000,86316.0
192712,Manhattan School of Music,New York,NY,3,2,11.0,0.0,0.0,0.0,0.0,0.0,0.0,0.0,0.0,0.0,,0.4078,,539.0,57050.0,57050.0,26994,26878.0
192749,Manhattanville University,Purchase,NY,3,2,21.0,0.0,0.0,0.0,0.0,0.0,1.0,0.0,0.0,0.0,,0.8734,,1362.0,44604.0,44604.0,25000,58832.0
192785,Maria College of Albany,Albany,NY,2,2,12.0,0.0,0.0,0.0,0.0,0.0,0.0,0.0,0.0,0.0,30.0,0.4448,,656.0,18740.0,18740.0,20528,55458.0
192800,Marion S Whelan School of Nursing of Geneva General Hospital,Geneva,NY,1,2,32.0,0.0,0.0,0.0,0.0,0.0,0.0,0.0,0.0,0.0,,1.0,,14.0,12085.0,12085.0,18955,70771.0
192819,Marist University,Poughkeepsie,NY,3,2,21.0,0.0,0.0,0.0,0.0,0.0,0.0,0.0,0.0,0.0,,0.5651,1295.0,5182.0,47750.0,47750.0,25000,77819.0
192864,Marymount Manhattan College,New York,NY,3,2,11.0,0.0,0.0,0.0,0.0,0.0,0.0,0.0,0.0,0.0,,0.8261,1214.0,1577.0,41870.0,41870.0,25750,49131.0
192961,St. Peter's Hospital College of Nursing,Albany,NY,2,2,12.0,0.0,0.0,0.0,0.0,0.0,0.0,0.0,0.0,0.0,,1.0,,123.0,15358.0,15358.0,14745,62588.0
193016,Mercy University,Dobbs Ferry,NY,3,2,21.0,0.0,0.0,0.0,0.0,0.0,1.0,0.0,0.0,0.0,,0.8584,,5735.0,22880.0,22880.0,19637,52055.0
193052,Mesivta Torah Vodaath Rabbinical Seminary,Brooklyn,NY,3,2,11.0,0.0,0.0,0.0,0.0,0.0,0.0,0.0,1.0,0.0,80.0,0.8,,399.0,15200.0,15200.0,PS,
193061,Mesivta of Eastern Parkway-Yeshiva Zichron Meilech,Brooklyn,NY,2,2,11.0,0.0,0.0,0.0,0.0,0.0,0.0,0.0,1.0,0.0,,0.5556,,39.0,10100.0,10100.0,PS,
193070,Mesivtha Tifereth Jerusalem of America,New York,NY,3,2,11.0,0.0,0.0,0.0,0.0,0.0,0.0,0.0,1.0,0.0,80.0,0.6,,51.0,13250.0,13250.0,PS,
193201,Mildred Elley School-Albany Campus,Albany,NY,1,3,12.0,0.0,0.0,0.0,0.0,0.0,0.0,0.0,0.0,0.0,,,,369.0,15865.0,15865.0,19000,38830.0
193247,Mirrer Yeshiva Cent Institute,Brooklyn,NY,2,2,11.0,0.0,0.0,0.0,0.0,0.0,0.0,0.0,1.0,0.0,80.0,0.8929,,120.0,13600.0,13600.0,PS,41192.0
193265,Modern Welding School,Schenectady,NY,1,3,13.0,0.0,0.0,0.0,0.0,0.0,0.0,0.0,0.0,0.0,,,,58.0,,,PS,48703.0
193283,Mohawk Valley Community College,Utica,NY,2,1,13.0,0.0,0.0,0.0,0.0,0.0,0.0,0.0,0.0,0.0,,,,2950.0,6218.0,8851.0,11000,39850.0
193292,Molloy University,Rockville Centre,NY,3,2,21.0,0.0,0.0,0.0,0.0,0.0,1.0,0.0,0.0,0.0,30.0,0.8174,1187.0,3162.0,39790.0,39790.0,27000,77789.0
193308,Monroe University,Bronx,NY,2,3,11.0,0.0,0.0,0.0,0.0,0.0,0.0,0.0,0.0,0.0,,0.6751,,5701.0,18464.0,18464.0,18818,41236.0
193326,Monroe Community College,Rochester,NY,2,1,21.0,0.0,0.0,0.0,0.0,0.0,0.0,0.0,0.0,0.0,,,,7623.0,6006.0,11056.0,9750,40174.0
193353,Mount Saint Mary College,Newburgh,NY,3,2,13.0,0.0,0.0,0.0,0.0,0.0,1.0,0.0,0.0,0.0,30.0,0.8888,1150.0,1148.0,43450.0,43450.0,26007,67705.0
193380,Montefiore School of Nursing,Mount Vernon,NY,2,2,21.0,0.0,0.0,0.0,0.0,0.0,0.0,0.0,0.0,0.0,,,,121.0,,,20000,
193399,University of Mount Saint Vincent,Bronx,NY,3,2,11.0,0.0,0.0,0.0,0.0,0.0,1.0,0.0,0.0,0.0,30.0,0.8511,1090.0,2692.0,44540.0,44540.0,25000,65756.0
193405,Icahn School of Medicine at Mount Sinai,New York,NY,4,2,11.0,0.0,0.0,0.0,0.0,0.0,0.0,0.0,0.0,0.0,,,,,,,PS,
193478,Nassau Community College,Garden City,NY,2,1,21.0,0.0,0.0,0.0,0.0,0.0,1.0,0.0,0.0,0.0,,,,10630.0,6330.0,12130.0,10500,48248.0
193584,Nazareth University,Rochester,NY,3,2,21.0,0.0,0.0,0.0,0.0,0.0,0.0,0.0,0.0,0.0,,0.7472,1216.0,1873.0,42450.0,42450.0,26038,56458.0
193609,Neighborhood Playhouse School of the Theater,New York City,NY,1,2,11.0,0.0,0.0,0.0,0.0,0.0,0.0,0.0,0.0,0.0,,0.5333,,67.0,19000.0,19000.0,PS,29382.0
193654,The New School,New York,NY,3,2,11.0,0.0,0.0,0.0,0.0,0.0,0.0,0.0,0.0,0.0,,0.6347,,6563.0,58694.0,58694.0,22266,52901.0
193751,Northeast College of Health Sciences,Seneca Falls,NY,4,2,41.0,0.0,0.0,0.0,0.0,0.0,0.0,0.0,0.0,0.0,,,,71.0,17250.0,17250.0,PS,
193821,New York Law School,New York,NY,4,2,11.0,0.0,0.0,0.0,0.0,0.0,0.0,0.0,0.0,0.0,,,,,,,PS,
193830,New York Medical College,Valhalla,NY,4,2,21.0,0.0,0.0,0.0,0.0,0.0,0.0,0.0,0.0,0.0,80.0,,,,,,PS,
193858,New York School for Medical and Dental Assistants,Long Island City,NY,1,3,11.0,0.0,0.0,0.0,0.0,0.0,0.0,0.0,0.0,0.0,,,,277.0,,,8309,38899.0
193900,New York University,New York,NY,3,2,11.0,0.0,0.0,0.0,0.0,0.0,0.0,0.0,0.0,0.0,,0.0923,1520.0,28663.0,62796.0,62796.0,20500,82509.0
193946,Niagara County Community College,Sanborn,NY,2,1,41.0,0.0,0.0,0.0,0.0,0.0,0.0,0.0,0.0,0.0,,,,3084.0,6894.0,12030.0,11039,42285.0
193973,Niagara University,Niagara University,NY,3,2,21.0,0.0,0.0,0.0,0.0,0.0,0.0,0.0,0.0,0.0,30.0,0.8737,1168.0,2653.0,39345.0,39345.0,25475,56196.0
193991,Empire Beauty School-Peekskill,Peekskill,NY,1,3,21.0,0.0,0.0,0.0,0.0,0.0,0.0,0.0,0.0,0.0,,,,49.0,,,6554,27916.0
194028,North Country Community College,Saranac Lake,NY,2,1,33.0,0.0,0.0,0.0,0.0,0.0,0.0,0.0,0.0,0.0,,,,819.0,6682.0,9370.0,12000,38276.0
194073,New York College of Podiatric Medicine,New York,NY,4,2,11.0,0.0,0.0,0.0,0.0,0.0,0.0,0.0,0.0,0.0,,,,,,,PS,
194091,New York Institute of Technology,Old Westbury,NY,3,2,41.0,0.0,0.0,0.0,0.0,1.0,1.0,0.0,0.0,0.0,,0.8102,1311.0,3440.0,46560.0,46560.0,23334,70080.0
194116,New York School of Interior Design,New York,NY,1,2,11.0,0.0,0.0,0.0,0.0,0.0,0.0,0.0,0.0,0.0,,0.6289,,427.0,32330.0,32330.0,PS,48041.0
194189,Ohr Hameir Theological Seminary,Peekskill,NY,2,2,21.0,0.0,0.0,0.0,0.0,0.0,0.0,0.0,1.0,0.0,,1.0,,100.0,10150.0,10150.0,PS,
194222,Onondaga Community College,Syracuse,NY,2,1,21.0,0.0,0.0,0.0,0.0,0.0,0.0,0.0,0.0,0.0,,,,4456.0,6102.0,11392.0,10000,41190.0
194240,Orange County Community College,Middletown,NY,2,1,23.0,0.0,0.0,0.0,0.0,0.0,1.0,0.0,0.0,0.0,,,,3989.0,6526.0,12334.0,12000,44117.0
194259,Otsego Area BOCES-Practical Nursing Program,Oneonta,NY,1,1,33.0,0.0,0.0,0.0,0.0,0.0,0.0,0.0,0.0,0.0,,,,31.0,,,PS,45248.0
194310,Pace University,New York,NY,3,2,11.0,0.0,0.0,0.0,0.0,0.0,0.0,0.0,0.0,0.0,,0.7592,1266.0,7665.0,53290.0,53290.0,23250,70378.0
194392,Paul Smiths College of Arts and Science,Paul Smiths,NY,3,2,42.0,0.0,0.0,0.0,0.0,0.0,0.0,0.0,0.0,0.0,,0.7653,,579.0,33009.0,33009.0,22750,46145.0
194435,Continental School of Beauty Culture-West Seneca,West Seneca,NY,1,3,21.0,0.0,0.0,0.0,0.0,0.0,0.0,0.0,0.0,0.0,,,,78.0,,,6333,22193.0
194499,Plaza College,Forest Hills,NY,2,3,11.0,0.0,0.0,0.0,0.0,0.0,0.0,0.0,0.0,0.0,,0.3,,984.0,15450.0,15450.0,20751,31519.0
194569,Davis College,Pottersville,NY,3,2,42.0,0.0,0.0,0.0,0.0,0.0,0.0,0.0,0.0,0.0,88.0,0.5625,,106.0,18000.0,18000.0,PS,38450.0
194578,Pratt Institute-Main,Brooklyn,NY,3,2,11.0,0.0,0.0,0.0,0.0,0.0,0.0,0.0,0.0,0.0,,0.7325,1290.0,3910.0,61845.0,61845.0,26000,54295.0
194657,Rabbinical Academy Mesivta Rabbi Chaim Berlin,Brooklyn,NY,3,2,11.0,0.0,0.0,0.0,0.0,0.0,0.0,0.0,1.0,0.0,,0.9362,,141.0,10800.0,10800.0,PS,
194666,Rabbinical College Bobover Yeshiva Bnei Zion,Brooklyn,NY,3,2,11.0,0.0,0.0,0.0,0.0,0.0,0.0,0.0,1.0,0.0,80.0,,,473.0,10000.0,10000.0,PS,20707.0
194693,Rabbinical College Beth Shraga,Monsey,NY,2,2,21.0,0.0,0.0,0.0,0.0,0.0,0.0,0.0,1.0,0.0,,0.9167,,52.0,16850.0,16850.0,PS,
194718,Rabbinical Seminary Mkor Chaim,Lakewood,NJ,3,2,21.0,0.0,0.0,0.0,0.0,0.0,0.0,0.0,1.0,0.0,,0.9063,,96.0,8450.0,8450.0,PS,
194736,Rabbinical College of Long Island,Long Beach,NY,2,2,21.0,0.0,0.0,0.0,0.0,0.0,0.0,0.0,1.0,0.0,,1.0,,159.0,10290.0,10290.0,PS,
194763,Rabbinical Seminary of America,Flushing,NY,3,2,11.0,0.0,0.0,0.0,0.0,0.0,0.0,0.0,1.0,0.0,80.0,0.9845,,397.0,10000.0,10000.0,PS,
194824,Rensselaer Polytechnic Institute,Troy,NY,3,2,13.0,0.0,0.0,0.0,0.0,0.0,0.0,0.0,0.0,0.0,,0.6347,1456.0,5714.0,64081.0,64081.0,23750,102051.0
194958,Roberts Wesleyan University,Rochester,NY,3,2,21.0,0.0,0.0,0.0,0.0,0.0,0.0,0.0,0.0,0.0,64.0,0.7063,1170.0,1149.0,38826.0,38826.0,23750,55031.0
195003,Rochester Institute of Technology,Rochester,NY,3,2,21.0,0.0,0.0,0.0,0.0,0.0,0.0,0.0,0.0,0.0,,0.6693,1383.0,13215.0,59274.0,59274.0,26778,76571.0
195030,University of Rochester,Rochester,NY,3,2,12.0,0.0,0.0,0.0,0.0,0.0,0.0,0.0,0.0,0.0,,0.4008,1488.0,6331.0,67080.0,67080.0,21000,79042.0
195049,The Rockefeller University,New York,NY,4,2,11.0,0.0,0.0,0.0,0.0,0.0,0.0,0.0,0.0,0.0,,,,,,,,
195058,Rockland Community College,Suffern,NY,2,1,21.0,0.0,0.0,0.0,0.0,0.0,1.0,0.0,0.0,0.0,,,,3834.0,6862.0,6862.0,8497,50243.0
195067,Empire Beauty School-Manhattan,New York,NY,1,3,11.0,0.0,0.0,0.0,0.0,0.0,0.0,0.0,0.0,0.0,,,,388.0,,,10667,24022.0
195128,Russell Sage College,Troy,NY,3,2,13.0,0.0,0.0,0.0,0.0,0.0,0.0,0.0,0.0,0.0,,0.5326,,1244.0,38164.0,38164.0,22000,58316.0
195155,St Bernard's School of Theology and Ministry,Rochester,NY,4,2,21.0,0.0,0.0,0.0,0.0,0.0,0.0,0.0,0.0,0.0,30.0,,,,,,PS,
195164,St Bonaventure University,Saint Bonaventure,NY,3,2,33.0,0.0,0.0,0.0,0.0,0.0,0.0,0.0,0.0,0.0,30.0,0.8165,1197.0,2012.0,41735.0,41735.0,26000,57214.0
195173,St. Francis College,Brooklyn,NY,3,2,11.0,0.0,0.0,0.0,0.0,0.0,1.0,0.0,0.0,0.0,,,,1684.0,28775.0,28775.0,23250,58099.0
195191,St. Joseph's College of Nursing,Syracuse,NY,2,2,12.0,0.0,0.0,0.0,0.0,0.0,0.0,0.0,0.0,0.0,30.0,1.0,,313.0,23816.0,23816.0,12000,81908.0
195216,St Lawrence University,Canton,NY,3,2,33.0,0.0,0.0,0.0,0.0,0.0,0.0,0.0,0.0,0.0,,0.5434,1371.0,1918.0,65900.0,65900.0,27000,67258.0
195243,St. Thomas Aquinas College,Sparkill,NY,3,2,21.0,0.0,0.0,0.0,0.0,0.0,0.0,0.0,0.0,0.0,,0.9305,1000.0,972.0,39450.0,39450.0,23198,62909.0
195289,Samaritan Hospital School of Nursing,Troy,NY,2,2,13.0,0.0,0.0,0.0,0.0,0.0,0.0,0.0,0.0,0.0,,1.0,,129.0,15358.0,15358.0,15250,64383.0
195304,Sarah Lawrence College,Bronxville,NY,3,2,21.0,0.0,0.0,0.0,0.0,0.0,0.0,0.0,0.0,0.0,,0.6173,1366.0,1530.0,66862.0,66862.0,27000,53603.0
195322,Schenectady County Community College,Schenectady,NY,2,1,13.0,0.0,0.0,0.0,0.0,1.0,0.0,0.0,0.0,0.0,,,,1507.0,6190.0,8974.0,11049,40902.0
195438,Sh'or Yoshuv Rabbinical College,Lawrence,NY,3,2,21.0,0.0,0.0,0.0,0.0,0.0,0.0,0.0,1.0,0.0,80.0,,,156.0,11700.0,11700.0,PS,
195474,Siena University,Loudonville,NY,3,2,21.0,0.0,0.0,0.0,0.0,0.0,0.0,0.0,0.0,0.0,30.0,0.6902,1254.0,3409.0,46580.0,46580.0,26561,76079.0
195526,Skidmore College,Saratoga Springs,NY,3,2,23.0,0.0,0.0,0.0,0.0,0.0,0.0,0.0,0.0,0.0,,0.2105,1405.0,2694.0,67290.0,67290.0,19500,69363.0
195544,St. Joseph's University-New York,Brooklyn,NY,3,2,11.0,0.0,0.0,0.0,0.0,0.0,0.0,0.0,0.0,0.0,,0.7205,1190.0,3144.0,36550.0,36550.0,22000,63905.0
195580,Saint Vladimirs Orthodox Theological Seminary,Yonkers,NY,4,2,21.0,0.0,0.0,0.0,0.0,0.0,0.0,0.0,0.0,0.0,92.0,,,,,,PS,
195702,Saint Elizabeth College of Nursing,Utica,NY,2,2,13.0,0.0,0.0,0.0,0.0,0.0,0.0,0.0,0.0,0.0,30.0,1.0,,153.0,20180.0,30000.0,14250,72122.0
195720,St. John Fisher University,Rochester,NY,3,2,21.0,0.0,0.0,0.0,0.0,0.0,0.0,0.0,0.0,0.0,30.0,0.664,1214.0,2565.0,41190.0,41190.0,23250,66944.0
195784,St Paul's School of Nursing-Staten Island,Staten Island,NY,2,3,11.0,0.0,0.0,0.0,0.0,0.0,0.0,0.0,0.0,0.0,,,,656.0,17492.0,17492.0,25729,86693.0
195809,St. John's University-New York,Queens,NY,3,2,11.0,0.0,0.0,0.0,0.0,1.0,0.0,0.0,0.0,0.0,30.0,0.8343,1244.0,9477.0,53020.0,53020.0,25000,69571.0
195988,Sullivan County Community College,Loch Sheldrake,NY,2,1,41.0,0.0,0.0,0.0,0.0,0.0,0.0,0.0,0.0,0.0,,,,836.0,6468.0,12132.0,10150,38354.0
196006,SUNY College of Technology at Alfred,Alfred,NY,2,1,42.0,0.0,0.0,0.0,0.0,0.0,0.0,0.0,0.0,0.0,,0.7568,1094.0,3563.0,8892.0,16837.0,13750,50445.0
196015,SUNY College of Technology at Canton,Canton,NY,3,1,33.0,0.0,0.0,0.0,0.0,0.0,0.0,0.0,0.0,0.0,,0.9215,,2741.0,8742.0,13572.0,20000,47860.0
196024,SUNY College of Technology at Delhi,Delhi,NY,2,1,43.0,0.0,0.0,0.0,0.0,0.0,0.0,0.0,0.0,0.0,,0.8901,1004.0,2843.0,8772.0,12762.0,15180,51629.0
196033,SUNY College of Agriculture and Technology at Cobleskill,Cobleskill,NY,3,1,32.0,0.0,0.0,0.0,0.0,0.0,0.0,0.0,0.0,0.0,,0.8402,,1904.0,8768.0,18678.0,16023,45030.0
196042,Farmingdale State College,Farmingdale,NY,3,1,21.0,0.0,0.0,0.0,0.0,1.0,1.0,0.0,0.0,0.0,,0.6329,1147.0,9552.0,8626.0,18536.0,14718,69781.0
196051,SUNY Morrisville,Morrisville,NY,2,1,42.0,0.0,0.0,0.0,0.0,0.0,0.0,0.0,0.0,0.0,,0.9154,1130.0,1923.0,8825.0,19245.0,18742,43295.0
196060,University at Albany,Albany,NY,3,1,12.0,0.0,0.0,0.0,0.0,0.0,0.0,0.0,0.0,0.0,,0.691,,12564.0,10866.0,31256.0,19500,67979.0
196079,Binghamton University,Vestal,NY,3,1,22.0,0.0,0.0,0.0,0.0,0.0,0.0,0.0,0.0,0.0,,0.3861,1415.0,14655.0,10567.0,30447.0,18500,80596.0
196088,University at Buffalo,Buffalo,NY,3,1,21.0,0.0,0.0,0.0,0.0,0.0,0.0,0.0,0.0,0.0,,0.7418,1295.0,20112.0,10936.0,31536.0,19000,70814.0
196097,Stony Brook University,Stony Brook,NY,3,1,21.0,0.0,0.0,0.0,0.0,0.0,0.0,0.0,0.0,0.0,,0.4904,1419.0,18101.0,10931.0,32741.0,18228,74502.0
196103,SUNY College of Environmental Science and Forestry,Syracuse,NY,3,1,12.0,0.0,0.0,0.0,0.0,0.0,0.0,0.0,0.0,0.0,,0.6328,,1839.0,9303.0,22263.0,11000,55763.0
196112,SUNY Polytechnic Institute,Utica,NY,3,1,22.0,0.0,0.0,0.0,0.0,0.0,0.0,0.0,0.0,0.0,,0.8135,1201.0,1849.0,8625.0,21215.0,17250,64355.0
196121,SUNY Brockport,Brockport,NY,3,1,31.0,0.0,0.0,0.0,0.0,0.0,0.0,0.0,0.0,0.0,,0.7068,1193.0,5784.0,8752.0,15822.0,20000,54496.0
196130,SUNY Buffalo State University,Buffalo,NY,3,1,11.0,0.0,0.0,0.0,0.0,0.0,0.0,0.0,0.0,0.0,,0.7295,1070.0,5097.0,8533.0,19653.0,21028,52334.0
196149,State University of New York at Cortland,Cortland,NY,3,1,32.0,0.0,0.0,0.0,0.0,0.0,0.0,0.0,0.0,0.0,,0.5979,,5901.0,8874.0,18784.0,21500,60236.0
196158,SUNY at Fredonia,Fredonia,NY,3,1,32.0,0.0,0.0,0.0,0.0,0.0,0.0,0.0,0.0,0.0,,0.777,1250.0,2755.0,8831.0,19771.0,24250,54247.0
196167,SUNY College at Geneseo,Geneseo,NY,3,1,32.0,0.0,0.0,0.0,0.0,0.0,0.0,0.0,0.0,0.0,,0.6645,1286.0,3869.0,8999.0,19569.0,19500,67316.0
196176,State University of New York at New Paltz,New Paltz,NY,3,1,31.0,0.0,0.0,0.0,0.0,0.0,0.0,0.0,0.0,0.0,,0.6161,1265.0,6086.0,8572.0,18822.0,18750,58073.0
196185,SUNY Oneonta,Oneonta,NY,3,1,33.0,0.0,0.0,0.0,0.0,0.0,0.0,0.0,0.0,0.0,,0.696,1230.0,4643.0,8831.0,19781.0,19812,60386.0
196194,State University of New York at Oswego,Oswego,NY,3,1,32.0,0.0,0.0,0.0,0.0,0.0,0.0,0.0,0.0,0.0,,0.8055,1187.0,5473.0,8825.0,18735.0,20880,57566.0
196200,SUNY College at Potsdam,Potsdam,NY,3,1,33.0,0.0,0.0,0.0,0.0,0.0,0.0,0.0,0.0,0.0,,0.777,,1823.0,8768.0,18678.0,24250,47866.0
196219,SUNY at Purchase College,Purchase,NY,3,1,21.0,0.0,0.0,0.0,0.0,0.0,1.0,0.0,0.0,0.0,,0.7405,1312.0,3197.0,8953.0,19203.0,21067,45092.0
196228,SUNY College of Optometry,New York,NY,4,1,11.0,0.0,0.0,0.0,0.0,0.0,0.0,0.0,0.0,0.0,,,,,,,PS,
196237,SUNY Old Westbury,Old Westbury,NY,3,1,21.0,0.0,0.0,0.0,0.0,1.0,1.0,0.0,0.0,0.0,,0.8363,,4162.0,8422.0,18842.0,14997,58526.0
196246,State University of New York at Plattsburgh,Plattsburgh,NY,3,1,32.0,0.0,0.0,0.0,0.0,0.0,0.0,0.0,0.0,0.0,,0.7841,1165.0,3769.0,9035.0,18945.0,21196,56403.0
196255,SUNY Downstate Health Sciences University,Brooklyn,NY,3,1,11.0,0.0,0.0,0.0,0.0,0.0,0.0,0.0,0.0,0.0,,,,293.0,,,12500,109601.0
196264,Empire State University,Saratoga Springs,NY,3,1,23.0,0.0,0.0,0.0,0.0,0.0,0.0,0.0,0.0,0.0,,,,7585.0,7648.0,17558.0,18730,54080.0
196291,SUNY Maritime College,Throggs Neck,NY,3,1,11.0,0.0,0.0,0.0,0.0,0.0,0.0,0.0,0.0,0.0,,0.7241,1214.0,1285.0,8589.0,19159.0,23250,95951.0
196307,Upstate Medical University,Syracuse,NY,3,1,12.0,0.0,0.0,0.0,0.0,0.0,0.0,0.0,0.0,0.0,,,,159.0,,,15000,92257.0
196389,Swedish Institute a College of Health Sciences,New York,NY,2,3,11.0,0.0,0.0,0.0,0.0,0.0,0.0,0.0,0.0,0.0,,,,1227.0,27066.0,27066.0,22146,29699.0
196413,Syracuse University,Syracuse,NY,3,2,12.0,0.0,0.0,0.0,0.0,0.0,0.0,0.0,0.0,0.0,,0.4592,1375.0,15477.0,65528.0,65528.0,26000,79164.0
196431,Talmudical Seminary Oholei Torah,Brooklyn,NY,3,2,11.0,0.0,0.0,0.0,0.0,0.0,0.0,0.0,1.0,0.0,,0.7719,,400.0,8750.0,8750.0,PS,39230.0
196440,Talmudical Institute of Upstate New York,Rochester,NY,3,2,12.0,0.0,0.0,0.0,0.0,0.0,0.0,0.0,1.0,0.0,,1.0,,13.0,6150.0,6150.0,PS,
196468,Teachers College at Columbia University,New York,NY,4,2,11.0,0.0,0.0,0.0,0.0,0.0,0.0,0.0,0.0,0.0,,,,,,,PS,73294.0
196565,Tompkins Cortland Community College,Dryden,NY,2,1,42.0,0.0,0.0,0.0,0.0,0.0,0.0,0.0,0.0,0.0,,,,1469.0,6970.0,12855.0,15750,40707.0
196583,Torah Temimah Talmudical Seminary,Staten Island,NY,2,2,11.0,0.0,0.0,0.0,0.0,0.0,0.0,0.0,1.0,0.0,,0.5556,,82.0,9600.0,9600.0,PS,
196592,Touro University,New York,NY,3,2,11.0,0.0,0.0,0.0,0.0,0.0,0.0,0.0,0.0,0.0,,0.6083,1348.0,4040.0,22450.0,22450.0,15547,53419.0
196653,Trocaire College,Buffalo,NY,2,2,11.0,0.0,0.0,0.0,0.0,0.0,0.0,0.0,0.0,0.0,30.0,0.9749,,984.0,20640.0,20640.0,20000,55318.0
196680,Excelsior University,Albany,NY,3,2,12.0,0.0,0.0,0.0,0.0,0.0,0.0,0.0,0.0,0.0,,,,11550.0,,,13769,78493.0
196699,Ulster County Community College,Stone Ridge,NY,2,1,41.0,0.0,0.0,0.0,0.0,0.0,0.0,0.0,0.0,0.0,,,,1341.0,6666.0,12146.0,10000,41896.0
196866,Union College,Schenectady,NY,3,2,13.0,0.0,0.0,0.0,0.0,0.0,0.0,0.0,0.0,0.0,,0.4392,1395.0,2046.0,69039.0,69039.0,25337,88604.0
196884,Union Theological Seminary in the City of New York,New York,NY,4,2,11.0,0.0,0.0,0.0,0.0,0.0,0.0,0.0,0.0,0.0,,,,,,,PS,
197018,United Talmudical Seminary,Brooklyn,NY,3,2,11.0,0.0,0.0,0.0,0.0,0.0,0.0,0.0,1.0,0.0,80.0,,,2241.0,15000.0,15000.0,PS,25113.0
197027,United States Merchant Marine Academy,Kings Point,NY,3,1,21.0,0.0,0.0,0.0,0.0,0.0,0.0,0.0,0.0,0.0,,0.3424,1207.0,962.0,895.0,895.0,8833,90610.0
197036,United States Military Academy,West  Point,NY,3,1,31.0,0.0,0.0,0.0,0.0,0.0,0.0,0.0,0.0,0.0,,0.1245,1355.0,4408.0,,,,
197045,Utica University,Utica,NY,3,2,13.0,0.0,0.0,0.0,0.0,0.0,0.0,0.0,0.0,0.0,,0.9195,1110.0,2278.0,26930.0,26930.0,22500,63277.0
197133,Vassar College,Poughkeepsie,NY,3,2,21.0,0.0,0.0,0.0,0.0,0.0,0.0,0.0,0.0,0.0,,0.1857,1494.0,2444.0,71030.0,71030.0,18625,71366.0
197142,Villa Maria College,Buffalo,NY,3,2,13.0,0.0,0.0,0.0,0.0,0.0,0.0,0.0,0.0,0.0,30.0,0.8659,,603.0,28670.0,28670.0,21250,38857.0
197151,School of Visual Arts,New York,NY,3,3,11.0,0.0,0.0,0.0,0.0,0.0,0.0,0.0,0.0,0.0,,0.9264,1320.0,3244.0,51400.0,51400.0,27000,46459.0
197197,Wagner College,Staten Island,NY,3,2,11.0,0.0,0.0,0.0,0.0,0.0,0.0,0.0,0.0,0.0,67.0,0.88,1243.0,1651.0,53200.0,53200.0,25000,74360.0
197221,Webb Institute,Glen Cove,NY,3,2,21.0,0.0,0.0,0.0,0.0,0.0,0.0,0.0,0.0,0.0,,0.1404,1496.0,106.0,63214.0,63214.0,PS,
197285,The College of Westchester,White Plains,NY,3,3,13.0,0.0,0.0,0.0,0.0,0.0,0.0,0.0,0.0,0.0,,0.9442,,759.0,25191.0,25191.0,26967,42215.0
197294,SUNY Westchester Community College,Valhalla,NY,2,1,21.0,0.0,0.0,0.0,0.0,0.0,1.0,0.0,0.0,0.0,,,,8078.0,5948.0,12486.0,10400,46822.0
197337,Westchester School of Beauty Culture,Mount Vernon,NY,1,3,21.0,0.0,0.0,0.0,0.0,0.0,0.0,0.0,0.0,0.0,,,,59.0,,,PS,32170.0
197531,Word of Life Bible Institute,Pottersville,NY,1,2,42.0,0.0,0.0,0.0,0.0,0.0,0.0,0.0,0.0,0.0,42.0,,,489.0,11500.0,11500.0,12000,36173.0
197601,Yeshiva Karlin Stolin,Brooklyn,NY,3,2,11.0,0.0,0.0,0.0,0.0,0.0,0.0,0.0,1.0,0.0,,,,139.0,13300.0,13300.0,PS,
197647,Yeshiva Derech Chaim,Brooklyn,NY,2,2,11.0,0.0,0.0,0.0,0.0,0.0,0.0,0.0,1.0,0.0,,0.8824,,115.0,12700.0,12700.0,PS,
197674,Yeshiva of Nitra Rabbinical College,Chester,NY,3,2,41.0,0.0,0.0,0.0,0.0,0.0,0.0,0.0,1.0,0.0,,,,243.0,14000.0,14000.0,PS,41785.0
197692,Yeshivath Shaar Hatorah,Kew Gardens,NY,3,2,11.0,0.0,0.0,0.0,0.0,0.0,0.0,0.0,1.0,0.0,80.0,0.7222,,76.0,19550.0,19550.0,PS,
197708,Yeshiva University,New York,NY,3,2,11.0,0.0,0.0,0.0,0.0,0.0,0.0,0.0,0.0,0.0,,0.5562,1426.0,2852.0,51800.0,51800.0,18250,71353.0
197735,Yeshivath Viznitz,Monsey,NY,3,2,21.0,0.0,0.0,0.0,0.0,0.0,0.0,0.0,1.0,0.0,,,,1159.0,12000.0,12000.0,PS,
197744,Yeshivath Zichron Moshe,South Fallsburg,NY,2,2,32.0,0.0,0.0,0.0,0.0,0.0,0.0,0.0,1.0,0.0,,0.3,,201.0,10880.0,10880.0,PS,
197814,College of the Albemarle,Elizabeth City,NC,2,1,32.0,0.0,0.0,0.0,0.0,0.0,0.0,0.0,0.0,0.0,,,,2001.0,2242.0,7652.0,PS,33234.0
197850,South Piedmont Community College,Polkton,NC,2,1,42.0,0.0,0.0,0.0,0.0,0.0,0.0,0.0,0.0,0.0,,,,1833.0,2022.0,6630.0,PS,37308.0
197869,Appalachian State University,Boone,NC,3,1,32.0,0.0,0.0,0.0,0.0,0.0,0.0,0.0,0.0,0.0,,0.9014,1214.0,19444.0,7579.0,25212.0,20231,51836.0
197887,Asheville-Buncombe Technical Community College,Asheville,NC,1,1,13.0,0.0,0.0,0.0,0.0,0.0,0.0,0.0,0.0,0.0,,,,5110.0,2882.0,9026.0,15528,36048.0
197911,Barton College,Wilson,NC,3,2,31.0,0.0,0.0,0.0,0.0,0.0,0.0,0.0,0.0,0.0,61.0,0.942,,982.0,37250.0,37250.0,25877,47913.0
197966,Beaufort County Community College,Washington,NC,1,1,41.0,0.0,0.0,0.0,0.0,0.0,0.0,0.0,0.0,0.0,,,,1074.0,2540.0,8684.0,PS,32519.0
197984,Belmont Abbey College,Belmont,NC,3,2,22.0,0.0,0.0,0.0,0.0,0.0,0.0,0.0,0.0,0.0,30.0,0.7465,1099.0,1276.0,19500.0,19500.0,26000,47937.0
197993,Bennett College,Greensboro,NC,3,2,11.0,1.0,0.0,0.0,0.0,0.0,0.0,0.0,0.0,1.0,71.0,0.5066,925.0,178.0,19140.0,19140.0,28130,36654.0
198011,Bladen Community College,Dublin,NC,2,1,42.0,0.0,0.0,0.0,0.0,0.0,0.0,1.0,0.0,0.0,,,,1030.0,2618.0,8762.0,PS,30591.0
198039,Blue Ridge Community College,Flat Rock,NC,1,1,21.0,0.0,0.0,0.0,0.0,0.0,0.0,0.0,0.0,0.0,,,,1758.0,2660.0,8804.0,12000,36324.0
198066,Brevard College,Brevard,NC,3,2,32.0,0.0,0.0,0.0,0.0,0.0,0.0,0.0,0.0,0.0,71.0,0.4216,1060.0,815.0,32280.0,32280.0,25000,43545.0
198084,Brunswick Community College,Bolivia,NC,2,1,42.0,0.0,0.0,0.0,0.0,0.0,0.0,0.0,0.0,0.0,,,,1211.0,2553.0,8697.0,PS,36668.0
198109,Cabarrus College of Health Sciences,Concord,NC,2,2,12.0,0.0,0.0,0.0,0.0,0.0,0.0,0.0,0.0,0.0,,0.2338,1150.0,712.0,16550.0,16550.0,16000,58708.0
198118,Caldwell Community College and Technical Institute,Hudson,NC,2,1,22.0,0.0,0.0,0.0,0.0,0.0,0.0,0.0,0.0,0.0,,,,2393.0,2526.0,6526.0,8750,34515.0
198136,Campbell University,Buies Creek,NC,3,2,31.0,0.0,0.0,0.0,0.0,0.0,0.0,0.0,0.0,0.0,54.0,0.8718,,2680.0,41600.0,41600.0,22500,54886.0
198154,Cape Fear Community College,Wilmington,NC,2,1,12.0,0.0,0.0,0.0,0.0,0.0,0.0,0.0,0.0,0.0,,,,9764.0,2748.0,8892.0,9500,38654.0
198206,Carteret Community College,Morehead City,NC,1,1,32.0,0.0,0.0,0.0,0.0,0.0,0.0,0.0,0.0,0.0,,,,1172.0,2310.0,8222.0,PS,33357.0
198215,Catawba College,Salisbury,NC,3,2,21.0,0.0,0.0,0.0,0.0,0.0,0.0,0.0,0.0,0.0,,0.7521,1096.0,1235.0,34300.0,34300.0,25000,48793.0
198233,Catawba Valley Community College,Hickory,NC,2,1,13.0,0.0,0.0,0.0,0.0,0.0,0.0,0.0,0.0,0.0,,,,2741.0,2427.0,7803.0,4938,36977.0
198251,Central Carolina Community College,Sanford,NC,2,1,32.0,0.0,0.0,0.0,0.0,0.0,0.0,0.0,0.0,0.0,,,,3237.0,2711.0,8855.0,PS,33525.0
198260,Central Piedmont Community College,Charlotte,NC,2,1,11.0,0.0,0.0,0.0,0.0,0.0,0.0,0.0,0.0,0.0,,,,15067.0,2792.0,8936.0,7925,37865.0
198303,Chowan University,Murfreesboro,NC,3,2,43.0,0.0,0.0,0.0,0.0,0.0,0.0,0.0,0.0,0.0,75.0,0.6879,,603.0,27910.0,27910.0,29491,38412.0
198321,Cleveland Community College,Shelby,NC,1,1,32.0,0.0,0.0,0.0,0.0,0.0,0.0,0.0,0.0,0.0,,,,1097.0,2602.0,8746.0,PS,33755.0
198330,Coastal Carolina Community College,Jacksonville,NC,2,1,13.0,0.0,0.0,0.0,0.0,0.0,0.0,0.0,0.0,0.0,,,,2724.0,2512.0,8656.0,PS,36444.0
198367,Craven Community College,New Bern,NC,2,1,32.0,0.0,0.0,0.0,0.0,0.0,0.0,0.0,0.0,0.0,,,,1989.0,2022.0,6630.0,PS,34231.0
198376,Davidson-Davie Community College,Thomasville,NC,1,1,41.0,0.0,0.0,0.0,0.0,0.0,0.0,0.0,0.0,0.0,,,,2633.0,1980.0,6588.0,10500,36337.0
198385,Davidson College,Davidson,NC,3,2,21.0,0.0,0.0,0.0,0.0,0.0,0.0,0.0,0.0,0.0,66.0,0.1337,1469.0,1867.0,64410.0,64410.0,18688,81400.0
198419,Duke University,Durham,NC,3,2,11.0,0.0,0.0,0.0,0.0,0.0,0.0,0.0,0.0,0.0,71.0,0.0571,1548.0,6442.0,68758.0,68758.0,13000,97800.0
198455,Durham Technical Community College,Durham,NC,2,1,11.0,0.0,0.0,0.0,0.0,0.0,0.0,0.0,0.0,0.0,,,,3890.0,1986.0,6594.0,14750,36142.0
198464,East Carolina University,Greenville,NC,3,1,13.0,0.0,0.0,0.0,0.0,0.0,0.0,0.0,0.0,0.0,,0.8921,1180.0,19896.0,7361.0,23638.0,22750,55146.0
198491,Edgecombe Community College,Tarboro,NC,1,1,41.0,0.0,1.0,0.0,0.0,0.0,0.0,0.0,0.0,0.0,,,,1397.0,2640.0,8784.0,15917,33267.0
198507,Elizabeth City State University,Elizabeth City,NC,3,1,32.0,1.0,0.0,0.0,0.0,0.0,0.0,0.0,0.0,0.0,,0.6422,1019.0,1975.0,6536.0,10536.0,21463,40026.0
198516,Elon University,Elon,NC,3,2,22.0,0.0,0.0,0.0,0.0,0.0,0.0,0.0,0.0,0.0,,0.6635,1208.0,6452.0,46958.0,46958.0,20500,74545.0
198534,Fayetteville Technical Community College,Fayetteville,NC,1,1,12.0,0.0,0.0,0.0,0.0,0.0,0.0,0.0,0.0,0.0,,,,9471.0,2628.0,8772.0,11500,31861.0
198543,Fayetteville State University,Fayetteville,NC,3,1,12.0,1.0,0.0,0.0,0.0,0.0,0.0,0.0,0.0,0.0,,0.8215,959.0,5762.0,4353.0,8353.0,22987,40144.0
198552,Forsyth Technical Community College,Winston-Salem,NC,2,1,11.0,0.0,0.0,0.0,0.0,0.0,0.0,0.0,0.0,0.0,,,,7113.0,2276.0,6884.0,10000,34139.0
198561,Gardner-Webb University,Boiling Springs,NC,3,2,42.0,0.0,0.0,0.0,0.0,0.0,0.0,0.0,0.0,0.0,75.0,0.7721,1113.0,1856.0,34760.0,34760.0,24222,48039.0
198570,Gaston College,Dallas,NC,1,1,22.0,0.0,0.0,0.0,0.0,0.0,0.0,0.0,0.0,0.0,,,,3518.0,3186.0,9330.0,PS,35386.0
198598,Greensboro College,Greensboro,NC,3,2,11.0,0.0,0.0,0.0,0.0,0.0,0.0,0.0,0.0,0.0,71.0,0.7014,,708.0,21000.0,21000.0,25607,46566.0
198613,Guilford College,Greensboro,NC,3,2,11.0,0.0,0.0,0.0,0.0,0.0,0.0,0.0,0.0,0.0,65.0,0.8,1105.0,1001.0,41362.0,41362.0,26000,47590.0
198622,Guilford Technical Community College,Jamestown,NC,2,1,21.0,0.0,0.0,0.0,0.0,0.0,0.0,0.0,0.0,0.0,,,,9260.0,2320.0,7696.0,14901,33934.0
198640,Halifax Community College,Weldon,NC,2,1,41.0,0.0,1.0,0.0,0.0,0.0,0.0,0.0,0.0,0.0,,,,723.0,2608.0,8752.0,PS,31644.0
198668,Haywood Community College,Clyde,NC,2,1,41.0,0.0,0.0,0.0,0.0,0.0,0.0,0.0,0.0,0.0,,,,849.0,2580.0,8724.0,PS,34770.0
198677,Heritage Bible College,Dunn,NC,3,2,41.0,0.0,0.0,0.0,0.0,0.0,0.0,0.0,0.0,0.0,79.0,,,22.0,8688.0,8688.0,PS,30672.0
198695,High Point University,High Point,NC,3,2,12.0,0.0,0.0,0.0,0.0,0.0,0.0,0.0,0.0,0.0,71.0,0.7531,1288.0,5129.0,45312.0,45312.0,24575,61389.0
198710,Isothermal Community College,Spindale,NC,1,1,32.0,0.0,0.0,0.0,0.0,0.0,0.0,0.0,0.0,0.0,,,,1169.0,2030.0,6638.0,PS,33325.0
198729,James Sprunt Community College,Kenansville,NC,1,1,42.0,0.0,0.0,0.0,0.0,0.0,1.0,0.0,0.0,0.0,,,,799.0,2592.0,8736.0,PS,29307.0
198756,Johnson C Smith University,Charlotte,NC,3,2,11.0,1.0,0.0,0.0,0.0,0.0,0.0,0.0,0.0,0.0,,0.4521,,1244.0,21300.0,21300.0,30000,42680.0
198774,Johnston Community College,Smithfield,NC,2,1,31.0,0.0,0.0,0.0,0.0,0.0,0.0,0.0,0.0,0.0,,,,3453.0,2756.0,8900.0,PS,37310.0
198808,Lees-McRae College,Banner Elk,NC,3,2,42.0,0.0,0.0,0.0,0.0,0.0,0.0,0.0,0.0,0.0,66.0,0.7678,,873.0,33250.0,33250.0,17375,43415.0
198817,Lenoir Community College,Kinston,NC,1,1,32.0,0.0,0.0,0.0,0.0,0.0,0.0,0.0,0.0,0.0,,,,1469.0,2578.0,8722.0,PS,33866.0
198835,Lenoir-Rhyne University,Hickory,NC,3,2,13.0,0.0,0.0,0.0,0.0,0.0,0.0,0.0,0.0,0.0,39.0,0.8459,,1359.0,31900.0,31900.0,26000,45543.0
198844,Leons Beauty School Inc,Greensboro,NC,1,3,11.0,0.0,0.0,0.0,0.0,0.0,0.0,0.0,0.0,0.0,,,,102.0,,,PS,26958.0
198862,Livingstone College,Salisbury,NC,3,2,21.0,1.0,0.0,0.0,0.0,0.0,0.0,0.0,0.0,0.0,24.0,0.5925,,924.0,18296.0,18296.0,31125,32600.0
198871,Louisburg College,Louisburg,NC,2,2,42.0,0.0,0.0,0.0,0.0,0.0,0.0,0.0,0.0,0.0,71.0,0.5581,,402.0,24120.0,24120.0,12000,34818.0
198899,Mars Hill University,Mars Hill,NC,3,2,41.0,0.0,0.0,0.0,0.0,0.0,0.0,0.0,0.0,0.0,,0.679,,1044.0,37736.0,37736.0,26000,44781.0
198905,Martin Community College,Williamston,NC,1,1,32.0,0.0,0.0,0.0,0.0,0.0,0.0,0.0,0.0,0.0,,,,313.0,2523.0,8667.0,PS,26016.0
198914,Mayland Community College,Spruce Pine,NC,2,1,42.0,0.0,0.0,0.0,0.0,0.0,0.0,0.0,0.0,0.0,,,,362.0,2626.0,8770.0,PS,34663.0
198923,McDowell Technical Community College,Marion,NC,2,1,41.0,0.0,0.0,0.0,0.0,0.0,0.0,0.0,0.0,0.0,,,,608.0,2032.0,6640.0,PS,33035.0
198950,Meredith College,Raleigh,NC,3,2,11.0,0.0,0.0,0.0,0.0,0.0,0.0,0.0,0.0,1.0,,0.7418,1204.0,1188.0,45630.0,45630.0,25000,51539.0
198969,Methodist University,Fayetteville,NC,3,2,12.0,0.0,0.0,0.0,0.0,0.0,0.0,0.0,0.0,0.0,71.0,0.7514,1182.0,1448.0,41250.0,41250.0,27000,48050.0
198987,Mitchell Community College,Statesville,NC,2,1,31.0,0.0,0.0,0.0,0.0,0.0,0.0,0.0,0.0,0.0,,,,1948.0,2641.0,8785.0,PS,33298.0
199023,Montgomery Community College,Troy,NC,1,1,42.0,0.0,0.0,0.0,0.0,0.0,1.0,0.0,0.0,0.0,,,,852.0,2538.0,8682.0,PS,32742.0
199032,Montreat College,Montreat,NC,3,2,21.0,0.0,0.0,0.0,0.0,0.0,0.0,0.0,0.0,0.0,42.0,0.692,,762.0,36450.0,36450.0,25813,45151.0
199069,University of Mount Olive,Mount Olive,NC,3,2,42.0,0.0,0.0,0.0,0.0,0.0,0.0,0.0,0.0,0.0,100.0,0.7575,1050.0,1796.0,27366.0,27366.0,27209,47139.0
199078,College of Wilmington,Wilmington,NC,1,3,12.0,0.0,0.0,0.0,0.0,0.0,0.0,0.0,0.0,0.0,,,,132.0,,,9423,19235.0
199087,Nash Community College,Rocky Mount,NC,1,1,41.0,0.0,0.0,0.0,0.0,0.0,0.0,0.0,0.0,0.0,,,,1689.0,2866.0,8866.0,11500,34912.0
199102,North Carolina A & T State University,Greensboro,NC,3,1,11.0,1.0,0.0,0.0,0.0,0.0,0.0,0.0,0.0,0.0,,0.499,1074.0,12182.0,6813.0,20673.0,27000,44440.0
199111,University of North Carolina Asheville,Asheville,NC,3,1,13.0,0.0,0.0,0.0,0.0,0.0,0.0,0.0,0.0,0.0,,0.9192,1251.0,2910.0,7501.0,24849.0,20500,44030.0
199120,University of North Carolina at Chapel Hill,Chapel Hill,NC,3,1,13.0,0.0,0.0,0.0,0.0,0.0,0.0,0.0,0.0,0.0,,0.1534,1439.0,20752.0,8994.0,41203.0,14000,72200.0
199139,University of North Carolina at Charlotte,Charlotte,NC,3,1,11.0,0.0,0.0,0.0,0.0,0.0,0.0,0.0,0.0,0.0,,0.796,1231.0,24453.0,7239.0,22492.0,21500,57289.0
199148,University of North Carolina at Greensboro,Greensboro,NC,3,1,11.0,0.0,0.0,0.0,0.0,0.0,0.0,0.0,0.0,0.0,,0.8851,1193.0,14062.0,7661.0,24012.0,22858,48160.0
199157,North Carolina Central University,Durham,NC,3,1,11.0,1.0,0.0,0.0,0.0,0.0,0.0,0.0,0.0,0.0,,0.8696,1050.0,6081.0,6699.0,19735.0,28250,42968.0
199184,University of North Carolina School of the Arts,Winston Salem,NC,3,1,11.0,0.0,0.0,0.0,0.0,0.0,0.0,0.0,0.0,0.0,,0.2997,1260.0,945.0,9477.0,27211.0,23870,38357.0
199193,North Carolina State University at Raleigh,Raleigh,NC,3,1,11.0,0.0,0.0,0.0,0.0,0.0,0.0,0.0,0.0,0.0,,0.4174,1376.0,27371.0,8799.0,32847.0,20121,68758.0
199209,North Carolina Wesleyan University,Rocky Mount,NC,3,2,13.0,0.0,1.0,0.0,0.0,0.0,0.0,0.0,0.0,0.0,71.0,0.8023,,1214.0,35736.0,35736.0,25000,45873.0
199218,University of North Carolina Wilmington,Wilmington,NC,3,1,12.0,0.0,0.0,0.0,0.0,0.0,0.0,0.0,0.0,0.0,,0.6424,1287.0,14922.0,7277.0,24152.0,19500,54967.0
199263,Pamlico Community College,Grantsboro,NC,1,1,42.0,0.0,0.0,0.0,0.0,0.0,0.0,0.0,0.0,0.0,,,,165.0,1867.0,6475.0,PS,30005.0
199272,William Peace University,Raleigh,NC,3,2,11.0,0.0,0.0,0.0,0.0,0.0,0.0,0.0,0.0,0.0,66.0,0.9425,1170.0,666.0,34176.0,34176.0,22250,46643.0
199281,University of North Carolina at Pembroke,Pembroke,NC,3,1,32.0,0.0,0.0,0.0,0.0,0.0,0.0,1.0,0.0,0.0,,0.9326,1056.0,5330.0,3648.0,7648.0,25000,43407.0
199306,Pfeiffer University,Misenheimer,NC,3,2,41.0,0.0,0.0,0.0,0.0,0.0,0.0,0.0,0.0,0.0,71.0,0.9603,,655.0,35070.0,35070.0,26163,51562.0
199324,Piedmont Community College,Roxboro,NC,1,1,41.0,0.0,0.0,0.0,0.0,0.0,0.0,0.0,0.0,0.0,,,,457.0,2556.0,8700.0,PS,33274.0
199333,Pitt Community College,Winterville,NC,1,1,22.0,0.0,0.0,0.0,0.0,0.0,0.0,0.0,0.0,0.0,,,,5317.0,2580.0,8724.0,11977,37259.0
199412,Queens University of Charlotte,Charlotte,NC,3,2,11.0,0.0,0.0,0.0,0.0,0.0,0.0,0.0,0.0,0.0,66.0,0.6208,1206.0,1211.0,45846.0,45846.0,25000,57673.0
199421,Randolph Community College,Asheboro,NC,1,1,32.0,0.0,0.0,0.0,0.0,0.0,0.0,0.0,0.0,0.0,,,,1417.0,2416.0,8176.0,PS,33336.0
199449,Richmond Community College,Hamlet,NC,1,1,32.0,0.0,0.0,0.0,0.0,0.0,0.0,1.0,0.0,0.0,,,,1352.0,1956.0,6564.0,PS,29951.0
199458,Mid-Atlantic Christian University,Elizabeth City,NC,3,2,32.0,0.0,0.0,0.0,0.0,0.0,0.0,0.0,0.0,0.0,48.0,0.6216,1000.0,132.0,17280.0,17280.0,27000,38342.0
199467,Roanoke-Chowan Community College,Ahoskie,NC,2,1,41.0,0.0,0.0,0.0,0.0,0.0,0.0,0.0,0.0,0.0,,,,309.0,2642.0,8786.0,PS,29324.0
199476,Robeson Community College,Lumberton,NC,2,1,32.0,0.0,0.0,0.0,0.0,0.0,0.0,1.0,0.0,0.0,,,,1551.0,2581.0,8725.0,PS,29036.0
199485,Rockingham Community College,Wentworth,NC,2,1,41.0,0.0,0.0,0.0,0.0,0.0,0.0,0.0,0.0,0.0,,,,1065.0,1966.0,6574.0,PS,32480.0
199494,Rowan-Cabarrus Community College,Salisbury,NC,1,1,21.0,0.0,0.0,0.0,0.0,0.0,0.0,0.0,0.0,0.0,,,,4164.0,2064.0,6672.0,9458,34936.0
199582,Saint Augustine's University,Raleigh,NC,3,2,11.0,1.0,0.0,0.0,0.0,0.0,0.0,0.0,0.0,0.0,73.0,0.338,,172.0,16896.0,16896.0,29669,35730.0
199607,Salem College,Winston-Salem,NC,3,2,11.0,0.0,0.0,0.0,0.0,0.0,0.0,0.0,0.0,1.0,,0.7667,1082.0,423.0,33848.0,33848.0,26649,44640.0
199625,Sampson Community College,Clinton,NC,1,1,32.0,0.0,0.0,0.0,0.0,0.0,1.0,0.0,0.0,0.0,,,,846.0,2877.0,9789.0,PS,33409.0
199634,Sandhills Community College,Pinehurst,NC,2,1,41.0,0.0,0.0,0.0,0.0,0.0,0.0,0.0,0.0,0.0,,,,2539.0,2040.0,6648.0,PS,31656.0
199643,Shaw University,Raleigh,NC,3,2,11.0,1.0,0.0,0.0,0.0,0.0,0.0,0.0,0.0,0.0,54.0,0.8016,,875.0,17538.0,17538.0,32500,34409.0
199689,Paul Mitchell the School-Fayetteville,Fayetteville,NC,1,3,12.0,0.0,0.0,0.0,0.0,0.0,0.0,0.0,0.0,0.0,,,,149.0,,,11740,26696.0
199722,Southeastern Community College,Whiteville,NC,2,1,42.0,0.0,0.0,0.0,0.0,0.0,0.0,0.0,0.0,0.0,,,,820.0,2600.0,8744.0,PS,30284.0
199731,Southwestern Community College,Sylva,NC,2,1,32.0,0.0,0.0,0.0,0.0,0.0,0.0,0.0,0.0,0.0,,,,1249.0,4112.0,13184.0,10500,34145.0
199740,Stanly Community College,Albemarle,NC,1,1,32.0,0.0,0.0,0.0,0.0,0.0,0.0,0.0,0.0,0.0,,,,1465.0,2672.0,8816.0,PS,36686.0
199759,Southeastern Baptist Theological Seminary,Wake Forest,NC,3,2,21.0,0.0,0.0,0.0,0.0,0.0,0.0,0.0,0.0,0.0,75.0,0.7463,1127.0,585.0,11318.0,11318.0,PS,
199768,Surry Community College,Dobson,NC,1,1,42.0,0.0,0.0,0.0,0.0,0.0,0.0,0.0,0.0,0.0,,,,1475.0,2668.0,8812.0,PS,36012.0
199786,Alamance Community College,Graham,NC,1,1,22.0,0.0,0.0,0.0,0.0,0.0,0.0,0.0,0.0,0.0,,,,3080.0,2592.0,8736.0,PS,34241.0
199795,Tri-County Community College,Murphy,NC,2,1,43.0,0.0,0.0,0.0,0.0,0.0,0.0,0.0,0.0,0.0,,,,472.0,2636.0,8780.0,PS,32232.0
199838,Vance-Granville Community College,Henderson,NC,2,1,32.0,0.0,0.0,0.0,0.0,0.0,0.0,0.0,0.0,0.0,,,,1665.0,1944.0,6552.0,PS,34304.0
199847,Wake Forest University,Winston-Salem,NC,3,2,11.0,0.0,0.0,0.0,0.0,0.0,0.0,0.0,0.0,0.0,,0.2167,1475.0,5485.0,67642.0,67642.0,21500,78158.0
199856,Wake Technical Community College,Raleigh,NC,1,1,21.0,0.0,0.0,0.0,0.0,0.0,0.0,0.0,0.0,0.0,,,,19675.0,2254.0,6862.0,12000,41769.0
199865,Warren Wilson College,Swannanoa,NC,3,2,41.0,0.0,0.0,0.0,0.0,0.0,0.0,0.0,0.0,0.0,,0.7134,1350.0,707.0,41500.0,41500.0,25000,36260.0
199883,Watts College of Nursing,Durham,NC,3,2,11.0,0.0,0.0,0.0,0.0,0.0,0.0,0.0,0.0,0.0,,,,124.0,,,PS,
199892,Wayne Community College,Goldsboro,NC,1,1,13.0,0.0,0.0,0.0,0.0,0.0,0.0,0.0,0.0,0.0,,,,2739.0,2566.0,8710.0,6500,34148.0
199908,Western Piedmont Community College,Morganton,NC,2,1,13.0,0.0,0.0,0.0,0.0,0.0,0.0,0.0,0.0,0.0,,,,1339.0,2650.0,8794.0,PS,34195.0
199926,Wilkes Community College,Wilkesboro,NC,1,1,32.0,0.0,0.0,0.0,0.0,0.0,0.0,0.0,0.0,0.0,,,,1355.0,2572.0,8716.0,7625,34728.0
199953,Wilson Community College,Wilson,NC,2,1,31.0,0.0,0.0,0.0,0.0,0.0,0.0,0.0,0.0,0.0,,,,1373.0,2572.0,8716.0,10500,32973.0
199962,Wingate University,Wingate,NC,3,2,21.0,0.0,0.0,0.0,0.0,0.0,0.0,0.0,0.0,0.0,,0.9113,1111.0,2668.0,41636.0,41636.0,25000,52649.0
199971,Carolina Christian College,Winston Salem,NC,3,2,11.0,0.0,0.0,0.0,0.0,0.0,0.0,0.0,0.0,0.0,74.0,,,52.0,9970.0,9970.0,PS,40672.0
199980,Winston Salem Barber School,Winston-Salem,NC,1,3,11.0,0.0,0.0,0.0,0.0,0.0,0.0,0.0,0.0,0.0,,,,29.0,,,PS,16389.0
199999,Winston-Salem State University,Winston-Salem,NC,3,1,11.0,1.0,0.0,0.0,0.0,0.0,0.0,0.0,0.0,0.0,,0.7826,945.0,4170.0,6126.0,16782.0,25000,45344.0
200004,Western Carolina University,Cullowhee,NC,3,1,32.0,0.0,0.0,0.0,0.0,0.0,0.0,0.0,0.0,0.0,,0.8183,1157.0,10024.0,4630.0,8630.0,21868,49458.0
200013,Rasmussen University-North Dakota,Fargo,ND,2,3,12.0,0.0,0.0,0.0,0.0,0.0,0.0,0.0,0.0,0.0,,,,52.0,13957.0,13957.0,20899,39080.0
200022,Bismarck State College,Bismarck,ND,2,1,13.0,0.0,0.0,0.0,0.0,0.0,0.0,0.0,0.0,0.0,,,,2839.0,5247.0,7331.0,11533,54277.0
200059,Dickinson State University,Dickinson,ND,3,1,33.0,0.0,0.0,0.0,0.0,0.0,0.0,0.0,0.0,0.0,,0.3702,,1090.0,9118.0,9118.0,18442,50720.0
200086,Nueta Hidatsa Sahnish College,New Town,ND,2,1,43.0,0.0,0.0,0.0,1.0,0.0,0.0,0.0,0.0,0.0,,,,161.0,3870.0,3870.0,PS,
200110,Josef's School of Hair Skin & Body-Grand Forks,Grand Forks,ND,1,3,13.0,0.0,0.0,0.0,0.0,0.0,0.0,0.0,0.0,0.0,,,,61.0,,,7917,27987.0
200156,University of Jamestown,Jamestown,ND,3,2,33.0,0.0,0.0,0.0,0.0,0.0,0.0,0.0,0.0,0.0,66.0,0.8808,,1041.0,24990.0,24990.0,27000,56621.0
200192,Lake Region State College,Devils Lake,ND,2,1,33.0,0.0,0.0,0.0,0.0,0.0,0.0,0.0,0.0,0.0,,,,611.0,5520.0,5520.0,10293,49502.0
200208,Cankdeska Cikana Community College,Fort Totten,ND,2,1,42.0,0.0,0.0,0.0,1.0,0.0,0.0,0.0,0.0,0.0,,,,222.0,3950.0,3950.0,PS,17008.0
200217,University of Mary,Bismarck,ND,3,2,41.0,0.0,0.0,0.0,0.0,0.0,0.0,0.0,0.0,0.0,30.0,0.753,1159.0,2416.0,22356.0,22356.0,24000,60909.0
200226,Mayville State University,Mayville,ND,3,1,43.0,0.0,0.0,0.0,0.0,0.0,0.0,0.0,0.0,0.0,,,,733.0,7979.0,11237.0,18585,47828.0
200253,Minot State University,Minot,ND,3,1,13.0,0.0,0.0,0.0,0.0,0.0,0.0,0.0,0.0,0.0,,0.6462,1051.0,2062.0,8702.0,8702.0,19609,51759.0
200280,University of North Dakota,Grand Forks,ND,3,1,13.0,0.0,0.0,0.0,0.0,0.0,0.0,0.0,0.0,0.0,,0.769,,9981.0,10951.0,15570.0,22057,63552.0
200305,North Dakota State College of Science,Wahpeton,ND,2,1,33.0,0.0,0.0,0.0,0.0,0.0,0.0,0.0,0.0,0.0,,,,1909.0,5974.0,6973.0,12000,50513.0
200314,Dakota College at Bottineau,Bottineau,ND,2,1,43.0,0.0,0.0,0.0,0.0,0.0,0.0,0.0,0.0,0.0,,,,399.0,5388.0,6294.0,10507,40576.0
200332,North Dakota State University-Main Campus,Fargo,ND,3,1,12.0,0.0,0.0,0.0,0.0,0.0,0.0,0.0,0.0,0.0,,0.9496,1150.0,9471.0,11110.0,15764.0,23199,62203.0
200341,Williston State College,Williston,ND,2,1,33.0,0.0,0.0,0.0,0.0,0.0,0.0,0.0,0.0,0.0,,,,651.0,6128.0,6128.0,10099,44017.0
200466,Sitting Bull College,Fort Yates,ND,2,1,43.0,0.0,0.0,0.0,1.0,0.0,0.0,0.0,0.0,0.0,,,,257.0,4010.0,4010.0,PS,28488.0
200484,Trinity Bible College and Graduate School,Ellendale,ND,3,2,43.0,0.0,0.0,0.0,0.0,0.0,0.0,0.0,0.0,0.0,27.0,0.2575,,141.0,19700.0,19700.0,22531,35604.0
200527,Turtle Mountain College,Belcourt,ND,1,2,43.0,0.0,0.0,0.0,1.0,0.0,0.0,0.0,0.0,0.0,,,,543.0,2794.0,2794.0,PS,32079.0
200554,United Tribes Technical College,Bismarck,ND,2,2,23.0,0.0,0.0,0.0,1.0,0.0,0.0,0.0,0.0,0.0,,,,569.0,4632.0,4632.0,PS,25292.0
200572,Valley City State University,Valley City,ND,3,1,33.0,0.0,0.0,0.0,0.0,0.0,0.0,0.0,0.0,0.0,,0.9907,1041.0,958.0,8514.0,13544.0,20369,52725.0
200590,ETI Technical College of Niles,Niles,OH,1,3,21.0,0.0,0.0,0.0,0.0,0.0,0.0,0.0,0.0,0.0,,,,179.0,11350.0,11350.0,13805,34017.0
200697,Air Force Institute of Technology-Graduate School of Engineering & Management,Wright-Patterson AFB,OH,4,1,21.0,0.0,0.0,0.0,0.0,0.0,0.0,0.0,0.0,0.0,,,,,,,,
200785,Herzing University-Akron,Akron,OH,2,2,21.0,0.0,0.0,0.0,0.0,0.0,0.0,0.0,0.0,0.0,,0.9457,,391.0,13450.0,13450.0,21500,36909.0
200800,University of Akron Main Campus,Akron,OH,3,1,12.0,0.0,0.0,0.0,0.0,0.0,0.0,0.0,0.0,0.0,,0.5967,1081.0,9052.0,13135.0,20815.0,23250,46600.0
200846,University of Akron Wayne College,Orrville,OH,3,1,41.0,0.0,0.0,0.0,0.0,0.0,0.0,0.0,0.0,0.0,,0.8992,1040.0,457.0,7723.0,15403.0,23250,46600.0
200873,Allegheny Wesleyan College,Salem,OH,3,2,41.0,0.0,0.0,0.0,0.0,0.0,0.0,0.0,0.0,0.0,79.0,,,46.0,6800.0,6800.0,PS,37453.0
201034,Apollo Career Center,Lima,OH,1,1,23.0,0.0,0.0,0.0,0.0,0.0,0.0,0.0,0.0,0.0,,,,574.0,,,8107,43101.0
201061,Art Academy of Cincinnati,Cincinnati,OH,3,2,11.0,0.0,0.0,0.0,0.0,0.0,0.0,0.0,0.0,0.0,,0.3449,,205.0,41375.0,41375.0,27000,34368.0
201098,Ashland County-West Holmes Career Center,Ashland,OH,1,1,42.0,0.0,0.0,0.0,0.0,0.0,0.0,0.0,0.0,0.0,,,,41.0,,,PS,31791.0
201104,Ashland University,Ashland,OH,3,2,31.0,0.0,0.0,0.0,0.0,0.0,0.0,0.0,0.0,0.0,28.0,0.764,1120.0,2199.0,31210.0,31210.0,25000,52928.0
201131,Ashtabula County Technical and Career Campus,Jefferson,OH,1,1,42.0,0.0,0.0,0.0,0.0,0.0,0.0,0.0,0.0,0.0,,,,103.0,,,PS,42163.0
201140,Athenaeum of Ohio,Cincinnati,OH,1,2,11.0,0.0,0.0,0.0,0.0,0.0,0.0,0.0,0.0,0.0,30.0,,,36.0,,,,
201159,Auburn Career Center,Concord Twp,OH,1,1,21.0,0.0,0.0,0.0,0.0,0.0,0.0,0.0,0.0,0.0,,,,292.0,,,6365,37032.0
201177,Aultman College of Nursing and Health Sciences,Canton,OH,2,2,13.0,0.0,0.0,0.0,0.0,0.0,0.0,0.0,0.0,0.0,,0.4588,1020.0,280.0,20230.0,20230.0,20000,63582.0
201195,Baldwin Wallace University,Berea,OH,3,2,21.0,0.0,0.0,0.0,0.0,0.0,0.0,0.0,0.0,0.0,,0.757,1194.0,2842.0,39832.0,39832.0,27000,54122.0
201283,Belmont College,St Clairsville,OH,2,1,41.0,0.0,0.0,0.0,0.0,0.0,0.0,0.0,0.0,0.0,,,,600.0,4698.0,7200.0,8747,35329.0
201371,Bluffton University,Bluffton,OH,3,2,42.0,0.0,0.0,0.0,0.0,0.0,0.0,0.0,0.0,0.0,69.0,0.6723,976.0,582.0,37362.0,37362.0,27000,49547.0
201432,Bowling Green State University-Firelands,Huron,OH,2,1,41.0,0.0,0.0,0.0,0.0,0.0,0.0,0.0,0.0,0.0,,,,1251.0,6407.0,14395.0,25000,47896.0
201441,Bowling Green State University-Main Campus,Bowling Green,OH,3,1,31.0,0.0,0.0,0.0,0.0,0.0,0.0,0.0,0.0,0.0,,0.8096,1117.0,12812.0,14460.0,22448.0,25000,47896.0
201469,Bryant & Stratton College-Parma,Parma,OH,2,2,21.0,0.0,0.0,0.0,0.0,0.0,0.0,0.0,0.0,0.0,,,,624.0,19580.0,19580.0,21549,32568.0
201478,Buckeye Hills Career Center,Rio Grande,OH,1,1,42.0,0.0,0.0,0.0,0.0,0.0,0.0,0.0,0.0,0.0,,,,122.0,,,8250,40264.0
201496,Butler Technology and Career Development Schools,Monroe,OH,1,1,23.0,0.0,0.0,0.0,0.0,0.0,0.0,0.0,0.0,0.0,,,,596.0,,,6396,56645.0
201539,Canton City Schools Adult Career and Technical Education,Canton,OH,1,1,13.0,0.0,0.0,0.0,0.0,0.0,0.0,0.0,0.0,0.0,,0.625,,88.0,,,9500,42134.0
201548,Capital University,Columbus,OH,3,2,21.0,0.0,0.0,0.0,0.0,0.0,0.0,0.0,0.0,0.0,39.0,0.7022,1068.0,1585.0,43234.0,43234.0,26889,54143.0
201645,Case Western Reserve University,Cleveland,OH,3,2,11.0,0.0,0.0,0.0,0.0,0.0,0.0,0.0,0.0,0.0,,0.3654,1513.0,6437.0,66608.0,66608.0,24000,87989.0
201654,Cedarville University,Cedarville,OH,3,2,42.0,0.0,0.0,0.0,0.0,0.0,0.0,0.0,0.0,0.0,54.0,0.6529,1241.0,4024.0,37150.0,37150.0,20937,55443.0
201672,Central Ohio Technical College,Newark,OH,2,1,23.0,0.0,0.0,0.0,0.0,0.0,0.0,0.0,0.0,0.0,,,,1941.0,5256.0,8016.0,12072,39168.0
201681,Central School of Practical Nursing,Independence,OH,1,2,21.0,0.0,0.0,0.0,0.0,0.0,0.0,0.0,0.0,0.0,,,,97.0,,,9500,50672.0
201690,Central State University,Wilberforce,OH,3,1,41.0,1.0,0.0,0.0,0.0,0.0,0.0,0.0,0.0,0.0,,0.9861,,2620.0,8058.0,10058.0,30739,33267.0
201803,Choffin Career  and Technical Center,Youngstown,OH,1,1,13.0,0.0,0.0,0.0,0.0,0.0,0.0,0.0,0.0,0.0,,1.0,,50.0,14415.0,14415.0,5500,34654.0
201821,The Christ College of Nursing and Health Sciences,Cincinnati,OH,3,2,11.0,0.0,0.0,0.0,0.0,0.0,0.0,0.0,0.0,0.0,,0.5894,1090.0,713.0,16836.0,16836.0,24250,68303.0
201867,Cincinnati College of Mortuary Science,Cincinnati,OH,3,2,21.0,0.0,0.0,0.0,0.0,0.0,0.0,0.0,0.0,0.0,,,,107.0,,,15000,55695.0
201885,University of Cincinnati-Main Campus,Cincinnati,OH,3,1,11.0,0.0,0.0,0.0,0.0,0.0,0.0,0.0,0.0,0.0,,0.8529,1282.0,29882.0,13976.0,29310.0,21250,54810.0
201928,Cincinnati State Technical and Community College,Cincinnati,OH,1,1,11.0,0.0,0.0,0.0,0.0,0.0,0.0,0.0,0.0,0.0,,,,5667.0,5517.0,10044.0,14715,40137.0
201946,University of Cincinnati-Clermont College,Batavia,OH,2,1,21.0,0.0,0.0,0.0,0.0,0.0,0.0,0.0,0.0,0.0,,,,3019.0,6750.0,13982.0,21250,54810.0
201955,University of Cincinnati-Blue Ash College,Blue Ash,OH,2,1,21.0,0.0,0.0,0.0,0.0,0.0,0.0,0.0,0.0,0.0,,,,4354.0,7200.0,15998.0,21250,54810.0
201964,Ohio Christian University,Circleville,OH,3,2,41.0,0.0,0.0,0.0,0.0,0.0,0.0,0.0,0.0,0.0,79.0,0.3797,,862.0,24600.0,24600.0,29579,39813.0
201973,Clark State College,Springfield,OH,1,1,13.0,0.0,0.0,0.0,0.0,0.0,0.0,0.0,0.0,0.0,,,,3456.0,4393.0,8049.0,14490,39584.0
202046,Cleveland Institute of Art,Cleveland,OH,3,2,11.0,0.0,0.0,0.0,0.0,0.0,0.0,0.0,0.0,0.0,,0.6135,1193.0,539.0,49400.0,49400.0,27000,42509.0
202073,Cleveland Institute of Music,Cleveland,OH,3,2,11.0,0.0,0.0,0.0,0.0,0.0,0.0,0.0,0.0,0.0,,0.4731,,159.0,52880.0,52880.0,24968,32641.0
202134,Cleveland State University,Cleveland,OH,3,1,11.0,0.0,0.0,0.0,0.0,0.0,0.0,0.0,0.0,0.0,,0.913,,8969.0,12988.0,18510.0,21797,52131.0
202152,Columbiana County Career and Technical Center,Lisbon,OH,1,1,42.0,0.0,0.0,0.0,0.0,0.0,0.0,0.0,0.0,0.0,,,,144.0,,,12109,33552.0
202170,Columbus College of Art & Design,Columbus,OH,3,2,11.0,0.0,0.0,0.0,0.0,0.0,0.0,0.0,0.0,0.0,,0.6766,,882.0,40825.0,40825.0,27000,40664.0
202222,Columbus State Community College,Columbus,OH,1,1,11.0,0.0,0.0,0.0,0.0,0.0,0.0,0.0,0.0,0.0,,,,17549.0,5488.0,11224.0,8749,39435.0
202356,Cuyahoga Community College District,Cleveland,OH,1,1,11.0,0.0,0.0,0.0,0.0,0.0,0.0,0.0,0.0,0.0,,,,13382.0,3249.0,7249.0,8150,35654.0
202435,Davis College,Toledo,OH,1,3,11.0,0.0,0.0,0.0,0.0,0.0,0.0,0.0,0.0,0.0,,,,273.0,14130.0,14130.0,21277,31588.0
202453,Dayton Barber College,Miamisburg,OH,1,3,21.0,0.0,0.0,0.0,0.0,0.0,0.0,0.0,0.0,0.0,,,,74.0,,,PS,17789.0
202480,University of Dayton,Dayton,OH,3,2,12.0,0.0,0.0,0.0,0.0,0.0,0.0,0.0,0.0,0.0,30.0,0.6545,1335.0,7682.0,49140.0,49140.0,23250,75537.0
202514,Defiance College,Defiance,OH,3,2,32.0,0.0,0.0,0.0,0.0,0.0,0.0,0.0,0.0,0.0,76.0,0.4755,,499.0,29320.0,29320.0,26813,49351.0
202523,Denison University,Granville,OH,3,2,23.0,0.0,0.0,0.0,0.0,0.0,0.0,0.0,0.0,0.0,,0.1739,1410.0,2380.0,67000.0,67000.0,26000,67753.0
202648,Edison State Community College,Piqua,OH,1,1,41.0,0.0,0.0,0.0,0.0,0.0,0.0,0.0,0.0,0.0,,,,1302.0,4499.0,8346.0,16250,41360.0
202657,EHOVE Career Center,Milan,OH,1,1,41.0,0.0,0.0,0.0,0.0,0.0,0.0,0.0,0.0,0.0,,,,398.0,,,7672,40117.0
202763,The University of Findlay,Findlay,OH,3,2,32.0,0.0,0.0,0.0,0.0,0.0,0.0,0.0,0.0,0.0,57.0,0.8337,,2223.0,41164.0,41164.0,25439,56996.0
202806,Franklin University,Columbus,OH,3,2,11.0,0.0,0.0,0.0,0.0,0.0,0.0,0.0,0.0,0.0,,,,5562.0,9577.0,9577.0,20836,51892.0
202888,Gerbers Akron Beauty School,Akron,OH,1,3,12.0,0.0,0.0,0.0,0.0,0.0,0.0,0.0,0.0,0.0,,,,39.0,,,PS,20907.0
202903,Gods Bible School and College,Cincinnati,OH,2,2,11.0,0.0,0.0,0.0,0.0,0.0,0.0,0.0,0.0,0.0,79.0,0.7532,,281.0,7710.0,7710.0,4522,37722.0
202912,Good Samaritan College of Nursing and Health Science,Cincinnati,OH,2,2,11.0,0.0,0.0,0.0,0.0,0.0,0.0,0.0,0.0,0.0,30.0,0.4574,,690.0,15470.0,15470.0,20625,66111.0
202949,Great Oaks Career Campuses,Cincinnati,OH,1,1,21.0,0.0,0.0,0.0,0.0,0.0,0.0,0.0,0.0,0.0,,,,142.0,,,5500,55163.0
203030,Adult and Community Education-Hudson,Columbus,OH,1,1,11.0,0.0,0.0,0.0,0.0,0.0,0.0,0.0,0.0,0.0,,1.0,,67.0,,,14750,51551.0
203067,Hebrew Union College-Jewish Institute of Religion,New York,NY,4,2,11.0,0.0,0.0,0.0,0.0,0.0,0.0,0.0,0.0,0.0,80.0,,,,,,PS,
203085,Heidelberg University,Tiffin,OH,3,2,32.0,0.0,0.0,0.0,0.0,0.0,0.0,0.0,0.0,0.0,76.0,0.8579,,915.0,33650.0,33650.0,27000,48466.0
203128,Hiram College,Hiram,OH,3,2,42.0,0.0,0.0,0.0,0.0,0.0,0.0,0.0,0.0,0.0,,0.9353,,777.0,27600.0,27600.0,27000,54311.0
203146,Hobart Institute of Welding Technology,Troy,OH,1,2,31.0,0.0,0.0,0.0,0.0,0.0,0.0,0.0,0.0,0.0,,,,356.0,,,5500,60955.0
203155,Hocking College,Nelsonville,OH,2,1,41.0,0.0,0.0,0.0,0.0,0.0,0.0,0.0,0.0,0.0,,,,1311.0,5540.0,10290.0,11584,37791.0
203234,Ross Medical Education Center-Cincinnati,Cincinnati,OH,1,3,21.0,0.0,0.0,0.0,0.0,0.0,0.0,0.0,0.0,0.0,,,,129.0,,,9500,33079.0
203368,John Carroll University,University Heights,OH,3,2,21.0,0.0,0.0,0.0,0.0,0.0,0.0,0.0,0.0,0.0,30.0,0.809,1298.0,2274.0,50500.0,50500.0,26000,62860.0
203386,Hondros College of Nursing,Columbus,OH,1,3,11.0,0.0,0.0,0.0,0.0,0.0,0.0,0.0,0.0,0.0,,0.8529,,3857.0,14817.0,14817.0,15833,58636.0
203438,Casal Aveda Institute,Niles,OH,1,3,21.0,0.0,0.0,0.0,0.0,0.0,0.0,0.0,0.0,0.0,,,,102.0,,,7917,22453.0
203447,Kent State University at Ashtabula,Ashtabula,OH,2,1,32.0,0.0,0.0,0.0,0.0,0.0,0.0,0.0,0.0,0.0,,,,1290.0,7492.0,17342.0,24500,45388.0
203456,Kent State University at East Liverpool,East Liverpool,OH,2,1,31.0,0.0,0.0,0.0,0.0,0.0,0.0,0.0,0.0,0.0,,,,797.0,7492.0,17342.0,24500,45388.0
203465,Kent State University at Stark,North Canton,OH,2,1,21.0,0.0,0.0,0.0,0.0,0.0,0.0,0.0,0.0,0.0,,,,2692.0,7492.0,17342.0,24500,45388.0
203474,Kent State University at Trumbull,Warren,OH,2,1,41.0,0.0,0.0,0.0,0.0,0.0,0.0,0.0,0.0,0.0,,,,1629.0,7492.0,17342.0,24500,45388.0
203483,Kent State University at Tuscarawas,New Philadelphia,OH,2,1,32.0,0.0,0.0,0.0,0.0,0.0,0.0,0.0,0.0,0.0,,,,1654.0,7492.0,17342.0,24500,45388.0
203492,Kent State University at Salem,Salem,OH,2,1,41.0,0.0,0.0,0.0,0.0,0.0,0.0,0.0,0.0,0.0,,,,1164.0,7492.0,17342.0,24500,45388.0
203517,Kent State University at Kent,Kent,OH,3,1,21.0,0.0,0.0,0.0,0.0,0.0,0.0,0.0,0.0,0.0,,0.8634,1099.0,19320.0,13232.0,23082.0,24500,45388.0
203526,Kent State University at Geauga,Burton,OH,2,1,42.0,0.0,0.0,0.0,0.0,0.0,0.0,0.0,0.0,0.0,,,,1601.0,7492.0,17342.0,24500,45388.0
203535,Kenyon College,Gambier,OH,3,2,41.0,0.0,0.0,0.0,0.0,0.0,0.0,0.0,0.0,0.0,,0.3103,1429.0,1732.0,71520.0,71520.0,18527,71830.0
203544,Kettering College,Kettering,OH,3,2,13.0,0.0,0.0,0.0,0.0,0.0,0.0,0.0,0.0,0.0,95.0,0.7654,1050.0,549.0,16320.0,16320.0,23500,67492.0
203580,Lake Erie College,Painesville,OH,3,2,21.0,0.0,0.0,0.0,0.0,0.0,0.0,0.0,0.0,0.0,,0.7036,,852.0,37634.0,37634.0,26000,50417.0
203599,Lakeland Community College,Kirtland,OH,2,1,21.0,0.0,0.0,0.0,0.0,0.0,0.0,0.0,0.0,0.0,,,,2773.0,3872.0,9235.0,14751,39612.0
203614,Collins Career Technical Center,Chesapeake,OH,1,1,41.0,0.0,0.0,0.0,0.0,0.0,0.0,0.0,0.0,0.0,,,,454.0,,,13887,47329.0
203678,James A. Rhodes State College,Lima,OH,1,1,41.0,0.0,0.0,0.0,0.0,0.0,0.0,0.0,0.0,0.0,,,,1590.0,4560.0,9120.0,12000,41855.0
203720,Ohio Business College-Sheffield,Sheffield Village,OH,1,3,22.0,0.0,0.0,0.0,0.0,0.0,0.0,0.0,0.0,0.0,,,,224.0,11534.0,11534.0,12416,30389.0
203748,Lorain County Community College,Elyria,OH,1,1,22.0,0.0,0.0,0.0,0.0,0.0,0.0,0.0,0.0,0.0,,,,5373.0,4265.0,8860.0,13680,38837.0
203757,Lourdes University,Sylvania,OH,3,2,21.0,0.0,0.0,0.0,0.0,0.0,0.0,0.0,0.0,0.0,30.0,0.7413,,543.0,29500.0,29500.0,27000,48150.0
203775,Malone University,Canton,OH,3,2,13.0,0.0,0.0,0.0,0.0,0.0,0.0,0.0,0.0,0.0,65.0,0.7586,1081.0,798.0,37160.0,37160.0,26289,48909.0
203845,Marietta College,Marietta,OH,3,2,31.0,0.0,0.0,0.0,0.0,0.0,0.0,0.0,0.0,0.0,,0.7931,1088.0,952.0,39652.0,39652.0,27000,57180.0
203881,Marion Technical College,Marion,OH,2,1,32.0,0.0,0.0,0.0,0.0,0.0,0.0,0.0,0.0,0.0,,,,1475.0,6595.0,11225.0,8300,41495.0
203942,Medina County Career Center,Medina,OH,1,1,41.0,0.0,0.0,0.0,0.0,0.0,0.0,0.0,0.0,0.0,,,,43.0,,,PS,41273.0
203960,Mercy College of Ohio,Toledo,OH,3,2,11.0,0.0,0.0,0.0,0.0,0.0,0.0,0.0,0.0,0.0,30.0,0.9322,947.0,939.0,19470.0,19470.0,20834,65409.0
203997,Methodist Theological School in Ohio,Delaware,OH,4,2,21.0,0.0,0.0,0.0,0.0,0.0,0.0,0.0,0.0,0.0,71.0,,,,,,PS,
204006,Miami University-Hamilton,Hamilton,OH,3,1,21.0,0.0,0.0,0.0,0.0,0.0,0.0,0.0,0.0,0.0,,,,2043.0,7491.0,19407.0,23000,55076.0
204015,Miami University-Middletown,Middletown,OH,3,1,23.0,0.0,0.0,0.0,0.0,0.0,0.0,0.0,0.0,0.0,,,,837.0,7491.0,19407.0,23000,55076.0
204024,Miami University-Oxford,Oxford,OH,3,1,31.0,0.0,0.0,0.0,0.0,0.0,0.0,0.0,0.0,0.0,,0.754,1317.0,16656.0,18161.0,41221.0,23000,55076.0
204121,Moler Hollywood Beauty Academy,Cincinnati,OH,1,3,11.0,0.0,0.0,0.0,0.0,0.0,0.0,0.0,0.0,0.0,,,,73.0,,,6333,17832.0
204176,Mount Carmel College of Nursing,Columbus,OH,3,2,11.0,0.0,0.0,0.0,0.0,0.0,0.0,0.0,0.0,0.0,30.0,0.8429,,532.0,22080.0,22080.0,22082,75103.0
204185,University of Mount Union,Alliance,OH,3,2,31.0,0.0,0.0,0.0,0.0,0.0,0.0,0.0,0.0,0.0,,0.782,1088.0,1995.0,36600.0,36600.0,27000,53217.0
204194,Mount Vernon Nazarene University,Mount Vernon,OH,3,2,32.0,0.0,0.0,0.0,0.0,0.0,0.0,0.0,0.0,0.0,59.0,0.8415,1131.0,1358.0,37158.0,37158.0,25000,49555.0
204200,Mount St. Joseph University,Cincinnati,OH,3,2,21.0,0.0,0.0,0.0,0.0,0.0,0.0,0.0,0.0,0.0,30.0,0.5912,1183.0,1129.0,38150.0,38150.0,26827,51509.0
204255,Zane State College,Zanesville,OH,2,1,32.0,0.0,0.0,0.0,0.0,0.0,0.0,0.0,0.0,0.0,,,,715.0,6006.0,11766.0,6834,35006.0
204264,Muskingum University,New Concord,OH,3,2,42.0,0.0,0.0,0.0,0.0,0.0,0.0,0.0,0.0,0.0,66.0,0.8184,1017.0,1376.0,32665.0,32665.0,25369,48440.0
204334,National Beauty College,Canton,OH,1,3,13.0,0.0,0.0,0.0,0.0,0.0,0.0,0.0,0.0,0.0,,,,172.0,,,6333,21091.0
204422,North Central State College,Mansfield,OH,2,1,41.0,0.0,0.0,0.0,0.0,0.0,0.0,0.0,0.0,0.0,,,,1273.0,4624.0,9103.0,8252,38158.0
204431,Northern Institute of Cosmetology,Lorain,OH,1,3,22.0,0.0,0.0,0.0,0.0,0.0,0.0,0.0,0.0,0.0,,,,57.0,,,PS,21904.0
204440,Northwest State Community College,Archbold,OH,2,1,42.0,0.0,0.0,0.0,0.0,0.0,0.0,0.0,0.0,0.0,,,,1115.0,4698.0,9170.0,9750,40004.0
204459,Toledo Public Schools Adult and Continuing Education,Toledo,OH,1,1,11.0,0.0,0.0,0.0,0.0,0.0,0.0,0.0,0.0,0.0,,,,33.0,,,8848,51691.0
204477,Northeast Ohio Medical University,Rootstown,OH,4,1,21.0,0.0,0.0,0.0,0.0,0.0,0.0,0.0,0.0,0.0,,,,,,,PS,
204486,University of Northwestern Ohio,Lima,OH,2,2,23.0,0.0,0.0,0.0,0.0,0.0,0.0,0.0,0.0,0.0,,,,2494.0,13875.0,13875.0,17084,50968.0
204501,Oberlin College,Oberlin,OH,3,2,31.0,0.0,0.0,0.0,0.0,0.0,0.0,0.0,0.0,0.0,,0.3418,1447.0,2887.0,67366.0,67366.0,26000,58343.0
204608,Ohio Technical College,Cleveland,OH,1,3,11.0,0.0,0.0,0.0,0.0,0.0,0.0,0.0,0.0,0.0,,,,683.0,,,12000,48450.0
204617,Ohio Dominican University,Columbus,OH,3,2,11.0,0.0,0.0,0.0,0.0,0.0,0.0,0.0,0.0,0.0,30.0,0.9423,,760.0,35720.0,35720.0,26000,51748.0
204635,Ohio Northern University,Ada,OH,3,2,31.0,0.0,0.0,0.0,0.0,0.0,0.0,0.0,0.0,0.0,71.0,0.744,1252.0,2489.0,39800.0,39800.0,27000,80928.0
204662,Ohio State University Agricultural Technical Institute,Wooster,OH,2,1,32.0,0.0,0.0,0.0,0.0,0.0,0.0,0.0,0.0,0.0,,,,464.0,9584.0,36362.0,19976,60409.0
204671,Ohio State University-Lima Campus,Lima,OH,3,1,41.0,0.0,0.0,0.0,0.0,0.0,0.0,0.0,0.0,0.0,,,,621.0,9488.0,36266.0,19976,60409.0
204680,Ohio State University-Mansfield Campus,Mansfield,OH,2,1,41.0,0.0,0.0,0.0,0.0,0.0,0.0,0.0,0.0,0.0,,,,736.0,9488.0,36266.0,19976,60409.0
204699,Ohio State University-Marion Campus,Marion,OH,2,1,32.0,0.0,0.0,0.0,0.0,0.0,0.0,0.0,0.0,0.0,,,,794.0,9488.0,36266.0,19976,60409.0
204705,Ohio State University-Newark Campus,Newark,OH,2,1,23.0,0.0,0.0,0.0,0.0,0.0,0.0,0.0,0.0,0.0,,,,2396.0,9488.0,36266.0,19976,60409.0
204714,Ohio State Beauty Academy,Lima,OH,1,3,23.0,0.0,0.0,0.0,0.0,0.0,0.0,0.0,0.0,0.0,,,,91.0,,,8498,25434.0
204723,Ohio State College of Barber Styling,Columbus,OH,1,3,21.0,0.0,0.0,0.0,0.0,0.0,0.0,0.0,0.0,0.0,,,,406.0,,,10061,18341.0
204769,The Spa School,Columbus,OH,1,3,11.0,0.0,0.0,0.0,0.0,0.0,0.0,0.0,0.0,0.0,,,,111.0,,,7916,26989.0
204778,Ohio State School of Cosmetology-Canal Winchester,CANAL WINCHESTER,OH,1,3,21.0,0.0,0.0,0.0,0.0,0.0,0.0,0.0,0.0,0.0,,,,57.0,,,9833,23131.0
204796,Ohio State University-Main Campus,Columbus,OH,3,1,11.0,0.0,0.0,0.0,0.0,0.0,0.0,0.0,0.0,0.0,,0.6057,1387.0,45638.0,13244.0,40022.0,19976,60409.0
204802,Ohio University-Eastern Campus,Saint Clairsville,OH,3,1,41.0,0.0,0.0,0.0,0.0,0.0,0.0,0.0,0.0,0.0,,,,298.0,6362.0,9444.0,21056,52581.0
204820,Ohio University-Chillicothe Campus,Chillicothe,OH,2,1,32.0,0.0,0.0,0.0,0.0,0.0,0.0,0.0,0.0,0.0,,,,833.0,6362.0,9444.0,21056,52581.0
204839,Ohio University-Southern Campus,Ironton,OH,2,1,22.0,0.0,0.0,0.0,0.0,0.0,0.0,0.0,0.0,0.0,,,,415.0,6362.0,9444.0,21056,52581.0
204848,Ohio University-Lancaster Campus,Lancaster,OH,3,1,41.0,0.0,0.0,0.0,0.0,0.0,0.0,0.0,0.0,0.0,,,,691.0,6362.0,9444.0,21056,52581.0
204857,Ohio University-Main Campus,Athens,OH,3,1,32.0,0.0,0.0,0.0,0.0,0.0,0.0,0.0,0.0,0.0,,0.8499,1212.0,19633.0,14158.0,24838.0,21056,52581.0
204866,Ohio University-Zanesville Campus,Zanesville,OH,2,1,32.0,0.0,0.0,0.0,0.0,0.0,0.0,0.0,0.0,0.0,,,,560.0,6362.0,9444.0,21056,52581.0
204884,East Ohio College,East Liverpool,OH,2,3,31.0,0.0,0.0,0.0,0.0,0.0,0.0,0.0,0.0,0.0,,,,118.0,14798.0,14798.0,12000,29342.0
204893,Trinity Health System School of Nursing,Steubenville,OH,1,2,13.0,0.0,0.0,0.0,0.0,0.0,0.0,0.0,0.0,0.0,30.0,1.0,,26.0,9619.0,10453.0,13625,71660.0
204909,Ohio Wesleyan University,Delaware,OH,3,2,21.0,0.0,0.0,0.0,0.0,0.0,0.0,0.0,0.0,0.0,71.0,0.556,,1516.0,53888.0,53888.0,27000,55624.0
204936,Otterbein University,Westerville,OH,3,2,21.0,0.0,0.0,0.0,0.0,0.0,0.0,0.0,0.0,0.0,71.0,0.8453,1220.0,2157.0,35548.0,35548.0,26000,53313.0
204945,Owens Community College,Perrysburg,OH,1,1,21.0,0.0,0.0,0.0,0.0,0.0,0.0,0.0,0.0,0.0,,,,4361.0,5870.0,10502.0,16667,37275.0
204963,Paramount Beauty Academy,Portsmouth,OH,1,3,32.0,0.0,0.0,0.0,0.0,0.0,0.0,0.0,0.0,0.0,,,,51.0,,,9833,21361.0
204981,Cuyahoga Valley Career Center,Brecksville,OH,1,1,21.0,0.0,0.0,0.0,0.0,0.0,0.0,0.0,0.0,0.0,,,,131.0,,,12964,47914.0
204990,Payne Theological Seminary,Wilberforce,OH,4,2,41.0,0.0,0.0,0.0,0.0,0.0,0.0,0.0,0.0,0.0,51.0,,,,,,PS,
205027,Pontifical College Josephinum,Columbus,OH,3,2,11.0,0.0,0.0,0.0,0.0,0.0,0.0,0.0,1.0,0.0,30.0,0.9583,,60.0,28691.0,28691.0,PS,
205054,Professional Skills Institute,Maumee,OH,2,3,21.0,0.0,0.0,0.0,0.0,0.0,0.0,0.0,0.0,0.0,,0.8312,,395.0,15884.0,15884.0,17813,47765.0
205090,Firelands Regional Medical Center School of Nursing,Sandusky,OH,1,2,13.0,0.0,0.0,0.0,0.0,0.0,0.0,0.0,0.0,0.0,,,,65.0,,,11750,68723.0
205124,Rabbinical College Telshe,Wickliffe,OH,3,2,21.0,0.0,0.0,0.0,0.0,0.0,0.0,0.0,1.0,0.0,80.0,0.8333,,50.0,18000.0,18000.0,PS,
205142,Raphael's School of Beauty Culture Inc-Niles,Niles,OH,1,3,21.0,0.0,0.0,0.0,0.0,0.0,0.0,0.0,0.0,0.0,,,,172.0,,,7538,21307.0
205179,Fortis College-Centerville,Centerville,OH,1,3,21.0,0.0,0.0,0.0,0.0,0.0,0.0,0.0,0.0,0.0,,,,547.0,14440.0,14440.0,13000,34726.0
205203,University of Rio Grande,Rio Grande,OH,2,2,42.0,0.0,0.0,0.0,0.0,0.0,0.0,0.0,0.0,0.0,,,,1400.0,20560.0,20560.0,17750,41478.0
205391,The Modern College of Design,Kettering,OH,2,3,13.0,0.0,0.0,0.0,0.0,0.0,0.0,0.0,0.0,0.0,,0.917,,211.0,31468.0,31468.0,12000,42187.0
205443,Shawnee State University,Portsmouth,OH,3,1,32.0,0.0,0.0,0.0,0.0,1.0,0.0,0.0,0.0,0.0,,,,2247.0,10626.0,17358.0,23000,39596.0
205470,Sinclair Community College,Dayton,OH,1,1,12.0,0.0,0.0,0.0,0.0,0.0,0.0,0.0,0.0,0.0,,,,13308.0,3675.0,8556.0,12000,37558.0
205841,Stark State College,North Canton,OH,1,1,21.0,0.0,0.0,0.0,0.0,0.0,0.0,0.0,0.0,0.0,,,,5749.0,4790.0,7886.0,13786,34661.0
205887,Stautzenberger College-Maumee,Maumee,OH,1,3,21.0,0.0,0.0,0.0,0.0,0.0,0.0,0.0,0.0,0.0,,,,586.0,16699.0,16699.0,14302,34104.0
205957,Franciscan University of Steubenville,Steubenville,OH,3,2,13.0,0.0,0.0,0.0,0.0,0.0,0.0,0.0,0.0,0.0,30.0,0.5836,1220.0,2901.0,34100.0,34100.0,23384,50030.0
205966,Southern State Community College,Hillsboro,OH,2,1,32.0,0.0,0.0,0.0,0.0,0.0,0.0,0.0,0.0,0.0,,,,761.0,5912.0,10818.0,11457,35463.0
206011,Terra State Community College,Fremont,OH,1,1,41.0,0.0,0.0,0.0,0.0,0.0,0.0,0.0,0.0,0.0,,,,1028.0,5748.0,8544.0,17500,36612.0
206039,Tiffin Academy of Hair Design,Tiffin,OH,1,3,32.0,0.0,0.0,0.0,0.0,0.0,0.0,0.0,0.0,0.0,,,,48.0,,,PS,25036.0
206048,Tiffin University,Tiffin,OH,3,2,32.0,0.0,0.0,0.0,0.0,0.0,0.0,0.0,0.0,0.0,,0.8005,986.0,2051.0,34790.0,34790.0,27000,35942.0
206084,University of Toledo,Toledo,OH,3,1,11.0,0.0,0.0,0.0,0.0,0.0,0.0,0.0,0.0,0.0,,0.9202,1235.0,9770.0,12744.0,22104.0,22250,50632.0
206154,Tri-State Bible College,South Point,OH,3,2,22.0,0.0,0.0,0.0,0.0,0.0,0.0,0.0,0.0,0.0,88.0,,,17.0,9100.0,9100.0,PS,31675.0
206172,Tri-County Adult Career Center,Nelsonville,OH,1,1,41.0,0.0,0.0,0.0,0.0,0.0,0.0,0.0,0.0,0.0,,,,7.0,,,PS,26129.0
206181,Tri-Rivers Career Center,Marion,OH,1,1,41.0,0.0,0.0,0.0,0.0,0.0,0.0,0.0,0.0,0.0,,,,151.0,,,10665,48707.0
206288,United Theological Seminary,Dayton,OH,4,2,21.0,0.0,0.0,0.0,0.0,0.0,0.0,0.0,0.0,0.0,71.0,,,,,,PS,
206321,Upper Valley Career Center,Piqua,OH,1,1,41.0,0.0,0.0,0.0,0.0,0.0,0.0,0.0,0.0,0.0,,,,131.0,,,8793,52170.0
206349,Ursuline College,Pepper Pike,OH,3,2,21.0,0.0,0.0,0.0,0.0,0.0,0.0,0.0,0.0,0.0,30.0,0.7493,1097.0,670.0,38990.0,38990.0,26250,56878.0
206437,Walsh University,North Canton,OH,3,2,21.0,0.0,0.0,0.0,0.0,0.0,0.0,0.0,0.0,0.0,30.0,0.7074,1193.0,1390.0,35745.0,35745.0,27000,59764.0
206446,Washington State College of Ohio,Marietta,OH,2,1,31.0,0.0,0.0,0.0,0.0,0.0,0.0,0.0,0.0,0.0,,,,1484.0,4128.0,4152.0,11000,37988.0
206491,Wilberforce University,Wilberforce,OH,3,2,41.0,1.0,0.0,0.0,0.0,0.0,0.0,0.0,0.0,0.0,51.0,0.405,,822.0,16448.0,16448.0,26468,38298.0
206507,Wilmington College,Wilmington,OH,3,2,32.0,0.0,0.0,0.0,0.0,0.0,0.0,0.0,0.0,0.0,65.0,0.924,1029.0,1006.0,32082.0,32082.0,24208,48491.0
206516,Winebrenner Theological Seminary,Findlay,OH,4,2,32.0,0.0,0.0,0.0,0.0,0.0,0.0,0.0,0.0,0.0,79.0,,,,,,PS,
206525,Wittenberg University,Springfield,OH,3,2,13.0,0.0,0.0,0.0,0.0,0.0,0.0,0.0,0.0,0.0,39.0,0.7235,1179.0,1215.0,45940.0,45940.0,27000,54947.0
206589,The College of Wooster,Wooster,OH,3,2,32.0,0.0,0.0,0.0,0.0,0.0,0.0,0.0,0.0,0.0,,0.5953,1353.0,1730.0,61640.0,61640.0,26500,59629.0
206604,Wright State University-Main Campus,Dayton,OH,3,1,21.0,0.0,0.0,0.0,0.0,0.0,0.0,0.0,0.0,0.0,,0.9633,,6762.0,11522.0,21222.0,22750,49500.0
206613,Wright State University-Lake Campus,Celina,OH,3,1,41.0,0.0,0.0,0.0,0.0,0.0,0.0,0.0,0.0,0.0,,,,892.0,7728.0,17428.0,22750,49500.0
206622,Xavier University,Cincinnati,OH,3,2,11.0,0.0,0.0,0.0,0.0,0.0,0.0,0.0,0.0,0.0,30.0,0.8641,1217.0,4207.0,50640.0,50640.0,23250,64873.0
206695,Youngstown State University,Youngstown,OH,3,1,13.0,0.0,0.0,0.0,0.0,0.0,0.0,0.0,0.0,0.0,,0.8445,1120.0,7961.0,11113.0,11473.0,24000,41544.0
206835,Oklahoma Wesleyan University,Bartlesville,OK,3,2,32.0,0.0,0.0,0.0,0.0,0.0,0.0,0.0,0.0,0.0,89.0,0.6617,,673.0,33550.0,33550.0,24813,59841.0
206862,Southern Nazarene University,Bethany,OK,3,2,21.0,0.0,0.0,0.0,0.0,0.0,0.0,0.0,0.0,0.0,59.0,,,1455.0,31190.0,31190.0,21900,54951.0
206905,Pontotoc Technology Center,Ada,OK,1,1,41.0,0.0,0.0,0.0,0.0,0.0,0.0,0.0,0.0,0.0,,,,72.0,,,PS,40955.0
206914,Cameron University,Lawton,OK,3,1,13.0,0.0,0.0,0.0,0.0,0.0,0.0,0.0,0.0,0.0,,,,2492.0,7095.0,16515.0,21500,40118.0
206923,Carl Albert State College,Poteau,OK,2,1,32.0,0.0,0.0,0.0,0.0,0.0,0.0,1.0,0.0,0.0,,,,1308.0,4380.0,9098.0,9362,34117.0
206932,Central Oklahoma College,Oklahoma City,OK,1,3,11.0,0.0,0.0,0.0,0.0,0.0,0.0,0.0,0.0,0.0,,,,477.0,,,7883,21213.0
206941,University of Central Oklahoma,Edmond,OK,3,1,21.0,0.0,0.0,0.0,0.0,0.0,0.0,0.0,0.0,0.0,,0.7812,1090.0,10170.0,8818.0,19704.0,21000,48351.0
206996,Connors State College,Warner,OK,1,1,43.0,0.0,0.0,0.0,0.0,0.0,0.0,1.0,0.0,0.0,,,,2076.0,3792.0,7530.0,11500,38469.0
207041,East Central University,Ada,OK,3,1,33.0,0.0,0.0,0.0,0.0,0.0,0.0,1.0,0.0,0.0,,0.5815,1049.0,2467.0,8032.0,17842.0,17671,44962.0
207050,Eastern Oklahoma State College,Wilburton,OK,2,1,43.0,0.0,0.0,0.0,0.0,0.0,0.0,1.0,0.0,0.0,,,,964.0,4947.0,8384.0,11900,38658.0
207069,Redlands Community College,El Reno,OK,2,1,32.0,0.0,0.0,0.0,0.0,0.0,0.0,1.0,0.0,0.0,,,,946.0,5385.0,7951.0,6750,37224.0
207087,Formations Institute,Enid,OK,1,3,13.0,0.0,0.0,0.0,0.0,0.0,0.0,0.0,0.0,0.0,,,,39.0,,,PS,22058.0
207102,Eves College of Hairstyling,Lawton,OK,1,3,13.0,0.0,0.0,0.0,0.0,0.0,0.0,0.0,0.0,0.0,,,,86.0,,,7147,15956.0
207157,Randall University,Moore,OK,3,2,21.0,0.0,0.0,0.0,0.0,0.0,1.0,0.0,0.0,0.0,41.0,0.5786,980.0,267.0,17714.0,17714.0,22626,42051.0
207209,Langston University,Langston,OK,2,1,42.0,1.0,0.0,0.0,0.0,0.0,0.0,0.0,0.0,0.0,,,,1742.0,6863.0,14616.0,26000,33261.0
207236,Murray State College,Tishomingo,OK,2,1,43.0,0.0,0.0,0.0,0.0,0.0,0.0,0.0,0.0,0.0,,,,1786.0,7230.0,11430.0,13387,36545.0
207254,Spartan College of Aeronautics and Technology,Tulsa,OK,2,3,11.0,0.0,0.0,0.0,0.0,0.0,0.0,0.0,0.0,0.0,,,,840.0,20940.0,20940.0,16750,49944.0
207263,Northeastern State University,Tahlequah,OK,3,1,33.0,0.0,0.0,0.0,0.0,0.0,0.0,1.0,0.0,0.0,,0.9959,1049.0,4772.0,7810.0,17290.0,17367,45379.0
207281,Northern Oklahoma College,Tonkawa,OK,2,1,42.0,0.0,0.0,0.0,0.0,0.0,0.0,1.0,0.0,0.0,,,,1941.0,5083.0,12202.0,11000,37566.0
207290,Northeastern Oklahoma A&M College,Miami,OK,2,1,32.0,0.0,0.0,0.0,0.0,0.0,0.0,1.0,0.0,0.0,,,,1720.0,5213.0,11363.0,11000,38337.0
207306,Northwestern Oklahoma State University,Alva,OK,3,1,33.0,0.0,0.0,0.0,0.0,0.0,0.0,0.0,0.0,0.0,,0.6545,1003.0,1498.0,5970.0,11664.0,17355,44358.0
207315,Oklahoma State University Center for Health Sciences,Tulsa,OK,4,1,11.0,0.0,0.0,0.0,0.0,0.0,0.0,0.0,0.0,0.0,,,,,,,PS,
207324,Oklahoma Christian University,Edmond,OK,3,2,11.0,0.0,0.0,0.0,0.0,0.0,0.0,0.0,0.0,0.0,74.0,0.9654,1122.0,1885.0,27180.0,27180.0,26000,49203.0
207342,University of Oklahoma-Health Sciences Center,Oklahoma City,OK,3,1,11.0,0.0,0.0,0.0,0.0,0.0,0.0,0.0,0.0,0.0,,,,1214.0,,,20654,63126.0
207351,Oklahoma Panhandle State University,Goodwell,OK,3,1,42.0,0.0,0.0,0.0,0.0,0.0,1.0,0.0,0.0,0.0,,,,917.0,8092.0,8673.0,12500,44933.0
207388,Oklahoma State University-Main Campus,Stillwater,OK,3,1,32.0,0.0,0.0,0.0,0.0,0.0,0.0,0.0,0.0,0.0,,0.7504,1150.0,21773.0,10234.0,25754.0,20500,57413.0
207397,Oklahoma State University-Oklahoma City,Oklahoma City,OK,2,1,11.0,0.0,0.0,0.0,0.0,0.0,0.0,0.0,0.0,0.0,,,,3514.0,3779.0,9564.0,14250,41307.0
207403,Oklahoma Baptist University,Shawnee,OK,3,2,32.0,0.0,0.0,0.0,0.0,0.0,0.0,0.0,0.0,0.0,54.0,0.4941,1024.0,1308.0,35570.0,35570.0,24801,48434.0
207449,Oklahoma City Community College,Oklahoma City,OK,2,1,11.0,0.0,0.0,0.0,0.0,0.0,0.0,0.0,0.0,0.0,,,,9758.0,4059.0,9810.0,10388,38146.0
207458,Oklahoma City University,Oklahoma City,OK,3,2,11.0,0.0,0.0,0.0,0.0,0.0,0.0,0.0,0.0,0.0,71.0,0.7702,1177.0,1514.0,35648.0,35648.0,20835,54655.0
207500,University of Oklahoma-Norman Campus,Norman,OK,3,1,22.0,0.0,0.0,0.0,0.0,0.0,0.0,0.0,0.0,0.0,,0.766,1246.0,22734.0,9797.0,27377.0,20654,63126.0
207564,Oklahoma State University Institute of Technology,Okmulgee,OK,2,1,32.0,0.0,0.0,0.0,0.0,0.0,0.0,1.0,0.0,0.0,,,,2028.0,5774.0,11384.0,11334,45634.0
207582,Oral Roberts University,Tulsa,OK,3,2,11.0,0.0,0.0,0.0,0.0,0.0,0.0,0.0,0.0,0.0,79.0,0.989,1196.0,3487.0,35470.0,35470.0,27000,46885.0
207661,Rogers State University,Claremore,OK,3,1,31.0,0.0,0.0,0.0,0.0,0.0,0.0,1.0,0.0,0.0,,,,2657.0,7750.0,16410.0,20500,43166.0
207670,Rose State College,Midwest City,OK,2,1,21.0,0.0,0.0,0.0,0.0,0.0,0.0,0.0,0.0,0.0,,,,4953.0,5030.0,11407.0,10453,37555.0
207704,Jenks Beauty College,Jenks,OK,1,3,21.0,0.0,0.0,0.0,0.0,0.0,0.0,0.0,0.0,0.0,,,,95.0,,,5852,21406.0
207722,University of Science and Arts of Oklahoma,Chickasha,OK,3,1,32.0,0.0,0.0,0.0,0.0,0.0,0.0,1.0,0.0,0.0,,0.6582,1152.0,941.0,9000.0,20190.0,21750,41913.0
207740,Seminole State College,Seminole,OK,2,1,32.0,0.0,0.0,0.0,0.0,0.0,0.0,1.0,0.0,0.0,,,,1086.0,5460.0,11790.0,11000,35390.0
207786,Southern School of Beauty Inc,Durant,OK,1,3,32.0,0.0,0.0,0.0,0.0,0.0,0.0,0.0,0.0,0.0,,,,21.0,,,PS,9656.0
207847,Southeastern Oklahoma State University,Durant,OK,3,1,32.0,0.0,0.0,0.0,0.0,0.0,0.0,1.0,0.0,0.0,,0.7643,1087.0,3018.0,7530.0,16740.0,17000,45079.0
207856,Southwestern Christian University,Bethany,OK,3,2,21.0,0.0,0.0,0.0,0.0,0.0,0.0,0.0,0.0,0.0,47.0,,,377.0,21900.0,21900.0,20715,40391.0
207865,Southwestern Oklahoma State University,Weatherford,OK,3,1,33.0,0.0,0.0,0.0,0.0,0.0,0.0,0.0,0.0,0.0,,,,3514.0,8469.0,8499.0,15954,45744.0
207935,Tulsa Community College,Tulsa,OK,2,1,11.0,0.0,0.0,0.0,0.0,0.0,0.0,0.0,0.0,0.0,,,,12228.0,3792.0,9720.0,12223,39746.0
207962,Tulsa Welding School-Tulsa,Tulsa,OK,1,3,11.0,0.0,0.0,0.0,0.0,0.0,0.0,0.0,0.0,0.0,,,,883.0,,,9500,41067.0
207971,University of Tulsa,Tulsa,OK,3,2,11.0,0.0,0.0,0.0,0.0,0.0,0.0,0.0,0.0,0.0,66.0,0.6151,1389.0,2813.0,50061.0,50061.0,21500,61408.0
208035,Western Oklahoma State College,Altus,OK,2,1,33.0,0.0,0.0,0.0,0.0,0.0,1.0,0.0,0.0,0.0,,,,815.0,5586.0,9954.0,9500,38248.0
208044,Formations Institute of Cosmetology & Barbering,Woodward,OK,1,3,33.0,0.0,0.0,0.0,0.0,0.0,0.0,0.0,0.0,0.0,,,,29.0,,,PS,17260.0
208053,High Plains Technology Center,Woodward,OK,1,1,41.0,0.0,0.0,0.0,0.0,0.0,0.0,0.0,0.0,0.0,,,,72.0,,,PS,33734.0
208275,Blue Mountain Community College,Pendleton,OR,2,1,32.0,0.0,0.0,0.0,0.0,0.0,1.0,0.0,0.0,0.0,,,,962.0,7076.0,9754.0,12000,38375.0
208318,Central Oregon Community College,Bend,OR,2,1,12.0,0.0,0.0,0.0,0.0,0.0,0.0,0.0,0.0,0.0,,,,3789.0,5049.0,13545.0,12000,38940.0
208390,Chemeketa Community College,Salem,OR,2,1,21.0,0.0,0.0,0.0,0.0,0.0,1.0,0.0,0.0,0.0,,,,6610.0,6345.0,14040.0,12822,40968.0
208406,Clackamas Community College,Oregon City,OR,2,1,21.0,0.0,0.0,0.0,0.0,0.0,0.0,0.0,0.0,0.0,,,,4963.0,6345.0,14265.0,11992,42886.0
208415,Clatsop Community College,Astoria,OR,2,1,33.0,0.0,0.0,0.0,0.0,0.0,0.0,0.0,0.0,0.0,,,,493.0,5110.0,9610.0,11602,39477.0
208433,College of Hair Design Careers,Salem,OR,1,3,12.0,0.0,0.0,0.0,0.0,0.0,0.0,0.0,0.0,0.0,,,,58.0,,,10750,23915.0
208512,Sumner College,Portland,OR,1,3,11.0,0.0,0.0,0.0,0.0,0.0,0.0,0.0,0.0,0.0,,0.8889,,532.0,,,16500,46639.0
208637,East West College of the Healing Arts,Portland,OR,1,3,11.0,0.0,0.0,0.0,0.0,0.0,0.0,0.0,0.0,0.0,,,,236.0,,,12667,28483.0
208646,Eastern Oregon University,La Grande,OR,3,1,33.0,0.0,0.0,0.0,0.0,0.0,0.0,0.0,0.0,0.0,,0.9831,,2172.0,11076.0,25431.0,20500,50112.0
208725,New Hope Christian College-Eugene,Eugene,OR,3,2,12.0,0.0,0.0,0.0,0.0,0.0,0.0,0.0,0.0,0.0,79.0,0.8,,56.0,17620.0,17620.0,27000,31115.0
208822,George Fox University,Newberg,OR,3,2,31.0,0.0,0.0,0.0,0.0,0.0,0.0,0.0,0.0,0.0,65.0,0.9351,1197.0,2699.0,42750.0,42750.0,24250,59761.0
208859,Phagans Grants Pass College of Beauty,Grants Pass,OR,1,3,13.0,0.0,0.0,0.0,0.0,0.0,0.0,0.0,0.0,0.0,,,,43.0,,,PS,23595.0
209038,Lane Community College,Eugene,OR,2,1,21.0,0.0,0.0,0.0,0.0,0.0,0.0,0.0,0.0,0.0,,,,6064.0,6202.0,13078.0,14761,38075.0
209056,Lewis & Clark College,Portland,OR,3,2,11.0,0.0,0.0,0.0,0.0,0.0,0.0,0.0,0.0,0.0,,0.7849,,2120.0,64828.0,64828.0,19500,62205.0
209065,Linfield University,McMinnville,OR,3,2,32.0,0.0,0.0,0.0,0.0,0.0,0.0,0.0,0.0,0.0,,0.8517,,1621.0,50850.0,50850.0,25000,78638.0
209074,Linn-Benton Community College,Albany,OR,2,1,13.0,0.0,0.0,0.0,0.0,0.0,0.0,0.0,0.0,0.0,,,,5174.0,7317.0,15901.0,11961,41363.0
209083,Northwest College-Beaverton,Beaverton,OR,1,3,13.0,0.0,0.0,0.0,0.0,0.0,0.0,0.0,0.0,0.0,,,,37.0,,,7564,24421.0
209205,Northwest College-Clackamas,Happy Valley,OR,1,3,21.0,0.0,0.0,0.0,0.0,0.0,0.0,0.0,0.0,0.0,,,,35.0,,,7564,24421.0
209241,Mount Angel Seminary,Saint Benedict,OR,3,2,41.0,0.0,0.0,0.0,0.0,0.0,0.0,0.0,1.0,0.0,30.0,1.0,,38.0,31490.0,31490.0,PS,57436.0
209250,Mt Hood Community College,Gresham,OR,2,1,21.0,0.0,0.0,0.0,0.0,0.0,0.0,0.0,0.0,0.0,,,,3856.0,5247.0,9819.0,13667,41125.0
209296,National University of Natural Medicine,Portland,OR,3,2,11.0,0.0,0.0,0.0,0.0,0.0,0.0,0.0,0.0,0.0,,,,41.0,,,PS,
209409,Bushnell University,Eugene,OR,3,2,12.0,0.0,0.0,0.0,0.0,0.0,0.0,0.0,0.0,0.0,61.0,0.6728,1020.0,517.0,35800.0,35800.0,23500,53623.0
209490,Oregon Health & Science University,Portland,OR,3,1,11.0,0.0,0.0,0.0,0.0,0.0,0.0,0.0,0.0,0.0,,,,836.0,,,16625,101028.0
209506,Oregon Institute of Technology,Klamath Falls,OR,3,1,33.0,0.0,0.0,0.0,0.0,0.0,0.0,0.0,0.0,0.0,,0.9502,1150.0,2892.0,13260.0,37196.0,22500,72273.0
209542,Oregon State University,Corvallis,OR,3,1,13.0,0.0,0.0,0.0,0.0,0.0,0.0,0.0,0.0,0.0,,0.773,1290.0,30743.0,14400.0,38190.0,21221,64010.0
209551,University of Oregon,Eugene,OR,3,1,12.0,0.0,0.0,0.0,0.0,0.0,0.0,0.0,0.0,0.0,,0.883,1272.0,20497.0,16137.0,44598.0,20139,61324.0
209603,Pacific Northwest College of Art,Portland,OR,3,2,11.0,0.0,0.0,0.0,0.0,0.0,0.0,0.0,0.0,0.0,,0.7485,,420.0,49006.0,49006.0,25000,34883.0
209612,Pacific University,Forest Grove,OR,3,2,21.0,0.0,0.0,0.0,0.0,1.0,0.0,0.0,0.0,0.0,,0.8956,1090.0,1516.0,56374.0,56374.0,23223,60583.0
209667,Phagans Beauty College,Corvallis,OR,1,3,13.0,0.0,0.0,0.0,0.0,0.0,0.0,0.0,0.0,0.0,,,,59.0,,,8974,33102.0
209676,Phagans Central Oregon Beauty College,Bend,OR,1,3,12.0,0.0,0.0,0.0,0.0,0.0,0.0,0.0,0.0,0.0,,,,101.0,,,7435,20551.0
209694,Phagans School of Beauty,Salem,OR,1,3,21.0,0.0,0.0,0.0,0.0,0.0,0.0,0.0,0.0,0.0,,,,38.0,,,8656,23393.0
209700,Phagans School of Hair Design,Happy Valley,OR,1,3,21.0,0.0,0.0,0.0,0.0,0.0,0.0,0.0,0.0,0.0,,,,212.0,,,8297,22912.0
209719,Summit Salon Academy-Portland,Tigard,OR,1,3,13.0,0.0,0.0,0.0,0.0,0.0,0.0,0.0,0.0,0.0,,,,66.0,,,10512,24106.0
209746,Portland Community College,Portland,OR,2,1,11.0,0.0,0.0,0.0,0.0,0.0,0.0,0.0,0.0,0.0,,,,19531.0,5220.0,10440.0,12999,44592.0
209807,Portland State University,Portland,OR,3,1,11.0,0.0,0.0,0.0,0.0,1.0,1.0,0.0,0.0,0.0,,0.9087,,13182.0,11679.0,31074.0,20500,57906.0
209825,University of Portland,Portland,OR,3,2,11.0,0.0,0.0,0.0,0.0,0.0,0.0,0.0,0.0,0.0,30.0,0.8917,1277.0,2957.0,58100.0,58100.0,21370,82804.0
209922,Reed College,Portland,OR,3,2,11.0,0.0,0.0,0.0,0.0,0.0,0.0,0.0,0.0,0.0,,0.2461,1437.0,1320.0,69350.0,69350.0,21500,62927.0
209940,Rogue Community College,Grants Pass,OR,2,1,23.0,0.0,0.0,0.0,0.0,0.0,0.0,0.0,0.0,0.0,,,,3559.0,5256.0,6300.0,17042,36845.0
210146,Southern Oregon University,Ashland,OR,3,1,22.0,0.0,0.0,0.0,0.0,0.0,0.0,0.0,0.0,0.0,,0.8862,,2751.0,12762.0,31887.0,20332,49175.0
210155,Southwestern Oregon Community College,Coos Bay,OR,2,1,33.0,0.0,0.0,0.0,0.0,0.0,0.0,0.0,0.0,0.0,,,,1270.0,7192.0,7192.0,12000,38349.0
210234,Treasure Valley Community College,Ontario,OR,1,1,32.0,0.0,0.0,0.0,0.0,0.0,0.0,0.0,0.0,0.0,,,,1193.0,6345.0,6795.0,12000,36738.0
210270,Umpqua Community College,Roseburg,OR,1,1,33.0,0.0,0.0,0.0,0.0,0.0,0.0,0.0,0.0,0.0,,,,2219.0,6104.0,6104.0,9000,36676.0
210304,Warner Pacific University,Portland,OR,3,2,11.0,0.0,0.0,0.0,0.0,1.0,1.0,0.0,0.0,0.0,57.0,0.7114,,375.0,22220.0,22220.0,25000,55204.0
210331,Corban University,Salem,OR,3,2,12.0,0.0,0.0,0.0,0.0,0.0,0.0,0.0,0.0,0.0,54.0,0.939,,678.0,40280.0,40280.0,22625,48917.0
210368,Western Seminary,Portland,OR,4,2,11.0,0.0,0.0,0.0,0.0,0.0,0.0,0.0,0.0,0.0,88.0,,,,,,PS,
210401,Willamette University,Salem,OR,3,2,12.0,0.0,0.0,0.0,0.0,0.0,0.0,0.0,0.0,0.0,,0.7709,1377.0,1592.0,51156.0,51156.0,21500,56911.0
210429,Western Oregon University,Monmouth,OR,3,1,31.0,0.0,0.0,0.0,0.0,0.0,1.0,0.0,0.0,0.0,,0.981,,3103.0,11879.0,32534.0,20609,51815.0
210438,University of Western States,Portland,OR,3,2,11.0,0.0,0.0,0.0,0.0,0.0,0.0,0.0,0.0,0.0,,,,0.0,,,PS,27382.0
210492,Bryn Athyn College of the New Church,Bryn Athyn,PA,3,2,21.0,0.0,0.0,0.0,0.0,0.0,0.0,0.0,0.0,0.0,99.0,0.8294,,244.0,28917.0,28917.0,22250,40457.0
210508,Academy of Vocal Arts,Philadelphia,PA,4,2,11.0,0.0,0.0,0.0,0.0,0.0,0.0,0.0,0.0,0.0,,,,,,,,
210571,Albright College,Reading,PA,3,2,13.0,0.0,0.0,0.0,0.0,0.0,0.0,0.0,0.0,0.0,71.0,0.7633,,1217.0,29082.0,29082.0,27000,58700.0
210599,All-State Career School,Essington,PA,1,3,21.0,0.0,0.0,0.0,0.0,0.0,0.0,0.0,0.0,0.0,,,,886.0,,,6333,38495.0
210605,Community College of Allegheny County,Pittsburgh,PA,2,1,11.0,0.0,0.0,0.0,0.0,0.0,0.0,0.0,0.0,0.0,,,,9544.0,4842.0,12583.0,12680,39449.0
210669,Allegheny College,Meadville,PA,3,2,32.0,0.0,0.0,0.0,0.0,0.0,0.0,0.0,0.0,0.0,71.0,0.5457,1275.0,1156.0,56550.0,56550.0,27000,62069.0
210711,The  Beauty Institute,Whitehall,PA,1,3,21.0,0.0,0.0,0.0,0.0,0.0,0.0,0.0,0.0,0.0,,,,70.0,,,10763,23580.0
210739,DeSales University,Center Valley,PA,3,2,21.0,0.0,0.0,0.0,0.0,0.0,0.0,0.0,0.0,0.0,30.0,0.7709,1186.0,2128.0,46800.0,46800.0,25788,61295.0
210748,Altoona Beauty School Inc,Altoona,PA,1,3,13.0,0.0,0.0,0.0,0.0,0.0,0.0,0.0,0.0,0.0,,,,70.0,,,4750,24246.0
210775,Alvernia University,Reading,PA,3,2,13.0,0.0,0.0,0.0,0.0,0.0,0.0,0.0,0.0,0.0,30.0,0.5806,1170.0,2152.0,45000.0,45000.0,27000,55055.0
210784,The Beauty Institute-Ambler,Ambler,PA,1,3,21.0,0.0,0.0,0.0,0.0,0.0,0.0,0.0,0.0,0.0,,,,160.0,,,9583,24785.0
210809,American College of Financial Services,King of Prussia,PA,1,2,21.0,0.0,0.0,0.0,0.0,0.0,0.0,0.0,0.0,0.0,,,,5144.0,,,,
211006,Automotive Training Center-Exton,Exton,PA,1,3,21.0,0.0,0.0,0.0,0.0,0.0,0.0,0.0,0.0,0.0,,,,366.0,,,15665,51112.0
211079,Community College of Beaver County,Monaca,PA,2,1,21.0,0.0,0.0,0.0,0.0,0.0,0.0,0.0,0.0,0.0,,,,1247.0,7500.0,20700.0,14923,45090.0
211088,Arcadia University,Glenside,PA,3,2,21.0,0.0,0.0,0.0,0.0,0.0,0.0,0.0,0.0,0.0,,0.8022,1190.0,1948.0,49610.0,49610.0,27000,58336.0
211273,Bryn Mawr College,Bryn Mawr,PA,3,2,21.0,0.0,0.0,0.0,0.0,0.0,0.0,0.0,0.0,1.0,,0.2943,1396.0,1359.0,65920.0,65920.0,25000,75217.0
211291,Bucknell University,Lewisburg,PA,3,2,32.0,0.0,0.0,0.0,0.0,0.0,0.0,0.0,0.0,0.0,,0.2893,1410.0,3876.0,67812.0,67812.0,27000,93807.0
211307,Bucks County Community College,Newtown,PA,2,1,41.0,0.0,0.0,0.0,0.0,0.0,0.0,0.0,0.0,0.0,,,,5289.0,5683.0,13963.0,12000,47324.0
211316,Beauty Culture School LLC,Feasterville,PA,1,3,21.0,0.0,0.0,0.0,0.0,0.0,0.0,0.0,0.0,0.0,,,,82.0,,,PS,27341.0
211334,Butler Beauty Academy,Butler,PA,1,3,31.0,0.0,0.0,0.0,0.0,0.0,0.0,0.0,0.0,0.0,,,,26.0,,,7500,23003.0
211343,Butler County Community College,Butler,PA,2,1,31.0,0.0,0.0,0.0,0.0,0.0,0.0,0.0,0.0,0.0,,,,1789.0,5910.0,12000.0,10020,38891.0
211431,Carlow University,Pittsburgh,PA,3,2,11.0,0.0,0.0,0.0,0.0,0.0,0.0,0.0,0.0,0.0,30.0,0.8695,1080.0,1348.0,35874.0,35874.0,25500,51051.0
211440,Carnegie Mellon University,Pittsburgh,PA,3,2,11.0,0.0,0.0,0.0,0.0,0.0,0.0,0.0,0.0,0.0,,0.1166,1546.0,7304.0,66246.0,66246.0,21750,114862.0
211468,Cedar Crest College,Allentown,PA,3,2,12.0,0.0,0.0,0.0,0.0,0.0,0.0,0.0,0.0,1.0,,0.8407,,834.0,46314.0,46314.0,27000,59460.0
211477,Central Penn College,Summerdale,PA,1,3,21.0,0.0,0.0,0.0,0.0,0.0,0.0,0.0,0.0,0.0,,0.1846,,662.0,19854.0,19854.0,23194,45370.0
211556,Chatham University,Pittsburgh,PA,3,2,11.0,0.0,0.0,0.0,0.0,0.0,0.0,0.0,0.0,0.0,,0.6196,1198.0,1232.0,44626.0,44626.0,23250,52410.0
211583,Chestnut Hill College,Philadelphia,PA,3,2,11.0,0.0,0.0,0.0,0.0,0.0,0.0,0.0,0.0,0.0,30.0,0.7446,,815.0,39870.0,39870.0,26389,52015.0
211608,Cheyney University of Pennsylvania,Cheyney,PA,3,1,41.0,1.0,0.0,0.0,0.0,0.0,0.0,0.0,0.0,0.0,,,,617.0,10904.0,18870.0,21785,37837.0
211635,Citizens School of Nursing,Tarentum,PA,1,2,21.0,0.0,0.0,0.0,0.0,0.0,0.0,0.0,0.0,0.0,,0.8333,,152.0,,,15250,69939.0
211802,DLP Conemaugh Memorial Medical Center,Johnstown,PA,1,3,13.0,0.0,0.0,0.0,0.0,0.0,0.0,0.0,0.0,0.0,,0.3034,1070.0,90.0,,,12000,65740.0
211893,Curtis Institute of Music,Philadelphia,PA,3,2,11.0,0.0,0.0,0.0,0.0,0.0,0.0,0.0,0.0,0.0,,0.0458,,109.0,0.0,0.0,PS,
211927,Delaware County Community College,Media,PA,2,1,21.0,0.0,0.0,0.0,0.0,0.0,0.0,0.0,0.0,0.0,,,,6861.0,6930.0,15540.0,13250,45391.0
211981,Delaware Valley University,Doylestown,PA,3,2,21.0,0.0,0.0,0.0,0.0,0.0,0.0,0.0,0.0,0.0,,0.9321,1204.0,1628.0,44850.0,44850.0,25000,55838.0
212009,Dickinson College,Carlisle,PA,3,2,13.0,0.0,0.0,0.0,0.0,0.0,0.0,0.0,0.0,0.0,,0.4209,1391.0,2273.0,65650.0,65650.0,19000,70204.0
212045,Douglas Education Center,Monessen,PA,1,3,31.0,0.0,0.0,0.0,0.0,0.0,0.0,0.0,0.0,0.0,,,,178.0,19450.0,19450.0,12000,30814.0
212054,Drexel University,Philadelphia,PA,3,2,11.0,0.0,0.0,0.0,0.0,0.0,0.0,0.0,0.0,0.0,,0.7944,1345.0,13233.0,62412.0,62412.0,25325,84648.0
212106,Duquesne University,Pittsburgh,PA,3,2,11.0,0.0,0.0,0.0,0.0,0.0,0.0,0.0,0.0,0.0,30.0,0.8356,1276.0,5350.0,48986.0,48986.0,26244,74742.0
212115,East Stroudsburg University of Pennsylvania,East Stroudsburg,PA,3,1,31.0,0.0,0.0,0.0,0.0,0.0,0.0,0.0,0.0,0.0,,0.9205,1084.0,4814.0,11536.0,19502.0,24218,56148.0
212133,Eastern University,Saint Davids,PA,3,2,21.0,0.0,0.0,0.0,0.0,0.0,1.0,0.0,0.0,0.0,52.0,0.9077,,2404.0,38400.0,38400.0,25000,51655.0
212197,Elizabethtown College,Elizabethtown,PA,3,2,21.0,0.0,0.0,0.0,0.0,0.0,0.0,0.0,0.0,0.0,,0.7787,1204.0,1868.0,37950.0,37950.0,27000,62399.0
212230,Empire Beauty School-Lebanon,Lebanon,PA,1,3,23.0,0.0,0.0,0.0,0.0,0.0,0.0,0.0,0.0,0.0,,,,49.0,,,10667,22377.0
212267,Empire Beauty School-York,York,PA,1,3,22.0,0.0,0.0,0.0,0.0,0.0,0.0,0.0,0.0,0.0,,,,90.0,,,10667,23921.0
212276,Empire Beauty School-Lancaster,Lancaster,PA,1,3,21.0,0.0,0.0,0.0,0.0,0.0,0.0,0.0,0.0,0.0,,,,85.0,,,13000,25073.0
212294,Empire Beauty School-Shamokin Dam,Shamokin Dam,PA,1,3,32.0,0.0,0.0,0.0,0.0,0.0,0.0,0.0,0.0,0.0,,,,69.0,,,13000,25073.0
212300,Empire Beauty School-Pottsville,Pottsville,PA,1,3,32.0,0.0,0.0,0.0,0.0,0.0,0.0,0.0,0.0,0.0,,,,74.0,,,10231,23589.0
212328,Empire Beauty  School-Lehigh Valley,Whitehall,PA,1,3,21.0,0.0,0.0,0.0,0.0,0.0,0.0,0.0,0.0,0.0,,,,99.0,,,13000,25073.0
212337,Empire Beauty School-Gwinnett,Lawrenceville,GA,1,3,21.0,0.0,0.0,0.0,0.0,0.0,0.0,0.0,0.0,0.0,,,,130.0,,,10231,23589.0
212355,Empire Beauty School-Wyoming Valley,Moosic,PA,1,3,21.0,0.0,0.0,0.0,0.0,0.0,0.0,0.0,0.0,0.0,,,,176.0,,,10667,23921.0
212382,Empire Beauty School-Harrisburg,Harrisburg,PA,1,3,21.0,0.0,0.0,0.0,0.0,0.0,0.0,0.0,0.0,0.0,,,,152.0,,,10667,22377.0
212391,Empire Beauty School-Reading,Reading,PA,1,3,21.0,0.0,0.0,0.0,0.0,0.0,0.0,0.0,0.0,0.0,,,,90.0,,,10667,23921.0
212434,Erie Institute of Technology Inc,Erie,PA,1,3,22.0,0.0,0.0,0.0,0.0,0.0,0.0,0.0,0.0,0.0,,,,221.0,15264.0,15264.0,10738,41951.0
212577,Franklin and Marshall College,Lancaster,PA,3,2,13.0,0.0,0.0,0.0,0.0,0.0,0.0,0.0,0.0,0.0,,0.2819,1392.0,1799.0,70794.0,70794.0,19000,76124.0
212601,Gannon University,Erie,PA,3,2,13.0,0.0,0.0,0.0,0.0,0.0,0.0,0.0,0.0,0.0,30.0,0.7416,,2365.0,40656.0,40656.0,27000,58845.0
212656,Geneva College,Beaver Falls,PA,3,2,21.0,0.0,0.0,0.0,0.0,0.0,0.0,0.0,0.0,0.0,81.0,,,1096.0,33450.0,33450.0,25198,50004.0
212674,Gettysburg College,Gettysburg,PA,3,2,31.0,0.0,0.0,0.0,0.0,0.0,0.0,0.0,0.0,0.0,,0.389,1379.0,2099.0,66640.0,66640.0,26999,71517.0
212753,Empire Beauty School-NE Philadelphia,Philadelphia,PA,1,3,11.0,0.0,0.0,0.0,0.0,0.0,0.0,0.0,0.0,0.0,,,,110.0,,,13583,24407.0
212771,Gratz College,Jenkintown,PA,3,2,21.0,0.0,0.0,0.0,0.0,0.0,0.0,0.0,0.0,0.0,80.0,,,143.0,,,PS,
212805,Grove City College,Grove City,PA,3,2,32.0,0.0,0.0,0.0,0.0,0.0,0.0,0.0,0.0,0.0,88.0,0.7232,1272.0,2216.0,21700.0,21700.0,,
212832,Gwynedd Mercy University,Gwynedd Valley,PA,3,2,21.0,0.0,0.0,0.0,0.0,0.0,0.0,0.0,0.0,0.0,30.0,0.8963,1090.0,1067.0,40122.0,40122.0,25000,67145.0
212869,Harcum College,Bryn Mawr,PA,2,2,21.0,0.0,0.0,0.0,0.0,0.0,0.0,0.0,0.0,0.0,,,,876.0,32000.0,32000.0,18440,46827.0
212878,Harrisburg Area Community College,Harrisburg,PA,2,1,13.0,0.0,0.0,0.0,0.0,0.0,0.0,0.0,0.0,0.0,,,,9533.0,6975.0,12472.0,17500,42007.0
212911,Haverford College,Haverford,PA,3,2,21.0,0.0,0.0,0.0,0.0,1.0,0.0,0.0,0.0,0.0,,0.1237,1513.0,1430.0,70688.0,70688.0,13621,79966.0
212975,Commonwealth Technical Institute,Johnstown,PA,1,2,23.0,0.0,0.0,0.0,0.0,0.0,0.0,0.0,0.0,0.0,,,,129.0,7714.0,7714.0,PS,21632.0
212984,Holy Family University,Philadelphia,PA,3,2,11.0,0.0,0.0,0.0,0.0,0.0,0.0,0.0,0.0,0.0,30.0,0.7104,1060.0,2464.0,35330.0,35330.0,25125,62235.0
213011,Immaculata University,Immaculata,PA,3,2,21.0,0.0,0.0,0.0,0.0,0.0,0.0,0.0,0.0,0.0,30.0,0.8576,1260.0,1320.0,29330.0,29330.0,27000,75701.0
213020,Indiana University of Pennsylvania,Indiana,PA,3,1,32.0,0.0,0.0,0.0,0.0,0.0,0.0,0.0,0.0,0.0,,0.9077,1082.0,6764.0,11380.0,16297.0,26798,51019.0
213163,UPMC Jameson School of Nursing,New Castle,PA,1,2,31.0,0.0,0.0,0.0,0.0,0.0,0.0,0.0,0.0,0.0,,0.9956,,326.0,15940.0,15940.0,12000,70472.0
213181,Great Lakes Institute of Technology,Erie,PA,1,3,22.0,0.0,0.0,0.0,0.0,0.0,0.0,0.0,0.0,0.0,,,,335.0,,,11250,28704.0
213233,Johnson College,Scranton,PA,2,2,13.0,0.0,0.0,0.0,0.0,0.0,0.0,0.0,0.0,0.0,,0.9793,,590.0,21225.0,21225.0,12000,55194.0
213251,Juniata College,Huntingdon,PA,3,2,32.0,0.0,0.0,0.0,0.0,0.0,0.0,0.0,0.0,0.0,,0.7891,1227.0,1191.0,58580.0,58580.0,27000,56918.0
213303,Keystone College,La Plume,PA,3,2,21.0,0.0,0.0,0.0,0.0,0.0,0.0,0.0,0.0,0.0,,0.848,,771.0,18300.0,18300.0,26000,44976.0
213321,King's College,Wilkes-Barre,PA,3,2,13.0,0.0,0.0,0.0,0.0,0.0,0.0,0.0,0.0,0.0,30.0,0.9311,1170.0,1484.0,44100.0,44100.0,27000,59498.0
213330,Butler Beauty Academy-Kittanning Beauty Academy,Kittanning,PA,1,3,32.0,0.0,0.0,0.0,0.0,0.0,0.0,0.0,0.0,0.0,,,,14.0,,,7500,23003.0
213349,Kutztown University of Pennsylvania,Kutztown,PA,3,1,31.0,0.0,0.0,0.0,0.0,0.0,0.0,0.0,0.0,0.0,,0.9075,1210.0,6180.0,11314.0,16068.0,26000,53775.0
213358,La Roche University,Pittsburgh,PA,3,2,21.0,0.0,0.0,0.0,0.0,0.0,0.0,0.0,0.0,0.0,30.0,0.7576,1055.0,751.0,34052.0,34052.0,25000,52341.0
213367,La Salle University,Philadelphia,PA,3,2,11.0,0.0,0.0,0.0,0.0,0.0,0.0,0.0,0.0,0.0,30.0,0.9659,,1953.0,37800.0,37800.0,25000,67416.0
213376,Lackawanna College,Scranton,PA,2,2,13.0,0.0,0.0,0.0,0.0,0.0,0.0,0.0,0.0,0.0,,,,1947.0,18400.0,18400.0,18075,41000.0
213385,Lafayette College,Easton,PA,3,2,21.0,0.0,0.0,0.0,0.0,0.0,0.0,0.0,0.0,0.0,66.0,0.3145,1424.0,2757.0,65398.0,65398.0,16000,91410.0
213400,Lancaster Bible College,Lancaster,PA,3,2,21.0,0.0,0.0,0.0,0.0,0.0,0.0,0.0,0.0,0.0,,0.5589,1180.0,1569.0,29990.0,29990.0,20500,44096.0
213455,Lancaster School of Cosmetology & Therapeutic Bodywork,Lancaster,PA,1,3,21.0,0.0,0.0,0.0,0.0,0.0,0.0,0.0,0.0,0.0,,,,402.0,,,3167,29738.0
213473,Lansdale School of Business,North Wales,PA,1,3,21.0,0.0,0.0,0.0,0.0,0.0,0.0,0.0,0.0,0.0,,,,93.0,12150.0,12150.0,13492,37442.0
213491,Lansdale School of Cosmetology Inc,Lansdale,PA,1,3,21.0,0.0,0.0,0.0,0.0,0.0,0.0,0.0,0.0,0.0,,,,42.0,,,PS,25019.0
213507,Lebanon Valley College,Annville,PA,3,2,23.0,0.0,0.0,0.0,0.0,0.0,0.0,0.0,0.0,0.0,71.0,0.8377,1240.0,1684.0,52080.0,52080.0,27000,62621.0
213525,Lehigh Carbon Community College,Schnecksville,PA,2,1,41.0,0.0,0.0,0.0,0.0,0.0,1.0,0.0,0.0,0.0,,,,4148.0,5280.0,13270.0,11000,42436.0
213534,Miller-Motte College-Berks Technical Institute,Wyomissing,PA,1,3,21.0,0.0,0.0,0.0,0.0,0.0,0.0,0.0,0.0,0.0,,,,544.0,,,15917,31102.0
213543,Lehigh University,Bethlehem,PA,3,2,13.0,0.0,0.0,0.0,0.0,0.0,0.0,0.0,0.0,0.0,,0.2593,1440.0,5898.0,64980.0,64980.0,21960,105584.0
213570,Lincoln Technical Institute-Allentown,Allentown,PA,1,3,21.0,0.0,0.0,0.0,0.0,0.0,0.0,0.0,0.0,0.0,,,,628.0,,,11250,38683.0
213589,Lincoln Technical Institute-Levittown,Levittown,PA,1,3,11.0,0.0,0.0,0.0,0.0,0.0,0.0,0.0,0.0,0.0,,,,345.0,,,11250,38683.0
213598,Lincoln University,Lincoln University,PA,3,1,21.0,1.0,0.0,0.0,0.0,0.0,0.0,0.0,0.0,0.0,,0.6572,920.0,1539.0,12512.0,19384.0,28250,43167.0
213622,UPMC St. Margaret School of Nursing,Pittsburgh,PA,1,2,21.0,0.0,0.0,0.0,0.0,0.0,0.0,0.0,0.0,0.0,,0.8077,,97.0,16190.0,16190.0,15667,67327.0
213631,United Lutheran Seminary,Gettysburg,PA,4,2,31.0,0.0,0.0,0.0,0.0,0.0,0.0,0.0,0.0,0.0,39.0,,,,,,PS,
213659,Luzerne County Community College,Nanticoke,PA,2,1,21.0,0.0,0.0,0.0,0.0,0.0,0.0,0.0,0.0,0.0,,,,3317.0,6600.0,16260.0,11000,40437.0
213668,Lycoming College,Williamsport,PA,3,2,13.0,0.0,0.0,0.0,0.0,0.0,0.0,0.0,0.0,0.0,71.0,0.7407,1160.0,996.0,50029.0,50029.0,27000,56210.0
213774,Manor College,Jenkintown,PA,2,2,21.0,0.0,0.0,0.0,0.0,0.0,1.0,0.0,0.0,0.0,99.0,0.9486,820.0,443.0,21780.0,21780.0,19000,46825.0
213826,Marywood University,Scranton,PA,3,2,13.0,0.0,0.0,0.0,0.0,0.0,0.0,0.0,0.0,0.0,30.0,0.6058,1162.0,1784.0,41420.0,41420.0,26186,55817.0
213914,Vet Tech Institute,Pittsburgh,PA,2,3,11.0,0.0,0.0,0.0,0.0,0.0,0.0,0.0,0.0,0.0,,0.7755,,183.0,17320.0,17320.0,13623,34583.0
213932,Roxborough Memorial Hospital School of Nursing,Philadelphia,PA,1,3,11.0,0.0,0.0,0.0,0.0,0.0,0.0,0.0,0.0,0.0,,,,161.0,,,20000,79323.0
213987,Mercyhurst University,Erie,PA,3,2,13.0,0.0,0.0,0.0,0.0,0.0,0.0,0.0,0.0,0.0,30.0,0.8102,,2191.0,45770.0,45770.0,25305,47452.0
213996,Messiah University,Mechanicsburg,PA,3,2,21.0,0.0,0.0,0.0,0.0,0.0,0.0,0.0,0.0,0.0,42.0,0.7897,1236.0,2259.0,42240.0,42240.0,25621,54064.0
214023,ASPIRA City College,Philadelphia,PA,2,2,11.0,0.0,0.0,0.0,0.0,0.0,0.0,0.0,0.0,0.0,,0.5,,8.0,12147.0,12147.0,PS,34857.0
214041,Millersville University of Pennsylvania,Millersville,PA,3,1,21.0,0.0,0.0,0.0,0.0,0.0,0.0,0.0,0.0,0.0,,0.8619,1110.0,5728.0,11128.0,22952.0,23507,55246.0
214069,Misericordia University,Dallas,PA,3,2,21.0,0.0,0.0,0.0,0.0,0.0,0.0,0.0,0.0,0.0,30.0,0.7093,,1672.0,40370.0,40370.0,26973,64313.0
214111,Montgomery County Community College,Blue Bell,PA,2,1,21.0,0.0,0.0,0.0,0.0,0.0,0.0,0.0,0.0,0.0,,,,7301.0,6690.0,17250.0,12349,46108.0
214148,Moore College of Art and Design,Philadelphia,PA,3,2,11.0,0.0,0.0,0.0,0.0,0.0,0.0,0.0,0.0,1.0,,0.5646,1282.0,535.0,52812.0,52812.0,26000,37839.0
214157,Moravian University,Bethlehem,PA,3,2,13.0,0.0,0.0,0.0,0.0,0.0,0.0,0.0,0.0,0.0,44.0,0.5417,1183.0,1949.0,53500.0,53500.0,26793,61860.0
214166,Mount Aloysius College,Cresson,PA,3,2,31.0,0.0,0.0,0.0,0.0,0.0,0.0,0.0,0.0,0.0,30.0,0.8205,1070.0,1094.0,27072.0,27072.0,24287,46165.0
214175,Muhlenberg College,Allentown,PA,3,2,12.0,0.0,0.0,0.0,0.0,0.0,0.0,0.0,0.0,0.0,39.0,0.7199,1343.0,1727.0,62805.0,62805.0,25455,69107.0
214272,Neumann University,Aston,PA,3,2,21.0,0.0,0.0,0.0,0.0,0.0,0.0,0.0,0.0,0.0,30.0,0.8128,,1533.0,39100.0,39100.0,27000,57817.0
214290,New Castle School of Trades,New Castle,PA,2,3,31.0,0.0,0.0,0.0,0.0,0.0,0.0,0.0,0.0,0.0,,,,700.0,,,9567,44814.0
214379,Northampton County Area Community College,Bethlehem,PA,2,1,21.0,0.0,0.0,0.0,0.0,0.0,1.0,0.0,0.0,0.0,,,,7667.0,5550.0,15270.0,15495,41566.0
214476,Heritage Valley Health System School of Nursing,McKees Rocks,PA,1,2,21.0,0.0,0.0,0.0,0.0,0.0,0.0,0.0,0.0,0.0,,0.8205,,71.0,22800.0,22800.0,PS,79831.0
214528,Orleans Technical College,Philadelphia,PA,1,2,11.0,0.0,0.0,0.0,0.0,0.0,0.0,0.0,0.0,0.0,,0.7951,,340.0,,,7521,38668.0
214582,Pennsylvania Institute of Technology,Media,PA,1,2,21.0,0.0,0.0,0.0,0.0,0.0,0.0,0.0,0.0,0.0,,,,810.0,14850.0,14850.0,16500,35703.0
214591,Pennsylvania State University-Penn State Erie-Behrend College,Erie,PA,3,1,22.0,0.0,0.0,0.0,0.0,0.0,0.0,0.0,0.0,0.0,,0.9683,1228.0,3240.0,15972.0,26958.0,25000,63435.0
214607,Pennsylvania State University-Penn State Great Valley,Malvern,PA,4,1,21.0,0.0,0.0,0.0,0.0,0.0,0.0,0.0,0.0,0.0,,,,,,,25000,63435.0
214625,Pennsylvania State University-Penn State New Kensington,New Kensington,PA,3,1,41.0,0.0,0.0,0.0,0.0,0.0,0.0,0.0,0.0,0.0,,0.9529,1190.0,416.0,14408.0,24134.0,25000,63435.0
214634,Pennsylvania State University-Penn State Shenango,Sharon,PA,3,1,31.0,0.0,0.0,0.0,0.0,0.0,0.0,0.0,0.0,0.0,,0.922,,256.0,14024.0,23560.0,25000,63435.0
214643,Pennsylvania State University-Penn State Wilkes-Barre,Dallas,PA,3,1,41.0,0.0,0.0,0.0,0.0,0.0,0.0,0.0,0.0,0.0,,0.9699,1200.0,313.0,14280.0,24006.0,25000,63435.0
214652,Pennsylvania State University-Penn State Scranton,Dunmore,PA,3,1,21.0,0.0,0.0,0.0,0.0,1.0,0.0,0.0,0.0,0.0,,0.9852,1190.0,793.0,15208.0,25392.0,25000,63435.0
214670,Pennsylvania State University-Penn State Lehigh Valley,Center Valley,PA,3,1,21.0,0.0,0.0,0.0,0.0,0.0,0.0,0.0,0.0,0.0,,0.9737,1210.0,859.0,15208.0,25392.0,25000,63435.0
214689,Pennsylvania State University-Penn State Altoona,Altoona,PA,3,1,13.0,0.0,0.0,0.0,0.0,0.0,0.0,0.0,0.0,0.0,,0.9806,1187.0,2367.0,15972.0,26958.0,25000,63435.0
214698,Pennsylvania State University-Penn State Beaver,Monaca,PA,3,1,21.0,0.0,0.0,0.0,0.0,0.0,0.0,0.0,0.0,0.0,,0.9565,1214.0,482.0,14408.0,24134.0,25000,63435.0
214704,Pennsylvania State University-Penn State Berks,Reading,PA,3,1,21.0,0.0,0.0,0.0,0.0,0.0,0.0,0.0,0.0,0.0,,0.9867,1174.0,1872.0,15972.0,26958.0,25000,63435.0
214713,Pennsylvania State University-Penn State Harrisburg,Middletown,PA,3,1,21.0,0.0,0.0,0.0,0.0,0.0,0.0,0.0,0.0,0.0,,0.976,1227.0,4031.0,15972.0,26958.0,25000,63435.0
214731,Pennsylvania State University-Penn State Brandywine,Media,PA,3,1,21.0,0.0,0.0,0.0,0.0,0.0,0.0,0.0,0.0,0.0,,0.9811,1200.0,1223.0,15208.0,25392.0,25000,63435.0
214740,Pennsylvania State University-Penn State DuBois,DuBois,PA,3,1,33.0,0.0,0.0,0.0,0.0,0.0,0.0,0.0,0.0,0.0,,0.9712,1080.0,349.0,14408.0,24134.0,25000,63435.0
214759,Pennsylvania State University-Penn State Fayette- Eberly,Lemont Furnace,PA,3,1,41.0,0.0,0.0,0.0,0.0,0.0,0.0,0.0,0.0,0.0,,0.9547,1170.0,402.0,14408.0,24134.0,25000,63435.0
214768,Pennsylvania State University-Penn State Hazleton,Hazleton,PA,3,1,23.0,0.0,0.0,0.0,0.0,0.0,0.0,0.0,0.0,0.0,,0.9641,1200.0,501.0,15208.0,25392.0,25000,63435.0
214777,Pennsylvania State University-Main Campus,University Park,PA,3,1,13.0,0.0,0.0,0.0,0.0,0.0,0.0,0.0,0.0,0.0,,0.6056,1337.0,42284.0,20644.0,41790.0,25000,63435.0
214786,Pennsylvania State University-Penn State Greater Allegheny,McKeesport,PA,3,1,21.0,0.0,0.0,0.0,0.0,0.0,0.0,0.0,0.0,0.0,,0.9647,1160.0,349.0,14408.0,24134.0,25000,63435.0
214795,Pennsylvania State University-Penn State Mont Alto,Mont Alto,PA,3,1,41.0,0.0,0.0,0.0,0.0,0.0,0.0,0.0,0.0,0.0,,0.9821,1160.0,559.0,14408.0,24134.0,25000,63435.0
214801,Pennsylvania State University-Penn State Abington,Abington,PA,3,1,21.0,0.0,0.0,0.0,0.0,1.0,0.0,0.0,0.0,0.0,,0.9677,1181.0,2877.0,15268.0,25664.0,25000,63435.0
214810,Pennsylvania State University-Penn State Schuylkill,Schuylkill Haven,PA,3,1,31.0,0.0,0.0,0.0,0.0,0.0,0.0,0.0,0.0,0.0,,0.9664,1130.0,620.0,15208.0,25392.0,25000,63435.0
214829,Pennsylvania State University-Penn State York,York,PA,3,1,22.0,0.0,0.0,0.0,0.0,0.0,0.0,0.0,0.0,0.0,,0.9741,1140.0,668.0,15208.0,25392.0,25000,63435.0
214883,Peirce College,Philadelphia,PA,3,2,11.0,0.0,1.0,0.0,0.0,0.0,0.0,0.0,0.0,0.0,,,,799.0,15060.0,15060.0,31250,50660.0
214892,Penn Commercial Business/Technical School,Washington,PA,1,3,21.0,0.0,0.0,0.0,0.0,0.0,0.0,0.0,0.0,0.0,,0.5584,,265.0,13654.0,13654.0,11638,31736.0
214944,Pennco Tech-Bristol,Bristol,PA,1,3,21.0,0.0,0.0,0.0,0.0,0.0,0.0,0.0,0.0,0.0,,,,771.0,,,7917,43493.0
214971,Pennsylvania Academy of the Fine Arts,Philadelphia,PA,3,2,11.0,0.0,0.0,0.0,0.0,0.0,0.0,0.0,0.0,0.0,,,,23.0,44600.0,44600.0,22309,29881.0
215008,Pennsylvania Gunsmith School,Pittsburgh,PA,1,3,21.0,0.0,0.0,0.0,0.0,0.0,0.0,0.0,0.0,0.0,,,,64.0,,,PS,40747.0
215044,Cortiva Institute,King of Prussia,PA,1,3,21.0,0.0,0.0,0.0,0.0,0.0,0.0,0.0,0.0,0.0,,,,125.0,,,8677,32094.0
215053,Pennsylvania College of Art and Design,Lancaster,PA,3,2,13.0,0.0,0.0,0.0,0.0,0.0,0.0,0.0,0.0,0.0,,0.9924,,400.0,32150.0,32150.0,27000,33301.0
215062,University of Pennsylvania,Philadelphia,PA,3,2,11.0,0.0,0.0,0.0,0.0,0.0,0.0,0.0,0.0,0.0,,0.054,1553.0,10650.0,68686.0,68686.0,15715,111371.0
215114,Cairn University-Langhorne,Langhorne,PA,3,2,21.0,0.0,0.0,0.0,0.0,0.0,0.0,0.0,0.0,0.0,,0.8817,1110.0,775.0,34009.0,34009.0,26926,44172.0
215123,Philadelphia College of Osteopathic Medicine,Philadelphia,PA,4,2,11.0,0.0,0.0,0.0,0.0,0.0,0.0,0.0,0.0,0.0,,,,,,,PS,138767.0
215239,Community College of Philadelphia,Philadelphia,PA,2,1,11.0,0.0,1.0,0.0,0.0,0.0,0.0,0.0,0.0,0.0,,,,11948.0,4632.0,12744.0,10750,40852.0
215266,University of Pittsburgh-Bradford,Bradford,PA,3,1,33.0,0.0,0.0,0.0,0.0,0.0,0.0,0.0,0.0,0.0,,0.8854,1125.0,995.0,14770.0,26644.0,24250,66125.0
215275,University of Pittsburgh-Greensburg,Greensburg,PA,3,1,21.0,0.0,0.0,0.0,0.0,0.0,0.0,0.0,0.0,0.0,,0.9521,1160.0,1305.0,14710.0,26584.0,24250,66125.0
215284,University of Pittsburgh-Johnstown,Johnstown,PA,3,1,23.0,0.0,0.0,0.0,0.0,0.0,0.0,0.0,0.0,0.0,,0.9484,1105.0,1808.0,14906.0,26780.0,24250,66125.0
215293,University of Pittsburgh-Pittsburgh Campus,Pittsburgh,PA,3,1,11.0,0.0,0.0,0.0,0.0,0.0,0.0,0.0,0.0,0.0,,0.5808,1370.0,20370.0,21926.0,41430.0,24250,66125.0
215309,University of Pittsburgh-Titusville,Titusville,PA,2,1,32.0,0.0,0.0,0.0,0.0,0.0,0.0,0.0,0.0,0.0,,0.3478,,33.0,11918.0,22210.0,24250,66125.0
215381,Pittsburgh Institute of Aeronautics,West Mifflin,PA,1,2,21.0,0.0,0.0,0.0,0.0,0.0,0.0,0.0,0.0,0.0,,,,663.0,18730.0,18730.0,12230,66642.0
215390,Pittsburgh Institute of Mortuary Science Inc,Pittsburgh,PA,2,2,11.0,0.0,0.0,0.0,0.0,0.0,0.0,0.0,0.0,0.0,,,,351.0,,,19295,53524.0
215424,Pittsburgh Theological Seminary,Pittsburgh,PA,4,2,11.0,0.0,0.0,0.0,0.0,0.0,0.0,0.0,0.0,0.0,66.0,,,,,,PS,
215442,Point Park University,Pittsburgh,PA,3,2,11.0,0.0,0.0,0.0,0.0,0.0,0.0,0.0,0.0,0.0,,0.9691,,2331.0,39570.0,39570.0,27000,45856.0
215479,Joseph F McCloskey School of Nursing,Pottsville,PA,1,2,32.0,0.0,0.0,0.0,0.0,0.0,0.0,0.0,0.0,0.0,,,,100.0,,,14400,86138.0
215530,The Salon Professional Academy-Altoona,Altoona,PA,1,3,23.0,0.0,0.0,0.0,0.0,0.0,0.0,0.0,0.0,0.0,,,,83.0,,,6333,20809.0
215585,Reading Area Community College,Reading,PA,2,1,13.0,0.0,0.0,0.0,0.0,0.0,1.0,0.0,0.0,0.0,,,,3703.0,6480.0,12510.0,8750,39082.0
215594,Reading Hospital School of Health Sciences,Reading,PA,1,2,13.0,0.0,0.0,0.0,0.0,0.0,0.0,0.0,0.0,0.0,,0.2925,,294.0,12225.0,12225.0,20885,74572.0
215619,Reconstructionist Rabbinical College,Wyncote,PA,4,2,21.0,0.0,0.0,0.0,0.0,0.0,0.0,0.0,0.0,0.0,80.0,,,,,,,
215637,Walnut Hill College,Philadelphia,PA,2,3,11.0,0.0,0.0,0.0,0.0,0.0,0.0,0.0,0.0,0.0,,0.4272,,175.0,29499.0,29499.0,18765,36689.0
215655,Robert Morris University,Moon Township,PA,3,2,21.0,0.0,0.0,0.0,0.0,0.0,0.0,0.0,0.0,0.0,,0.8989,,2896.0,35970.0,35970.0,26950,62105.0
215682,Rosedale Technical College,Pittsburgh,PA,2,2,21.0,0.0,0.0,0.0,0.0,0.0,0.0,0.0,0.0,0.0,,0.75,,475.0,17402.0,17402.0,12000,47880.0
215691,Rosemont College,Rosemont,PA,3,2,21.0,0.0,0.0,0.0,0.0,0.0,0.0,0.0,0.0,0.0,30.0,0.7634,,486.0,23845.0,23845.0,27000,48555.0
215743,Saint Francis University,Loretto,PA,3,2,42.0,0.0,0.0,0.0,0.0,0.0,0.0,0.0,0.0,0.0,30.0,0.7682,1155.0,1557.0,44000.0,44000.0,27000,62101.0
215770,Saint Joseph's University - Philadelphia,Philadelphia,PA,3,2,11.0,0.0,0.0,0.0,0.0,0.0,0.0,0.0,0.0,0.0,30.0,0.8883,1258.0,4948.0,53260.0,53260.0,25500,86881.0
215798,Saint Vincent College,Latrobe,PA,3,2,21.0,0.0,0.0,0.0,0.0,0.0,0.0,0.0,0.0,0.0,30.0,0.6173,1116.0,1259.0,42396.0,42396.0,27000,59982.0
215813,Saint Vincent Seminary,Latrobe,PA,4,2,21.0,0.0,0.0,0.0,0.0,0.0,0.0,0.0,0.0,0.0,30.0,,,,,,27000,59982.0
215886,Schuylkill Technology Center,Frackville,PA,1,1,32.0,0.0,0.0,0.0,0.0,0.0,0.0,0.0,0.0,0.0,,,,102.0,,,15275,49148.0
215929,University of Scranton,Scranton,PA,3,2,13.0,0.0,0.0,0.0,0.0,0.0,0.0,0.0,0.0,0.0,30.0,0.8123,1237.0,3554.0,53983.0,53983.0,27000,74652.0
215947,Seton Hill University,Greensburg,PA,3,2,21.0,0.0,0.0,0.0,0.0,0.0,0.0,0.0,0.0,0.0,30.0,0.7953,1117.0,1492.0,42944.0,42944.0,27000,51748.0
215974,UPMC Shadyside School of Nursing,Pittsburgh,PA,1,2,11.0,0.0,0.0,0.0,0.0,0.0,0.0,0.0,0.0,0.0,,0.7795,,715.0,16190.0,16190.0,19666,68801.0
215992,Laurel Technical Institute,Hermitage,PA,2,3,41.0,0.0,0.0,0.0,0.0,0.0,0.0,0.0,0.0,0.0,,0.8529,,163.0,13431.0,13431.0,10706,28311.0
216010,Shippensburg University of Pennsylvania,Shippensburg,PA,3,1,31.0,0.0,0.0,0.0,0.0,0.0,0.0,0.0,0.0,0.0,,0.865,1120.0,4086.0,13720.0,15974.0,25000,56351.0
216038,Slippery Rock University of Pennsylvania,Slippery Rock,PA,3,1,32.0,0.0,0.0,0.0,0.0,0.0,0.0,0.0,0.0,0.0,,0.7147,1095.0,6788.0,10568.0,14676.0,25000,53032.0
216047,Saint Charles Borromeo Seminary-Overbrook,Ambler,PA,3,2,21.0,0.0,0.0,0.0,0.0,0.0,0.0,0.0,1.0,0.0,30.0,1.0,,38.0,25774.0,25774.0,PS,55225.0
216074,South Hills Beauty Academy,Pittsburgh,PA,1,3,21.0,0.0,0.0,0.0,0.0,0.0,0.0,0.0,0.0,0.0,,,,183.0,,,3431,23453.0
216083,South Hills School of Business & Technology,State College,PA,2,3,13.0,0.0,0.0,0.0,0.0,0.0,0.0,0.0,0.0,0.0,,0.9727,,260.0,19905.0,19905.0,16000,35539.0
216162,St Lukes Hospital School of Nursing,Bethlehem,PA,1,2,21.0,0.0,0.0,0.0,0.0,0.0,0.0,0.0,0.0,0.0,,,,329.0,,,14000,80244.0
216223,The Beauty Institute,Stroudsburg,PA,1,3,31.0,0.0,0.0,0.0,0.0,0.0,0.0,0.0,0.0,0.0,,,,49.0,,,10830,30577.0
216278,Susquehanna University,Selinsgrove,PA,3,2,32.0,0.0,0.0,0.0,0.0,0.0,0.0,0.0,0.0,0.0,39.0,0.8143,1232.0,2163.0,59850.0,59850.0,27000,61723.0
216287,Swarthmore College,Swarthmore,PA,3,2,21.0,0.0,0.0,0.0,0.0,0.0,0.0,0.0,0.0,0.0,,0.0746,1534.0,1613.0,65494.0,65494.0,17500,80257.0
216296,Thaddeus Stevens College of Technology,Lancaster,PA,2,1,13.0,0.0,0.0,0.0,0.0,0.0,0.0,0.0,0.0,0.0,,0.7122,,1446.0,9050.0,9050.0,9990,54681.0
216311,Talmudical Yeshiva of Philadelphia,Philadelphia,PA,3,2,11.0,0.0,0.0,0.0,0.0,0.0,0.0,0.0,1.0,0.0,80.0,0.9024,,112.0,11512.0,11512.0,PS,
216339,Temple University,Philadelphia,PA,3,1,11.0,0.0,0.0,0.0,0.0,0.0,0.0,0.0,0.0,0.0,,0.8041,,20970.0,23011.0,38958.0,24395,63727.0
216348,Theological Seminary of the Reformed Episcopal Church,Oreland,PA,4,2,21.0,0.0,0.0,0.0,0.0,0.0,0.0,0.0,0.0,0.0,50.0,,,,,,,
216357,Thiel College,Greenville,PA,3,2,32.0,0.0,0.0,0.0,0.0,0.0,0.0,0.0,0.0,0.0,39.0,0.7155,,788.0,38344.0,38344.0,27000,49714.0
216366,Thomas Jefferson University,Philadelphia,PA,3,2,11.0,0.0,0.0,0.0,0.0,0.0,0.0,0.0,0.0,0.0,,0.8097,1243.0,3755.0,47505.0,47505.0,14744,77449.0
216463,Trinity Anglican Seminary,Ambridge,PA,4,2,21.0,0.0,0.0,0.0,0.0,0.0,0.0,0.0,0.0,0.0,73.0,,,,,,,
216524,Ursinus College,Collegeville,PA,3,2,21.0,0.0,0.0,0.0,0.0,0.0,0.0,0.0,0.0,0.0,,0.9177,1310.0,1491.0,61210.0,61210.0,27000,73721.0
216542,University of Valley Forge,Phoenixville,PA,3,2,21.0,0.0,0.0,0.0,0.0,0.0,1.0,0.0,0.0,0.0,27.0,0.612,,471.0,25240.0,25240.0,27000,39016.0
216551,Valley Forge Military College,Wayne,PA,2,2,21.0,0.0,0.0,0.0,0.0,0.0,0.0,0.0,0.0,0.0,,,,90.0,32176.0,32176.0,9500,50798.0
216579,Venus Beauty Academy,Aston,PA,1,3,21.0,0.0,0.0,0.0,0.0,0.0,0.0,0.0,0.0,0.0,,,,56.0,,,7388,22727.0
216597,Villanova University,Villanova,PA,3,2,21.0,0.0,0.0,0.0,0.0,0.0,0.0,0.0,0.0,0.0,30.0,0.2698,1460.0,6938.0,67776.0,67776.0,25874,100423.0
216630,Washington Health System School of Nursing,Washington,PA,1,2,21.0,0.0,0.0,0.0,0.0,0.0,0.0,0.0,0.0,0.0,,,,37.0,,,14750,63504.0
216667,Washington & Jefferson College,Washington,PA,3,2,21.0,0.0,0.0,0.0,0.0,0.0,0.0,0.0,0.0,0.0,,0.8064,,1295.0,29392.0,29392.0,27000,67918.0
216694,Waynesburg University,Waynesburg,PA,3,2,32.0,0.0,0.0,0.0,0.0,0.0,0.0,0.0,0.0,0.0,66.0,0.8982,1090.0,1009.0,30480.0,30480.0,27000,58537.0
216746,Welder Training and Testing Institute,Allentown,PA,1,3,12.0,0.0,0.0,0.0,0.0,0.0,0.0,0.0,0.0,0.0,,,,55.0,,,PS,55598.0
216764,West Chester University of Pennsylvania,West Chester,PA,3,1,21.0,0.0,0.0,0.0,0.0,0.0,0.0,0.0,0.0,0.0,,0.784,1187.0,14164.0,10775.0,22599.0,23500,61258.0
216773,Western Pennsylvania Hospital School of Nursing,Pittsburgh,PA,1,2,11.0,0.0,0.0,0.0,0.0,0.0,0.0,0.0,0.0,0.0,,1.0,,164.0,13410.0,13410.0,13838,56487.0
216807,Westminster College,New Wilmington,PA,3,2,42.0,0.0,0.0,0.0,0.0,0.0,0.0,0.0,0.0,0.0,66.0,0.9256,,1041.0,40290.0,40290.0,26060,53861.0
216816,Westminster Theological Seminary,Glenside,PA,4,2,21.0,0.0,0.0,0.0,0.0,0.0,0.0,0.0,0.0,0.0,79.0,,,,,,PS,
216825,Westmoreland County Community College,Youngwood,PA,2,1,21.0,0.0,0.0,0.0,0.0,0.0,0.0,0.0,0.0,0.0,,,,2441.0,6018.0,14424.0,11000,37439.0
216852,Widener University,Chester,PA,3,2,21.0,0.0,0.0,0.0,0.0,0.0,0.0,0.0,0.0,0.0,,0.7093,1180.0,2951.0,55730.0,55730.0,27000,70920.0
216931,Wilkes University,Wilkes-Barre,PA,3,2,13.0,0.0,0.0,0.0,0.0,0.0,0.0,0.0,0.0,0.0,,0.9064,1136.0,1985.0,43496.0,43496.0,26000,63454.0
216940,Williamson College of the Trades,Media,PA,2,2,21.0,0.0,0.0,0.0,0.0,0.0,0.0,0.0,0.0,0.0,,0.2188,,322.0,31611.0,31611.0,PS,
217013,Wilson College,Chambersburg,PA,3,2,13.0,0.0,0.0,0.0,0.0,0.0,0.0,0.0,0.0,0.0,66.0,0.9211,1000.0,865.0,27100.0,27100.0,26328,43326.0
217040,Yeshivath Beth Moshe,Scranton,PA,2,2,13.0,0.0,0.0,0.0,0.0,0.0,0.0,0.0,1.0,0.0,80.0,1.0,,34.0,10600.0,10600.0,PS,
217059,York College of Pennsylvania,York,PA,3,2,22.0,0.0,0.0,0.0,0.0,0.0,0.0,0.0,0.0,0.0,,0.7374,1162.0,3265.0,25588.0,25588.0,26000,61012.0
217077,YTI Career Institute-York,York,PA,1,3,22.0,0.0,0.0,0.0,0.0,0.0,0.0,0.0,0.0,0.0,,,,642.0,,,13426,40672.0
217156,Brown University,Providence,RI,3,2,12.0,0.0,0.0,0.0,0.0,0.0,0.0,0.0,0.0,0.0,,0.0539,1546.0,7226.0,71412.0,71412.0,11428,93487.0
217165,Bryant University,Smithfield,RI,3,2,21.0,0.0,0.0,0.0,0.0,0.0,0.0,0.0,0.0,0.0,,0.6546,1265.0,3194.0,52677.0,52677.0,26849,90008.0
217235,Johnson & Wales University-Providence,Providence,RI,3,2,12.0,0.0,1.0,0.0,0.0,0.0,0.0,0.0,0.0,0.0,,0.8841,1050.0,3868.0,42419.0,42419.0,26000,43418.0
217305,New England Institute of Technology,East Greenwich,RI,2,2,21.0,0.0,0.0,0.0,0.0,0.0,0.0,0.0,0.0,0.0,,0.6673,,1718.0,37275.0,37275.0,16668,48684.0
217323,New England Tractor Trailer Training School of Rhode Island,Pawtucket,RI,1,3,21.0,0.0,0.0,0.0,0.0,0.0,0.0,0.0,0.0,0.0,,,,646.0,,,6333,53085.0
217402,Providence College,Providence,RI,3,2,12.0,0.0,0.0,0.0,0.0,0.0,0.0,0.0,0.0,0.0,30.0,0.5089,1346.0,4229.0,63550.0,63550.0,27000,87054.0
217420,Rhode Island College,Providence,RI,3,1,21.0,0.0,0.0,0.0,0.0,0.0,1.0,0.0,0.0,0.0,,0.9182,990.0,5049.0,11300.0,27299.0,20500,56318.0
217475,Community College of Rhode Island,Warwick,RI,2,1,13.0,0.0,0.0,0.0,0.0,0.0,1.0,0.0,0.0,0.0,,,,11171.0,5550.0,14834.0,10920,42659.0
217484,University of Rhode Island,Kingston,RI,3,1,21.0,0.0,0.0,0.0,0.0,0.0,0.0,0.0,0.0,0.0,,0.7216,1160.0,13381.0,16942.0,37146.0,22250,69743.0
217493,Rhode Island School of Design,Providence,RI,3,2,12.0,0.0,0.0,0.0,0.0,0.0,0.0,0.0,0.0,0.0,,0.1866,1473.0,2084.0,62688.0,62688.0,27000,68140.0
217518,Roger Williams University,Bristol,RI,3,2,21.0,0.0,0.0,0.0,0.0,0.0,0.0,0.0,0.0,0.0,,0.8771,1223.0,3946.0,44418.0,44418.0,26940,70266.0
217536,Salve Regina University,Newport,RI,3,2,21.0,0.0,0.0,0.0,0.0,0.0,0.0,0.0,0.0,0.0,30.0,0.6817,1232.0,2121.0,50100.0,50100.0,27000,72975.0
217581,Empire Beauty School-Warwick,Providence,RI,1,3,12.0,0.0,0.0,0.0,0.0,0.0,0.0,0.0,0.0,0.0,,,,107.0,,,10231,23589.0
217606,Northpoint Bible College,Haverhill,MA,3,2,21.0,0.0,0.0,0.0,0.0,0.0,0.0,0.0,0.0,0.0,27.0,,,86.0,14160.0,14160.0,25000,42210.0
217615,Aiken Technical College,Graniteville,SC,2,1,21.0,0.0,0.0,0.0,0.0,0.0,0.0,0.0,0.0,0.0,,,,1925.0,5174.0,7924.0,12250,39225.0
217624,Allen University,Columbia,SC,3,2,12.0,1.0,0.0,0.0,0.0,0.0,0.0,0.0,0.0,0.0,51.0,0.7254,,576.0,14304.0,14304.0,34290,30497.0
217633,Anderson University,Anderson,SC,3,2,13.0,0.0,0.0,0.0,0.0,0.0,0.0,0.0,0.0,0.0,54.0,0.5471,1202.0,3183.0,34970.0,34970.0,26700,42101.0
217688,Charleston Southern University,Charleston,SC,3,2,12.0,0.0,0.0,0.0,0.0,0.0,0.0,0.0,0.0,0.0,54.0,0.9646,1059.0,2893.0,32520.0,32520.0,26471,45898.0
217712,Technical College of the Lowcountry,Beaufort,SC,2,1,13.0,0.0,0.0,0.0,0.0,0.0,0.0,0.0,0.0,0.0,,,,1679.0,6156.0,11916.0,10000,35090.0
217721,Benedict College,Columbia,SC,3,2,12.0,1.0,0.0,0.0,0.0,0.0,0.0,0.0,0.0,0.0,54.0,0.957,,1536.0,17440.0,17440.0,32500,31902.0
217749,Bob Jones University,Greenville,SC,3,2,13.0,0.0,0.0,0.0,0.0,0.0,0.0,0.0,0.0,0.0,102.0,,,2005.0,24470.0,24470.0,16585,44354.0
217776,Southern Wesleyan University,Central,SC,3,2,22.0,0.0,0.0,0.0,0.0,0.0,0.0,0.0,0.0,0.0,89.0,0.9953,1140.0,747.0,29800.0,29800.0,26000,47756.0
217794,Charleston Cosmetology Institute,Charleston,SC,1,3,12.0,0.0,0.0,0.0,0.0,0.0,0.0,0.0,0.0,0.0,,,,100.0,,,5655,25812.0
217819,College of Charleston,Charleston,SC,3,1,12.0,0.0,0.0,0.0,0.0,0.0,0.0,0.0,0.0,0.0,,0.6003,1247.0,10558.0,12978.0,38296.0,23250,56416.0
217837,Northeastern Technical College,Cheraw,SC,1,1,41.0,0.0,0.0,0.0,0.0,0.0,0.0,0.0,0.0,0.0,,,,921.0,5664.0,6024.0,PS,32141.0
217864,Citadel Military College of South Carolina,Charleston,SC,3,1,12.0,0.0,0.0,0.0,0.0,0.0,0.0,0.0,0.0,0.0,,0.2272,1208.0,2705.0,12570.0,38508.0,21096,72085.0
217873,Claflin University,Orangeburg,SC,3,2,32.0,1.0,0.0,0.0,0.0,0.0,0.0,0.0,0.0,0.0,71.0,0.6493,,1706.0,18282.0,18282.0,29000,40304.0
217882,Clemson University,Clemson,SC,3,1,22.0,0.0,0.0,0.0,0.0,0.0,0.0,0.0,0.0,0.0,,0.3834,1353.0,23300.0,15554.0,40866.0,21500,71513.0
217891,Clinton College,Rock Hill,SC,3,2,13.0,1.0,0.0,0.0,0.0,0.0,0.0,0.0,0.0,0.0,24.0,,,126.0,11136.0,11136.0,28987,30180.0
217907,Coker University,Hartsville,SC,3,2,32.0,0.0,0.0,0.0,0.0,0.0,0.0,0.0,0.0,0.0,,0.9396,,840.0,33416.0,33416.0,26000,40117.0
217925,Columbia International University,Columbia,SC,3,2,12.0,0.0,0.0,0.0,0.0,0.0,0.0,0.0,0.0,0.0,,0.9447,,716.0,27900.0,27900.0,20000,38951.0
217934,Columbia College,Columbia,SC,3,2,12.0,0.0,0.0,0.0,0.0,0.0,0.0,0.0,0.0,0.0,71.0,0.9393,,1343.0,22214.0,22214.0,22750,41338.0
217961,Converse University,Spartanburg,SC,3,2,13.0,0.0,0.0,0.0,0.0,0.0,0.0,0.0,0.0,0.0,,0.6774,1138.0,1173.0,25240.0,25240.0,27000,40867.0
217989,Denmark Technical College,Denmark,SC,1,1,43.0,1.0,0.0,0.0,0.0,0.0,0.0,0.0,0.0,0.0,,,,519.0,6315.0,11955.0,15250,25351.0
217998,Erskine College,Due West,SC,3,2,42.0,0.0,0.0,0.0,0.0,0.0,0.0,0.0,0.0,0.0,81.0,0.6274,,766.0,36710.0,36710.0,27000,53459.0
218025,Florence-Darlington Technical College,Florence,SC,1,1,41.0,0.0,1.0,0.0,0.0,0.0,0.0,0.0,0.0,0.0,,,,3055.0,4636.0,6772.0,12250,32748.0
218061,Francis Marion University,Florence,SC,3,1,41.0,0.0,0.0,0.0,0.0,0.0,0.0,0.0,0.0,0.0,,0.8639,1015.0,2628.0,11160.0,21544.0,27000,43888.0
218070,Furman University,Greenville,SC,3,2,21.0,0.0,0.0,0.0,0.0,0.0,0.0,0.0,0.0,0.0,,0.4295,1371.0,2379.0,59770.0,59770.0,23250,68635.0
218113,Greenville Technical College,Greenville,SC,1,1,13.0,0.0,0.0,0.0,0.0,0.0,0.0,0.0,0.0,0.0,,,,8916.0,5495.0,10775.0,15392,39473.0
218140,Horry-Georgetown Technical College,Conway,SC,1,1,13.0,0.0,0.0,0.0,0.0,0.0,0.0,0.0,0.0,0.0,,,,6274.0,4468.0,8836.0,14250,35507.0
218159,Kenneth Shuler School of Cosmetology-North Augusta,North Augusta,SC,1,3,21.0,0.0,0.0,0.0,0.0,0.0,0.0,0.0,0.0,0.0,,,,118.0,,,8661,25542.0
218195,Kenneth Shuler School of Cosmetology and Nails-Columbia,West Columbia,SC,1,3,21.0,0.0,0.0,0.0,0.0,0.0,0.0,0.0,0.0,0.0,,,,127.0,,,5858,25088.0
218229,Lander University,Greenwood,SC,3,1,32.0,0.0,0.0,0.0,0.0,0.0,0.0,0.0,0.0,0.0,,0.8131,1057.0,3397.0,11700.0,21300.0,25000,42396.0
218335,Medical University of South Carolina,Charleston,SC,3,1,12.0,0.0,0.0,0.0,0.0,0.0,0.0,0.0,0.0,0.0,,,,303.0,,,15000,88420.0
218353,Midlands Technical College,West Columbia,SC,2,1,21.0,0.0,0.0,0.0,0.0,0.0,0.0,0.0,0.0,0.0,,,,7564.0,5100.0,14700.0,12000,38701.0
218399,Morris College,Sumter,SC,3,2,13.0,1.0,0.0,0.0,0.0,0.0,0.0,0.0,0.0,0.0,54.0,,,383.0,16664.0,16664.0,31400,30614.0
218414,Newberry College,Newberry,SC,3,2,32.0,0.0,0.0,0.0,0.0,0.0,0.0,0.0,0.0,0.0,39.0,0.8979,,1479.0,31100.0,31100.0,26805,48040.0
218441,North Greenville University,Tigerville,SC,3,2,41.0,0.0,0.0,0.0,0.0,0.0,0.0,0.0,0.0,0.0,75.0,0.6667,1156.0,1819.0,25800.0,25800.0,23082,43035.0
218487,Orangeburg Calhoun Technical College,Orangeburg,SC,1,1,32.0,0.0,1.0,0.0,0.0,0.0,0.0,0.0,0.0,0.0,,,,1539.0,5210.0,8354.0,10562,35761.0
218520,Piedmont Technical College,Greenwood,SC,1,1,32.0,0.0,0.0,0.0,0.0,0.0,0.0,0.0,0.0,0.0,,,,3977.0,4775.0,6923.0,15000,35768.0
218539,Presbyterian College,Clinton,SC,3,2,32.0,0.0,0.0,0.0,0.0,0.0,0.0,0.0,0.0,0.0,66.0,0.6837,1118.0,852.0,44910.0,44910.0,26000,60194.0
218645,University of South Carolina Aiken,Aiken,SC,3,1,21.0,0.0,0.0,0.0,0.0,0.0,0.0,0.0,0.0,0.0,,0.7854,1120.0,2962.0,10760.0,21218.0,24275,45603.0
218654,University of South Carolina Beaufort,Bluffton,SC,3,1,31.0,0.0,0.0,0.0,0.0,0.0,0.0,0.0,0.0,0.0,,0.725,,2052.0,10730.0,21776.0,24000,48088.0
218663,University of South Carolina-Columbia,Columbia,SC,3,1,12.0,0.0,0.0,0.0,0.0,0.0,0.0,0.0,0.0,0.0,,0.6015,1297.0,29820.0,12688.0,35972.0,21500,62177.0
218672,University of South Carolina-Lancaster,Lancaster,SC,2,1,32.0,0.0,0.0,0.0,0.0,0.0,0.0,0.0,0.0,0.0,,0.8344,,668.0,7558.0,18238.0,9616,39426.0
218681,University of South Carolina-Salkehatchie,Allendale,SC,2,1,43.0,0.0,0.0,0.0,0.0,0.0,0.0,0.0,0.0,0.0,,0.7599,,271.0,7558.0,18238.0,11000,31360.0
218690,University of South Carolina-Sumter,Sumter,SC,2,1,13.0,0.0,0.0,0.0,0.0,0.0,0.0,0.0,0.0,0.0,,0.7406,,716.0,7558.0,18238.0,9250,42437.0
218706,University of South Carolina-Union,Union,SC,2,1,32.0,0.0,0.0,0.0,0.0,0.0,0.0,0.0,0.0,0.0,,0.6222,,270.0,7558.0,18238.0,11000,33699.0
218724,Coastal Carolina University,Conway,SC,3,1,13.0,0.0,0.0,0.0,0.0,0.0,0.0,0.0,0.0,0.0,,0.7527,1143.0,10377.0,11640.0,29628.0,23750,47258.0
218733,South Carolina State University,Orangeburg,SC,3,1,32.0,1.0,0.0,0.0,0.0,0.0,0.0,0.0,0.0,0.0,,0.8262,,2934.0,11060.0,21750.0,31000,38262.0
218742,University of South Carolina-Upstate,Spartanburg,SC,3,1,22.0,0.0,0.0,0.0,0.0,0.0,0.0,0.0,0.0,0.0,,0.6726,1099.0,4038.0,11588.0,23090.0,22310,48587.0
218751,Sherman College of Chiropractic,Boiling Springs,SC,4,2,22.0,0.0,0.0,0.0,0.0,0.0,0.0,0.0,0.0,0.0,,,,,,,,
218821,Spartanburg Methodist College,Spartanburg,SC,2,2,22.0,0.0,0.0,0.0,0.0,0.0,0.0,0.0,0.0,0.0,71.0,0.7816,,1116.0,20650.0,20650.0,12000,42895.0
218830,Spartanburg Community College,Spartanburg,SC,1,1,22.0,0.0,0.0,0.0,0.0,0.0,0.0,0.0,0.0,0.0,,,,5006.0,5071.0,10135.0,6500,37097.0
218858,Central Carolina Technical College,Sumter,SC,1,1,13.0,0.0,1.0,0.0,0.0,0.0,0.0,0.0,0.0,0.0,,,,2163.0,5715.0,9016.0,9977,32603.0
218885,Tri-County Technical College,Pendleton,SC,1,1,22.0,0.0,0.0,0.0,0.0,0.0,0.0,0.0,0.0,0.0,,,,5071.0,4448.0,11815.0,9000,40101.0
218894,Trident Technical College,Charleston,SC,2,1,12.0,0.0,0.0,0.0,0.0,0.0,0.0,0.0,0.0,0.0,,,,10512.0,4546.0,8620.0,13029,38253.0
218919,Voorhees University,Denmark,SC,3,2,43.0,1.0,0.0,0.0,0.0,0.0,0.0,0.0,0.0,0.0,73.0,,,440.0,12630.0,12630.0,26700,35339.0
218955,Williamsburg Technical College,Kingstree,SC,1,1,32.0,0.0,0.0,0.0,0.0,0.0,0.0,0.0,0.0,0.0,,,,448.0,4488.0,8592.0,PS,29935.0
218964,Winthrop University,Rock Hill,SC,3,1,13.0,0.0,0.0,0.0,0.0,0.0,0.0,0.0,0.0,0.0,,0.7925,1139.0,3523.0,14678.0,28676.0,26975,47185.0
218973,Wofford College,Spartanburg,SC,3,2,13.0,0.0,0.0,0.0,0.0,0.0,0.0,0.0,0.0,0.0,71.0,0.5194,1296.0,1816.0,56005.0,56005.0,25732,68964.0
218991,York Technical College,Rock Hill,SC,1,1,13.0,0.0,0.0,0.0,0.0,0.0,0.0,0.0,0.0,0.0,,,,3816.0,8036.0,13340.0,7000,37257.0
219000,Augustana University,Sioux Falls,SD,3,2,12.0,0.0,0.0,0.0,0.0,0.0,0.0,0.0,0.0,0.0,39.0,0.6775,1195.0,1965.0,40160.0,40160.0,25000,59217.0
219037,The Salon Professional Academy,Rapid City,SD,1,3,13.0,0.0,0.0,0.0,0.0,0.0,0.0,0.0,0.0,0.0,,,,80.0,,,8500,23641.0
219046,Black Hills State University,Spearfish,SD,3,1,32.0,0.0,0.0,0.0,0.0,0.0,0.0,0.0,0.0,0.0,,0.9633,1087.0,1928.0,8764.0,11866.0,26000,46674.0
219082,Dakota State University,Madison,SD,3,1,32.0,0.0,0.0,0.0,0.0,0.0,0.0,0.0,0.0,0.0,,0.8805,1215.0,2071.0,9654.0,12756.0,23500,50970.0
219091,Dakota Wesleyan University,Mitchell,SD,3,2,33.0,0.0,0.0,0.0,0.0,0.0,0.0,0.0,0.0,0.0,71.0,0.7338,,670.0,33790.0,33790.0,27000,53728.0
219125,Paul Mitchell the School-Rapid City,Rapid City,SD,1,3,13.0,0.0,0.0,0.0,0.0,0.0,0.0,0.0,0.0,0.0,,,,66.0,,,7917,29547.0
219143,Lake Area Technical College,Watertown,SD,2,1,33.0,0.0,0.0,0.0,0.0,0.0,0.0,0.0,0.0,0.0,,,,1812.0,6718.0,6718.0,12000,45473.0
219189,Mitchell Technical College,Mitchell,SD,2,1,33.0,0.0,0.0,0.0,0.0,0.0,0.0,0.0,0.0,0.0,,,,990.0,7524.0,7524.0,12000,50743.0
219198,Mount Marty University,Yankton,SD,3,2,33.0,0.0,0.0,0.0,0.0,0.0,0.0,0.0,0.0,0.0,30.0,0.4257,1120.0,697.0,34600.0,34600.0,26396,48179.0
219204,National American University-Rapid City,Rapid City,SD,3,3,13.0,0.0,0.0,0.0,0.0,0.0,0.0,0.0,0.0,0.0,,,,764.0,16065.0,16065.0,29020,37325.0
219240,Kairos University,Sioux Falls,SD,3,2,12.0,0.0,0.0,0.0,0.0,0.0,0.0,0.0,0.0,0.0,45.0,0.8462,,82.0,3600.0,3600.0,PS,
219259,Northern State University,Aberdeen,SD,3,1,33.0,0.0,0.0,0.0,0.0,0.0,0.0,0.0,0.0,0.0,,0.93,1089.0,1273.0,8845.0,11947.0,22320,47618.0
219277,Oglala Lakota College,Kyle,SD,2,1,43.0,0.0,0.0,0.0,1.0,0.0,0.0,0.0,0.0,0.0,,,,1097.0,2684.0,2684.0,PS,22517.0
219347,South Dakota School of Mines and Technology,Rapid City,SD,3,1,13.0,0.0,0.0,0.0,0.0,0.0,0.0,0.0,0.0,0.0,,0.7987,1245.0,2071.0,10500.0,14900.0,27000,72257.0
219356,South Dakota State University,Brookings,SD,3,1,33.0,0.0,0.0,0.0,0.0,0.0,0.0,0.0,0.0,0.0,,0.9834,1120.0,9198.0,9299.0,12809.0,23250,55070.0
219374,Sinte Gleska University,Mission,SD,2,1,43.0,0.0,0.0,0.0,1.0,0.0,0.0,0.0,0.0,0.0,,,,487.0,4714.0,4714.0,PS,20948.0
219383,University of Sioux Falls,Sioux Falls,SD,3,2,12.0,0.0,0.0,0.0,0.0,0.0,0.0,0.0,0.0,0.0,52.0,0.8289,,1218.0,21750.0,21750.0,23249,54521.0
219392,Sanford Medical Center,Sioux Falls,SD,1,2,12.0,0.0,0.0,0.0,0.0,0.0,0.0,0.0,0.0,0.0,,,,28.0,,,PS,
219408,Sisseton Wahpeton College,Sisseton,SD,2,1,43.0,0.0,0.0,0.0,1.0,0.0,0.0,0.0,0.0,0.0,,,,194.0,4330.0,4330.0,PS,31546.0
219426,Southeast Technical College,Sioux Falls,SD,2,1,12.0,0.0,0.0,0.0,0.0,0.0,0.0,0.0,0.0,0.0,,,,2310.0,7650.0,7650.0,12000,46709.0
219453,Stewart School,Sioux Falls,SD,1,3,12.0,0.0,0.0,0.0,0.0,0.0,0.0,0.0,0.0,0.0,,,,133.0,,,6864,31843.0
219471,University of South Dakota,Vermillion,SD,3,1,32.0,0.0,0.0,0.0,0.0,0.0,0.0,0.0,0.0,0.0,,0.9878,1125.0,5439.0,9432.0,12942.0,23592,51926.0
219480,Western Dakota Technical College,Rapid City,SD,2,1,13.0,0.0,0.0,0.0,0.0,0.0,0.0,0.0,0.0,0.0,,,,753.0,8294.0,8294.0,15000,40240.0
219505,American Baptist College,Nashville,TN,3,2,11.0,1.0,0.0,0.0,0.0,0.0,0.0,0.0,0.0,0.0,54.0,,,46.0,13604.0,13604.0,PS,41216.0
219587,Arnolds Beauty School,Milan,TN,1,3,32.0,0.0,0.0,0.0,0.0,0.0,0.0,0.0,0.0,0.0,,,,63.0,,,PS,27828.0
219596,TCAT Athens,Athens,TN,1,1,32.0,0.0,0.0,0.0,0.0,0.0,0.0,0.0,0.0,0.0,,,,205.0,,,PS,40540.0
219602,Austin Peay State University,Clarksville,TN,3,1,12.0,0.0,0.0,0.0,0.0,0.0,0.0,0.0,0.0,0.0,,0.9641,1088.0,7560.0,9006.0,14766.0,20547,44301.0
219639,Baptist Health Sciences University,Memphis,TN,3,2,11.0,0.0,1.0,0.0,0.0,0.0,0.0,0.0,0.0,0.0,54.0,0.8202,1050.0,770.0,13796.0,13796.0,29500,72529.0
219709,Belmont University,Nashville,TN,3,2,11.0,0.0,0.0,0.0,0.0,0.0,0.0,0.0,0.0,0.0,42.0,0.9528,1280.0,7137.0,42540.0,42540.0,20500,55930.0
219718,Bethel University,McKenzie,TN,3,2,32.0,0.0,0.0,0.0,0.0,0.0,0.0,0.0,0.0,0.0,60.0,0.6023,972.0,1547.0,18712.0,18712.0,27249,47482.0
219790,Bryan College-Dayton,Dayton,TN,3,2,32.0,0.0,0.0,0.0,0.0,0.0,0.0,0.0,0.0,0.0,42.0,,,814.0,19800.0,19800.0,23000,54434.0
219806,Carson-Newman University,Jefferson City,TN,3,2,23.0,0.0,0.0,0.0,0.0,0.0,0.0,0.0,0.0,0.0,54.0,0.9045,1117.0,1387.0,34700.0,34700.0,21500,48382.0
219824,Chattanooga State Community College,Chattanooga,TN,2,1,12.0,0.0,0.0,0.0,0.0,0.0,0.0,0.0,0.0,0.0,,,,5284.0,4772.0,17756.0,10419,37598.0
219833,Christian Brothers University,Memphis,TN,3,2,11.0,0.0,0.0,0.0,0.0,0.0,0.0,0.0,0.0,0.0,30.0,0.867,1098.0,905.0,38420.0,38420.0,27000,57478.0
219842,Pentecostal Theological Seminary,Cleveland,TN,1,2,13.0,0.0,0.0,0.0,0.0,0.0,0.0,0.0,0.0,0.0,57.0,,,0.0,,,PS,
219851,Austin's Beauty College Inc,Clarksville,TN,1,3,12.0,0.0,0.0,0.0,0.0,0.0,0.0,0.0,0.0,0.0,,,,101.0,,,7917,
219879,Cleveland State Community College,Cleveland,TN,2,1,13.0,0.0,0.0,0.0,0.0,0.0,0.0,0.0,0.0,0.0,,,,1975.0,4762.0,17746.0,7954,36671.0
219888,Columbia State Community College,Columbia,TN,2,1,31.0,0.0,0.0,0.0,0.0,0.0,0.0,0.0,0.0,0.0,,,,3897.0,5296.0,18112.0,8500,40256.0
219903,Concorde Career College-Memphis,Memphis,TN,1,3,11.0,0.0,0.0,0.0,0.0,0.0,0.0,0.0,0.0,0.0,,0.9506,,517.0,,,9500,31599.0
219949,Cumberland University,Lebanon,TN,3,2,31.0,0.0,0.0,0.0,0.0,0.0,0.0,0.0,0.0,0.0,,0.6733,,2104.0,27840.0,27840.0,17952,57687.0
219976,Lipscomb University,Nashville,TN,3,2,11.0,0.0,0.0,0.0,0.0,0.0,0.0,0.0,0.0,0.0,74.0,0.6773,1256.0,2997.0,40572.0,40572.0,19500,55541.0
219994,Tennessee College of Applied Technology-Dickson,Dickson,TN,1,1,41.0,0.0,0.0,0.0,0.0,0.0,0.0,0.0,0.0,0.0,,,,714.0,,,PS,36829.0
220057,Dyersburg State Community College,Dyersburg,TN,2,1,33.0,0.0,0.0,0.0,0.0,0.0,0.0,0.0,0.0,0.0,,,,2103.0,4758.0,17742.0,6900,36132.0
220075,East Tennessee State University,Johnson City,TN,3,1,13.0,0.0,0.0,0.0,0.0,0.0,0.0,0.0,0.0,0.0,,0.8619,1144.0,10004.0,10472.0,14522.0,19442,44859.0
220118,Chattanooga College Medical Dental and & Technical Careers,Chattanooga,TN,1,3,12.0,0.0,0.0,0.0,0.0,0.0,0.0,0.0,0.0,0.0,,,,252.0,12709.0,12709.0,7891,25954.0
220127,Tennessee College of Applied Technology-Elizabethton,Elizabethton,TN,1,1,22.0,0.0,0.0,0.0,0.0,0.0,0.0,0.0,0.0,0.0,,,,546.0,,,PS,35069.0
220163,The Hair Academy LLC,Fayetteville,TN,1,3,32.0,0.0,0.0,0.0,0.0,0.0,0.0,0.0,0.0,0.0,,,,82.0,,,7917,22193.0
220181,Fisk University,Nashville,TN,3,2,11.0,1.0,0.0,0.0,0.0,0.0,0.0,0.0,0.0,0.0,,0.3742,1200.0,1035.0,25858.0,25858.0,27000,45454.0
220206,Welch College,Gallatin,TN,3,2,21.0,0.0,0.0,0.0,0.0,0.0,0.0,0.0,0.0,0.0,41.0,,,226.0,21400.0,21400.0,19500,42198.0
220215,Freed-Hardeman University,Henderson,TN,3,2,32.0,0.0,0.0,0.0,0.0,0.0,0.0,0.0,0.0,0.0,74.0,0.5968,1109.0,1212.0,25620.0,25620.0,21500,47485.0
220251,Tennessee College of Applied Technology-Harriman,Harriman,TN,1,1,41.0,0.0,0.0,0.0,0.0,0.0,0.0,0.0,0.0,0.0,,,,246.0,,,PS,31591.0
220279,Tennessee College of Applied Technology-Hartsville,Hartsville,TN,1,1,42.0,0.0,0.0,0.0,0.0,0.0,0.0,0.0,0.0,0.0,,,,247.0,,,PS,40469.0
220321,Tennessee College of Applied Technology-Hohenwald,Hohenwald,TN,1,1,43.0,0.0,0.0,0.0,0.0,0.0,0.0,0.0,0.0,0.0,,,,346.0,,,PS,36106.0
220394,Tennessee College of Applied Technology-Jacksboro,Jacksboro,TN,1,1,32.0,0.0,0.0,0.0,0.0,0.0,0.0,0.0,0.0,0.0,,,,231.0,,,PS,36449.0
220400,Jackson State Community College,Jackson,TN,2,1,13.0,0.0,0.0,0.0,0.0,0.0,0.0,0.0,0.0,0.0,,,,2511.0,4740.0,17724.0,PS,35224.0
220464,John A Gupton College,Nashville,TN,2,2,11.0,0.0,0.0,0.0,0.0,0.0,0.0,0.0,0.0,0.0,,1.0,1020.0,166.0,12223.0,12223.0,12610,46902.0
220473,Johnson University,Knoxville,TN,3,2,41.0,0.0,0.0,0.0,0.0,0.0,0.0,0.0,0.0,0.0,48.0,0.6511,1078.0,743.0,21122.0,21122.0,21500,40596.0
220491,Paul Mitchell the School-Murfreesboro,Murfreesboro,TN,1,3,12.0,0.0,0.0,0.0,0.0,0.0,0.0,0.0,0.0,0.0,,,,201.0,,,7917,30461.0
220516,King University,Bristol,TN,3,2,13.0,0.0,0.0,0.0,0.0,0.0,0.0,0.0,0.0,0.0,66.0,0.9972,,908.0,36194.0,36194.0,22750,59831.0
220552,South College,Knoxville,TN,2,3,12.0,0.0,0.0,0.0,0.0,0.0,0.0,0.0,0.0,0.0,,,,8745.0,18535.0,18535.0,18668,36642.0
220598,Lane College,Jackson,TN,3,2,13.0,1.0,0.0,0.0,0.0,0.0,0.0,0.0,0.0,0.0,55.0,,,736.0,11790.0,11790.0,30500,31670.0
220604,Le Moyne-Owen College,Memphis,TN,3,2,11.0,1.0,0.0,0.0,0.0,0.0,0.0,0.0,0.0,0.0,78.0,0.9923,,581.0,12076.0,12076.0,28070,35594.0
220613,Lee University,Cleveland,TN,3,2,13.0,0.0,0.0,0.0,0.0,0.0,0.0,0.0,0.0,0.0,57.0,0.7052,1145.0,2617.0,23790.0,23790.0,25750,43222.0
220631,Lincoln Memorial University,Harrogate,TN,3,2,32.0,0.0,0.0,0.0,0.0,0.0,0.0,0.0,0.0,0.0,,0.6259,1092.0,1572.0,26938.0,26938.0,20000,49956.0
220640,Tennessee College of Applied Technology-Livingston,Livingston,TN,1,1,43.0,0.0,0.0,0.0,0.0,0.0,0.0,0.0,0.0,0.0,,,,340.0,,,PS,33497.0
220701,The University of Tennessee Southern,Pulaski,TN,3,1,32.0,0.0,0.0,0.0,0.0,0.0,0.0,0.0,0.0,0.0,,0.8671,1083.0,864.0,10924.0,10924.0,21500,38924.0
220710,Maryville College,Maryville,TN,3,2,21.0,0.0,0.0,0.0,0.0,0.0,0.0,0.0,0.0,0.0,66.0,0.6092,,1005.0,39284.0,39284.0,25375,49279.0
220765,Genesis Career College-Cookeville,Cookeville,TN,1,3,33.0,0.0,0.0,0.0,0.0,0.0,0.0,0.0,0.0,0.0,,,,300.0,,,6343,22652.0
220792,Meharry Medical College,Nashville,TN,4,2,11.0,1.0,0.0,0.0,0.0,0.0,0.0,0.0,0.0,0.0,71.0,,,,,,PS,
220853,Tennessee College of Applied Technology-Memphis,Memphis,TN,1,1,11.0,0.0,0.0,0.0,0.0,0.0,0.0,0.0,0.0,0.0,,,,1391.0,,,PS,31192.0
220862,University of Memphis,Memphis,TN,3,1,11.0,0.0,0.0,0.0,0.0,0.0,0.0,0.0,0.0,0.0,,0.7203,1088.0,12701.0,10728.0,15384.0,23300,48458.0
220871,Memphis Theological Seminary,Memphis,TN,4,2,11.0,0.0,0.0,0.0,0.0,0.0,0.0,0.0,0.0,0.0,60.0,,,,,,PS,
220978,Middle Tennessee State University,Murfreesboro,TN,3,1,12.0,0.0,0.0,0.0,0.0,0.0,0.0,0.0,0.0,0.0,,0.6909,1121.0,16301.0,10266.0,31574.0,20000,48541.0
220996,Middle Tennessee School of Anesthesia Inc,Madison,TN,4,2,11.0,0.0,0.0,0.0,0.0,0.0,0.0,0.0,0.0,0.0,95.0,,,,,,,
221050,Tennessee College of Applied Technology-Morristown,Morristown,TN,1,1,13.0,0.0,0.0,0.0,0.0,0.0,0.0,0.0,0.0,0.0,,,,642.0,,,PS,38837.0
221096,Motlow State Community College,Tullahoma,TN,2,1,41.0,0.0,0.0,0.0,0.0,0.0,0.0,0.0,0.0,0.0,,,,3962.0,4738.0,17722.0,PS,40397.0
221102,Tennessee College of Applied Technology-Murfreesboro,Murfreesboro,TN,1,1,12.0,0.0,0.0,0.0,0.0,0.0,0.0,0.0,0.0,0.0,,,,709.0,,,PS,40869.0
221148,Nashville Auto-Diesel College,Nashville,TN,1,3,11.0,0.0,0.0,0.0,0.0,0.0,0.0,0.0,0.0,0.0,,,,967.0,,,11730,46396.0
221184,Nashville State Community College,Nashville,TN,2,1,11.0,0.0,0.0,0.0,0.0,0.0,0.0,0.0,0.0,0.0,,,,5653.0,4730.0,17714.0,9595,38519.0
221236,Tennessee College of Applied Technology Northwest,Newbern,TN,1,1,42.0,0.0,0.0,0.0,0.0,0.0,0.0,0.0,0.0,0.0,,,,717.0,,,PS,38514.0
221281,Tennessee College of Applied Technology-Henry/Carroll,Paris,TN,1,1,33.0,0.0,0.0,0.0,0.0,0.0,0.0,0.0,0.0,0.0,,,,180.0,,,PS,29074.0
221333,Tennessee College of Applied Technology-Pulaski,Pulaski,TN,1,1,32.0,0.0,0.0,0.0,0.0,0.0,0.0,0.0,0.0,0.0,,,,246.0,,,PS,40368.0
221351,Rhodes College,Memphis,TN,3,2,11.0,0.0,0.0,0.0,0.0,0.0,0.0,0.0,0.0,0.0,66.0,0.5035,1362.0,1836.0,57110.0,57110.0,21761,66651.0
221397,Roane State Community College,Harriman,TN,2,1,32.0,0.0,0.0,0.0,0.0,0.0,0.0,0.0,0.0,0.0,,,,3250.0,4998.0,18630.0,8454,39407.0
221430,Tennessee College of Applied Technology Crump,Crump,TN,1,1,42.0,0.0,0.0,0.0,0.0,0.0,0.0,0.0,0.0,0.0,,,,388.0,,,PS,30796.0
221485,Southwest Tennessee Community College,Memphis,TN,2,1,11.0,0.0,1.0,0.0,0.0,0.0,0.0,0.0,0.0,0.0,,,,5047.0,4778.0,17750.0,PS,34071.0
221494,Tennessee College of Applied Technology-Shelbyville,Shelbyville,TN,1,1,32.0,0.0,0.0,0.0,0.0,0.0,0.0,0.0,0.0,0.0,,,,412.0,,,PS,38700.0
221519,The University of the South,Sewanee,TN,3,2,42.0,0.0,0.0,0.0,0.0,0.0,0.0,0.0,0.0,0.0,73.0,0.569,1344.0,1607.0,56120.0,56120.0,22855,64911.0
221582,Tennessee College of Applied Technology-Oneida-Huntsville,Huntsville,TN,1,1,43.0,0.0,0.0,0.0,0.0,0.0,0.0,0.0,0.0,0.0,,,,171.0,,,PS,31949.0
221591,Tennessee College of Applied Technology-Upper Cumberland,Crossville,TN,1,1,33.0,0.0,0.0,0.0,0.0,0.0,0.0,0.0,0.0,0.0,,,,360.0,,,PS,35551.0
221607,Tennessee College of Applied Technology-McMinnville,McMinnville,TN,1,1,32.0,0.0,0.0,0.0,0.0,0.0,0.0,0.0,0.0,0.0,,,,302.0,,,PS,40322.0
221616,Tennessee College of Applied Technology-Jackson,Jackson,TN,1,1,41.0,0.0,0.0,0.0,0.0,0.0,0.0,0.0,0.0,0.0,,,,563.0,,,PS,38383.0
221625,Tennessee College of Applied Technology-Knoxville,Knoxville,TN,1,1,12.0,0.0,0.0,0.0,0.0,0.0,0.0,0.0,0.0,0.0,,,,887.0,,,PS,37235.0
221643,Pellissippi State Community College,Knoxville,TN,2,1,21.0,0.0,0.0,0.0,0.0,0.0,0.0,0.0,0.0,0.0,,,,6715.0,4786.0,17770.0,8725,38440.0
221661,Southern Adventist University,Collegedale,TN,3,2,21.0,0.0,0.0,0.0,0.0,1.0,1.0,0.0,0.0,0.0,95.0,0.655,1129.0,2773.0,27300.0,27300.0,24500,53723.0
221670,Southern College of Optometry,Memphis,TN,4,2,11.0,0.0,0.0,0.0,0.0,0.0,0.0,0.0,0.0,0.0,,,,,,,PS,
221731,Tennessee Wesleyan University,Athens,TN,3,2,32.0,0.0,0.0,0.0,0.0,0.0,0.0,0.0,0.0,0.0,71.0,0.6885,1090.0,846.0,30814.0,30814.0,20000,45989.0
221740,The University of Tennessee-Chattanooga,Chattanooga,TN,3,1,12.0,0.0,0.0,0.0,0.0,0.0,0.0,0.0,0.0,0.0,,0.8109,1147.0,10074.0,10448.0,18512.0,19500,51151.0
221759,The University of Tennessee-Knoxville,Knoxville,TN,3,1,12.0,0.0,0.0,0.0,0.0,0.0,0.0,0.0,0.0,0.0,,0.416,1311.0,30418.0,13812.0,33256.0,20500,60249.0
221768,The University of Tennessee-Martin,Martin,TN,3,1,33.0,0.0,0.0,0.0,0.0,0.0,0.0,0.0,0.0,0.0,,0.882,1120.0,4866.0,10560.0,16600.0,21024,44213.0
221829,Tennessee School of Beauty of Knoxville Inc,Knoxville,TN,1,3,12.0,0.0,0.0,0.0,0.0,0.0,0.0,0.0,0.0,0.0,,,,323.0,,,6803,19913.0
221838,Tennessee State University,Nashville,TN,3,1,11.0,1.0,0.0,0.0,0.0,0.0,0.0,0.0,0.0,0.0,,0.7011,1000.0,4848.0,8616.0,22416.0,27000,42730.0
221847,Tennessee Technological University,Cookeville,TN,3,1,33.0,0.0,0.0,0.0,0.0,0.0,0.0,0.0,0.0,0.0,,0.7613,1151.0,8698.0,11376.0,15576.0,15650,48501.0
221892,Trevecca Nazarene University,Nashville,TN,3,2,11.0,0.0,0.0,0.0,0.0,0.0,0.0,0.0,0.0,0.0,59.0,0.6944,1091.0,1737.0,31300.0,31300.0,18744,49378.0
221908,Northeast State Community College,Blountville,TN,2,1,41.0,0.0,0.0,0.0,0.0,0.0,0.0,0.0,0.0,0.0,,,,4404.0,4782.0,17766.0,6827,34553.0
221953,Tusculum University,Greeneville,TN,3,2,32.0,0.0,0.0,0.0,0.0,0.0,0.0,0.0,0.0,0.0,66.0,0.7217,,785.0,29250.0,29250.0,23250,44367.0
221971,Union University,Jackson,TN,3,2,13.0,0.0,0.0,0.0,0.0,0.0,0.0,0.0,0.0,0.0,75.0,0.6041,1256.0,1607.0,40025.0,40025.0,20714,53990.0
221999,Vanderbilt University,Nashville,TN,3,2,11.0,0.0,0.0,0.0,0.0,0.0,0.0,0.0,0.0,0.0,,0.0586,1549.0,7208.0,67498.0,67498.0,14000,91565.0
222053,Volunteer State Community College,Gallatin,TN,2,1,21.0,0.0,0.0,0.0,0.0,0.0,0.0,0.0,0.0,0.0,,,,5339.0,4756.0,17740.0,7550,41150.0
222062,Walters State Community College,Morristown,TN,2,1,13.0,0.0,0.0,0.0,0.0,0.0,0.0,0.0,0.0,0.0,,,,3591.0,4752.0,17736.0,PS,37085.0
222105,William R Moore College of Technology,Memphis,TN,1,2,11.0,0.0,0.0,0.0,0.0,0.0,0.0,0.0,0.0,0.0,,,,366.0,9723.0,9723.0,PS,32194.0
222178,Abilene Christian University,Abilene,TX,3,2,12.0,0.0,0.0,0.0,0.0,0.0,0.0,0.0,0.0,0.0,74.0,0.6603,1194.0,3195.0,44200.0,44200.0,24250,55736.0
222567,Alvin Community College,Alvin,TX,2,1,21.0,0.0,0.0,0.0,0.0,0.0,1.0,0.0,0.0,0.0,,,,3342.0,1906.0,4402.0,4519,45762.0
222576,Amarillo College,Amarillo,TX,2,1,12.0,0.0,0.0,0.0,0.0,0.0,1.0,0.0,0.0,0.0,,,,7399.0,2136.0,4704.0,15000,41302.0
222628,Amberton University,Garland,TX,3,2,21.0,0.0,0.0,0.0,0.0,0.0,0.0,0.0,0.0,0.0,88.0,,,114.0,,,PS,
222822,Angelina College,Lufkin,TX,1,1,33.0,0.0,0.0,0.0,0.0,0.0,1.0,0.0,0.0,0.0,,,,2370.0,3430.0,6490.0,PS,37301.0
222831,Angelo State University,San Angelo,TX,3,1,13.0,0.0,0.0,0.0,0.0,0.0,1.0,0.0,0.0,0.0,,0.8301,1054.0,5643.0,8460.0,18300.0,20000,50116.0
222877,Arlington Baptist University,Arlington,TX,3,2,11.0,0.0,0.0,0.0,0.0,0.0,1.0,0.0,0.0,0.0,54.0,,,284.0,20830.0,20830.0,27000,44644.0
222886,Arlington Career Institute,Arlington,TX,1,3,11.0,0.0,0.0,0.0,0.0,0.0,0.0,0.0,0.0,0.0,,,,562.0,,,8347,36674.0
222983,Austin College,Sherman,TX,3,2,13.0,0.0,0.0,0.0,0.0,1.0,1.0,0.0,0.0,0.0,66.0,0.4765,1212.0,1165.0,48680.0,48680.0,24500,61296.0
222992,Austin Community College District,Austin,TX,2,1,11.0,0.0,0.0,0.0,0.0,0.0,1.0,0.0,0.0,0.0,,,,30189.0,2550.0,10590.0,10499,43177.0
223001,Austin Presbyterian Theological Seminary,Austin,TX,4,2,11.0,0.0,0.0,0.0,0.0,0.0,0.0,0.0,0.0,0.0,66.0,,,,,,PS,
223056,Baldwin Beauty School-South Austin,Austin,TX,1,3,11.0,0.0,0.0,0.0,0.0,0.0,0.0,0.0,0.0,0.0,,,,31.0,,,6980,24801.0
223083,Baptist Health System School of Health Professions,San Antonio,TX,2,3,11.0,0.0,0.0,0.0,0.0,0.0,0.0,0.0,0.0,0.0,,1.0,,575.0,13760.0,13760.0,18592,74220.0
223117,Baptist Missionary Association Theological Seminary,Jacksonville,TX,3,2,32.0,0.0,0.0,0.0,0.0,0.0,0.0,0.0,0.0,0.0,54.0,0.2857,,39.0,10050.0,10050.0,PS,
223223,Baylor College of Medicine,Houston,TX,4,2,11.0,0.0,0.0,0.0,0.0,0.0,0.0,0.0,0.0,0.0,,,,,,,PS,
223232,Baylor University,Waco,TX,3,2,12.0,0.0,0.0,0.0,0.0,0.0,0.0,0.0,0.0,0.0,54.0,0.5128,1329.0,14785.0,58100.0,58100.0,23000,65793.0
223320,Coastal Bend College,Beeville,TX,2,1,33.0,0.0,0.0,0.0,0.0,0.0,1.0,0.0,0.0,0.0,,,,1958.0,2916.0,5226.0,PS,35086.0
223427,Blinn College District,Brenham,TX,2,1,32.0,0.0,0.0,0.0,0.0,0.0,0.0,0.0,0.0,0.0,,,,15535.0,4890.0,11370.0,11500,46318.0
223463,Remington College-Dallas Campus,Dallas,TX,1,2,11.0,0.0,0.0,0.0,0.0,0.0,1.0,0.0,0.0,0.0,,,,250.0,15025.0,15025.0,13271,31349.0
223472,Vet Tech Institute of Houston,Houston,TX,2,3,11.0,0.0,0.0,0.0,0.0,0.0,0.0,0.0,0.0,0.0,,0.8095,,200.0,16324.0,16324.0,12000,35765.0
223506,Brazosport College,Lake Jackson,TX,1,1,23.0,0.0,0.0,0.0,0.0,0.0,1.0,0.0,0.0,0.0,,,,2622.0,2388.0,4711.0,5641,45910.0
223816,Central Texas College,Killeen,TX,2,1,21.0,0.0,0.0,0.0,0.0,0.0,1.0,0.0,0.0,0.0,,,,6247.0,3750.0,7500.0,6750,40995.0
223852,Charles and Sues School of Hair Design,Bryan,TX,1,3,13.0,0.0,0.0,0.0,0.0,0.0,0.0,0.0,0.0,0.0,,,,69.0,,,9500,27724.0
223898,Cisco College,Cisco,TX,1,1,43.0,0.0,0.0,0.0,0.0,0.0,0.0,0.0,0.0,0.0,,,,1620.0,4710.0,7140.0,9500,39092.0
223922,Clarendon College,Clarendon,TX,2,1,43.0,0.0,0.0,0.0,0.0,0.0,0.0,0.0,0.0,0.0,,,,1520.0,3720.0,5400.0,11000,38696.0
224004,Concordia University Texas,Austin,TX,3,2,11.0,0.0,0.0,0.0,0.0,0.0,1.0,0.0,0.0,0.0,68.0,0.9125,,1185.0,23500.0,23500.0,21852,60883.0
224013,BK Cosmo College of Cosmetology,Kerrville,TX,1,3,33.0,0.0,0.0,0.0,0.0,0.0,0.0,0.0,0.0,0.0,,,,55.0,,,PS,20270.0
224110,North Central Texas College,Gainesville,TX,2,1,32.0,0.0,0.0,0.0,0.0,0.0,0.0,0.0,0.0,0.0,,,,5863.0,3600.0,5739.0,11250,45809.0
224147,Texas A & M University-Corpus Christi,Corpus Christi,TX,3,1,11.0,0.0,0.0,0.0,0.0,0.0,1.0,0.0,0.0,0.0,,0.8858,1086.0,8034.0,9748.0,20794.0,23000,51865.0
224156,Paul Mitchell the School-Dallas,Carrollton,TX,1,3,21.0,0.0,0.0,0.0,0.0,0.0,0.0,0.0,0.0,0.0,,,,328.0,,,8505,28693.0
224226,Dallas Baptist University,Dallas,TX,3,2,11.0,0.0,0.0,0.0,0.0,0.0,0.0,0.0,0.0,0.0,54.0,0.8884,1120.0,2403.0,40190.0,40190.0,21591,56807.0
224244,Dallas Christian College,Dallas,TX,3,2,21.0,0.0,0.0,0.0,0.0,0.0,0.0,0.0,0.0,0.0,48.0,0.218,931.0,224.0,21730.0,21730.0,24912,43503.0
224271,Dallas Institute of Funeral Service,Dallas,TX,2,2,11.0,0.0,0.0,0.0,0.0,0.0,0.0,0.0,0.0,0.0,,,,454.0,17640.0,17640.0,12820,45866.0
224305,Dallas Theological Seminary,Dallas,TX,4,2,11.0,0.0,0.0,0.0,0.0,0.0,0.0,0.0,0.0,0.0,88.0,,,,,,PS,
224323,University of Dallas,Irving,TX,3,2,11.0,0.0,0.0,0.0,0.0,0.0,1.0,0.0,0.0,0.0,30.0,0.5344,1227.0,1403.0,53930.0,53930.0,23117,58285.0
224350,Del Mar College,Corpus Christi,TX,2,1,11.0,0.0,0.0,0.0,0.0,0.0,1.0,0.0,0.0,0.0,,,,9501.0,3440.0,6050.0,5500,38656.0
224527,East Texas Baptist University,Marshall,TX,3,2,32.0,0.0,0.0,0.0,0.0,0.0,0.0,0.0,0.0,0.0,54.0,0.5776,,1352.0,30680.0,30680.0,23250,52788.0
224545,Texas A&M University-Texarkana,Texarkana,TX,3,1,13.0,0.0,0.0,0.0,0.0,0.0,0.0,0.0,0.0,0.0,,0.6354,,1982.0,8349.0,45080.0,18953,45515.0
224554,East Texas A&M University,Commerce,TX,3,1,32.0,0.0,0.0,0.0,0.0,0.0,1.0,0.0,0.0,0.0,,0.9224,1076.0,9912.0,10026.0,22326.0,20500,50296.0
224615,Dallas College,Dallas,TX,2,1,11.0,0.0,0.0,0.0,0.0,0.0,1.0,0.0,0.0,0.0,,,,43869.0,2730.0,6900.0,9500,41714.0
224642,El Paso Community College,El Paso,TX,2,1,11.0,0.0,0.0,0.0,0.0,0.0,1.0,0.0,0.0,0.0,,,,24214.0,4080.0,6630.0,6566,35212.0
224660,Western Technical College,El Paso,TX,2,3,11.0,0.0,0.0,0.0,0.0,0.0,0.0,0.0,0.0,0.0,,,,600.0,,,17277,36156.0
224679,Western Technical College,El Paso,TX,1,3,11.0,0.0,0.0,0.0,0.0,0.0,0.0,0.0,0.0,0.0,,,,1206.0,,,17277,36156.0
224712,Episcopal Theological Seminary of the Southwest,Austin,TX,4,2,11.0,0.0,0.0,0.0,0.0,0.0,0.0,0.0,0.0,0.0,73.0,,,,,,,
224891,Frank Phillips College,Borger,TX,1,1,32.0,0.0,0.0,0.0,0.0,0.0,1.0,0.0,0.0,0.0,,,,623.0,3712.0,4882.0,9500,37179.0
224961,Galveston College,Galveston,TX,1,1,13.0,0.0,0.0,0.0,0.0,0.0,1.0,0.0,0.0,0.0,,,,1528.0,2726.0,6176.0,10311,37233.0
225043,Graham's Barber College,DALLAS,TX,1,3,11.0,0.0,0.0,0.0,0.0,0.0,0.0,0.0,0.0,0.0,,,,8.0,,,,
225070,Grayson College,Denison,TX,1,1,41.0,0.0,0.0,0.0,0.0,0.0,0.0,0.0,0.0,0.0,,,,3075.0,3052.0,6352.0,12250,40873.0
225201,Hallmark University,San Antonio,TX,3,2,11.0,0.0,0.0,0.0,0.0,0.0,1.0,0.0,0.0,0.0,,0.5134,,769.0,,,25438,40183.0
225247,Hardin-Simmons University,Abilene,TX,3,2,12.0,0.0,0.0,0.0,0.0,0.0,1.0,0.0,0.0,0.0,54.0,0.9,1108.0,1283.0,32960.0,32960.0,24711,54771.0
225308,Trinity Valley Community College,Athens,TX,2,1,32.0,0.0,0.0,0.0,0.0,0.0,1.0,0.0,0.0,0.0,,,,5655.0,2640.0,5970.0,10426,38567.0
225371,Hill College,Hillsboro,TX,2,1,32.0,0.0,0.0,0.0,0.0,0.0,1.0,0.0,0.0,0.0,,,,2253.0,3570.0,3570.0,10000,39572.0
225399,Houston Christian University,Houston,TX,3,2,11.0,0.0,0.0,0.0,0.0,0.0,1.0,0.0,0.0,0.0,54.0,0.8444,1084.0,2886.0,39430.0,39430.0,22642,55933.0
225414,University of Houston-Clear Lake,Houston,TX,3,1,12.0,0.0,0.0,0.0,0.0,0.0,1.0,0.0,0.0,0.0,,0.9052,1060.0,6078.0,7770.0,21114.0,17831,59004.0
225423,Houston City College,Houston,TX,2,1,11.0,0.0,0.0,0.0,0.0,1.0,1.0,0.0,0.0,0.0,,,,40503.0,2040.0,5460.0,13921,39254.0
225432,University of Houston-Downtown,Houston,TX,3,1,11.0,0.0,0.0,0.0,0.0,0.0,1.0,0.0,0.0,0.0,,0.8996,1029.0,12555.0,7708.0,17548.0,18750,53551.0
225502,Texas A&M University-Victoria,Victoria,TX,3,1,13.0,0.0,0.0,0.0,0.0,0.0,1.0,0.0,0.0,0.0,,0.959,,2513.0,7149.0,16989.0,18973,54467.0
225511,University of Houston,Houston,TX,3,1,11.0,0.0,0.0,0.0,0.0,1.0,1.0,0.0,0.0,0.0,,0.7392,1250.0,38380.0,9717.0,22547.0,18194,62377.0
225520,Howard College,Big Spring,TX,2,1,33.0,0.0,0.0,0.0,0.0,0.0,1.0,0.0,0.0,0.0,,,,1611.0,2766.0,6716.0,9500,38382.0
225548,Howard Payne University,Brownwood,TX,3,2,33.0,0.0,0.0,0.0,0.0,0.0,1.0,0.0,0.0,0.0,54.0,0.6737,1026.0,713.0,34982.0,34982.0,26793,48376.0
225575,Huston-Tillotson University,Austin,TX,3,2,11.0,1.0,0.0,0.0,0.0,0.0,0.0,0.0,0.0,0.0,78.0,0.3909,1014.0,1005.0,26709.0,26709.0,30750,42937.0
225627,University of the Incarnate Word,San Antonio,TX,3,2,11.0,0.0,0.0,0.0,0.0,0.0,1.0,0.0,0.0,0.0,30.0,0.9814,,4440.0,37090.0,37090.0,27000,56733.0
225876,Jacksonville College-Main Campus,Jacksonville,TX,2,2,32.0,0.0,0.0,0.0,0.0,0.0,1.0,0.0,0.0,0.0,54.0,,,157.0,8850.0,8850.0,PS,38885.0
225885,Jarvis Christian University,Hawkins,TX,3,2,42.0,1.0,0.0,0.0,0.0,0.0,0.0,0.0,0.0,0.0,61.0,,,577.0,11720.0,11720.0,27000,32992.0
225991,KD Conservatory College of Film and Dramatic Arts,Dallas,TX,2,3,11.0,0.0,0.0,0.0,0.0,0.0,0.0,0.0,0.0,0.0,,0.6818,,70.0,20521.0,20521.0,12750,30187.0
226019,Kilgore College,Kilgore,TX,2,1,31.0,0.0,0.0,0.0,0.0,0.0,1.0,0.0,0.0,0.0,,,,3215.0,2160.0,5256.0,14967,37975.0
226091,Lamar University,Beaumont,TX,3,1,12.0,0.0,0.0,0.0,0.0,0.0,1.0,0.0,0.0,0.0,,0.8641,1061.0,8150.0,8905.0,18745.0,21250,49652.0
226107,Lamar State College-Orange,Orange,TX,1,1,31.0,0.0,0.0,0.0,0.0,0.0,0.0,0.0,0.0,0.0,,,,1391.0,3540.0,17280.0,10959,36587.0
226116,Lamar State College-Port Arthur,Port Arthur,TX,1,1,13.0,0.0,0.0,0.0,0.0,0.0,1.0,0.0,0.0,0.0,,,,1508.0,1770.0,8070.0,13250,37120.0
226134,Laredo College,Laredo,TX,2,1,11.0,0.0,0.0,0.0,0.0,0.0,1.0,0.0,0.0,0.0,,,,5818.0,3300.0,5748.0,2959,33934.0
226152,Texas A & M International University,Laredo,TX,3,1,11.0,0.0,0.0,0.0,0.0,0.0,1.0,0.0,0.0,0.0,,0.4437,993.0,6667.0,7894.0,19454.0,15000,48386.0
226204,Lee College,Baytown,TX,1,1,13.0,0.0,0.0,0.0,0.0,0.0,1.0,0.0,0.0,0.0,,,,5116.0,2520.0,5190.0,7500,42178.0
226231,LeTourneau University,Longview,TX,3,2,13.0,0.0,0.0,0.0,0.0,0.0,0.0,0.0,0.0,0.0,42.0,0.3801,1208.0,1468.0,37160.0,37160.0,26000,57103.0
226277,Lincoln College of Technology-Grand Prairie,Grand Prairie,TX,1,3,21.0,0.0,0.0,0.0,0.0,0.0,0.0,0.0,0.0,0.0,,,,1539.0,,,11730,46396.0
226383,Lubbock Christian University,Lubbock,TX,3,2,11.0,0.0,0.0,0.0,0.0,0.0,1.0,0.0,0.0,0.0,74.0,0.731,1100.0,1252.0,28540.0,28540.0,20948,53787.0
226408,College of the Mainland,Texas City,TX,2,1,13.0,0.0,0.0,0.0,0.0,0.0,1.0,0.0,0.0,0.0,,,,3368.0,2310.0,4140.0,5960,39639.0
226471,University of Mary Hardin-Baylor,Belton,TX,3,2,22.0,0.0,0.0,0.0,0.0,0.0,1.0,0.0,0.0,0.0,54.0,0.9576,1099.0,2759.0,32020.0,32020.0,26000,56132.0
226578,McLennan Community College,Waco,TX,2,1,12.0,0.0,0.0,0.0,0.0,0.0,1.0,0.0,0.0,0.0,,,,5668.0,3660.0,5910.0,10500,39163.0
226587,McMurry University,Abilene,TX,3,2,12.0,0.0,0.0,0.0,0.0,0.0,1.0,0.0,0.0,0.0,71.0,0.5704,1043.0,1176.0,32340.0,32340.0,27000,48779.0
226675,Covenant School of Nursing and Allied Health,Lubbock,TX,1,2,11.0,0.0,0.0,0.0,0.0,0.0,0.0,0.0,0.0,0.0,30.0,,,360.0,,,12969,78724.0
226806,Midland College,Midland,TX,1,1,12.0,0.0,0.0,0.0,0.0,0.0,1.0,0.0,0.0,0.0,,,,5542.0,3180.0,6180.0,10670,43958.0
226833,Midwestern State University,Wichita Falls,TX,3,1,12.0,0.0,0.0,0.0,0.0,0.0,1.0,0.0,0.0,0.0,,0.9352,,4087.0,10580.0,12530.0,21030,55747.0
226860,William Edge Institute,New Braunfels,TX,1,3,12.0,0.0,0.0,0.0,0.0,0.0,0.0,0.0,0.0,0.0,,,,73.0,,,PS,23040.0
226879,Wade College,Dallas,TX,2,3,11.0,0.0,0.0,0.0,0.0,0.0,0.0,0.0,0.0,0.0,,,,252.0,17692.0,17692.0,22938,36657.0
226903,Southern Careers Institute-Austin,Austin,TX,1,3,11.0,0.0,0.0,0.0,0.0,0.0,0.0,0.0,0.0,0.0,,,,746.0,,,8708,27035.0
227058,Tint School of Makeup & Cosmetology,Irving,TX,1,3,11.0,0.0,0.0,0.0,0.0,0.0,0.0,0.0,0.0,0.0,,,,44.0,,,6333,26381.0
227146,Navarro College,Corsicana,TX,2,1,32.0,0.0,0.0,0.0,0.0,0.0,0.0,0.0,0.0,0.0,,,,3781.0,3008.0,6578.0,11000,38716.0
227182,Lone Star College System,The Woodlands,TX,2,1,12.0,0.0,0.0,0.0,0.0,0.0,1.0,0.0,0.0,0.0,,,,45188.0,3330.0,9390.0,8600,42466.0
227216,University of North Texas,Denton,TX,3,1,12.0,0.0,0.0,0.0,0.0,0.0,1.0,0.0,0.0,0.0,,0.7223,1109.0,34341.0,11309.0,21149.0,19250,57010.0
227225,Northeast Texas Community College,Mount Pleasant,TX,1,1,42.0,0.0,0.0,0.0,0.0,0.0,1.0,0.0,0.0,0.0,,,,1973.0,2980.0,5620.0,10946,37870.0
227289,Oblate School of Theology,San Antonio,TX,4,2,11.0,0.0,0.0,0.0,0.0,0.0,0.0,0.0,0.0,0.0,30.0,,,,,,,
227298,Ocean Corporation,Houston,TX,1,3,11.0,0.0,0.0,0.0,0.0,0.0,0.0,0.0,0.0,0.0,,,,192.0,,,9500,53474.0
227304,Odessa College,Odessa,TX,2,1,12.0,0.0,0.0,0.0,0.0,0.0,1.0,0.0,0.0,0.0,,,,4654.0,2688.0,4926.0,7750,42026.0
227313,Ogle School Hair Skin Nails-Arlington,Arlington,TX,1,3,21.0,0.0,0.0,0.0,0.0,0.0,0.0,0.0,0.0,0.0,,,,374.0,,,7917,31055.0
227322,Ogle School Hair Skin Nails-Ft Worth,Fort Worth,TX,1,3,11.0,0.0,0.0,0.0,0.0,0.0,0.0,0.0,0.0,0.0,,,,500.0,,,7917,26885.0
227331,Our Lady of the Lake University,San Antonio,TX,3,2,11.0,0.0,0.0,0.0,0.0,0.0,1.0,0.0,0.0,0.0,30.0,,,1066.0,32106.0,32106.0,24999,48675.0
227368,The University of Texas Rio Grande Valley,Edinburg,TX,3,1,12.0,0.0,0.0,0.0,0.0,0.0,1.0,0.0,0.0,0.0,,0.9419,985.0,28666.0,9987.0,19827.0,12950,49620.0
227377,Texas Southmost College,Brownsville,TX,2,1,12.0,0.0,0.0,0.0,0.0,0.0,1.0,0.0,0.0,0.0,,,,3372.0,3148.0,4948.0,9000,41900.0
227386,Panola College,Carthage,TX,1,1,32.0,0.0,0.0,0.0,0.0,0.0,0.0,0.0,0.0,0.0,,,,1388.0,2352.0,5232.0,10500,36072.0
227401,Paris Junior College,Paris,TX,2,1,33.0,0.0,0.0,0.0,0.0,0.0,0.0,0.0,0.0,0.0,,,,2204.0,2700.0,5700.0,5342,36515.0
227429,Paul Quinn College,Dallas,TX,3,2,11.0,1.0,0.0,0.0,0.0,0.0,0.0,0.0,0.0,0.0,51.0,0.4028,,620.0,13498.0,13498.0,23373,29288.0
227526,Prairie View A & M University,Prairie View,TX,3,1,42.0,1.0,0.0,0.0,0.0,0.0,0.0,0.0,0.0,0.0,,0.7931,980.0,8877.0,11299.0,26874.0,27000,45411.0
227687,Ranger College,Ranger,TX,2,1,43.0,0.0,0.0,0.0,0.0,0.0,1.0,0.0,0.0,0.0,,,,971.0,2766.0,9066.0,9500,35552.0
227748,Aviation Institute of Maintenance-Houston,Houston,TX,1,3,11.0,0.0,0.0,0.0,0.0,0.0,0.0,0.0,0.0,0.0,,,,360.0,16757.0,16757.0,31875,58327.0
227757,Rice University,Houston,TX,3,2,11.0,0.0,0.0,0.0,0.0,0.0,0.0,0.0,0.0,0.0,,0.08,1553.0,4776.0,64144.0,64144.0,11000,89718.0
227845,Saint Edward's University,Austin,TX,3,2,11.0,0.0,0.0,0.0,0.0,0.0,1.0,0.0,0.0,0.0,30.0,0.8142,1138.0,2493.0,51384.0,51384.0,24803,58826.0
227854,St Philip's College,San Antonio,TX,1,1,11.0,1.0,0.0,0.0,0.0,0.0,1.0,0.0,0.0,0.0,,,,12914.0,3412.0,9952.0,9500,38224.0
227863,University of St Thomas,Houston,TX,3,2,11.0,0.0,0.0,0.0,0.0,1.0,1.0,0.0,0.0,0.0,30.0,0.8992,1090.0,3220.0,34634.0,34634.0,19928,59224.0
227881,Sam Houston State University,Huntsville,TX,3,1,32.0,0.0,0.0,0.0,0.0,0.0,1.0,0.0,0.0,0.0,,0.9026,1041.0,17743.0,9228.0,19068.0,21983,54211.0
227924,San Antonio College,San Antonio,TX,2,1,11.0,0.0,0.0,0.0,0.0,0.0,1.0,0.0,0.0,0.0,,,,16416.0,3412.0,9952.0,10500,39711.0
227979,San Jacinto Community College,Pasadena,TX,2,1,12.0,0.0,0.0,0.0,0.0,0.0,1.0,0.0,0.0,0.0,,,,22969.0,2490.0,6690.0,9500,43062.0
228042,Schreiner University,Kerrville,TX,3,2,33.0,0.0,0.0,0.0,0.0,0.0,1.0,0.0,0.0,0.0,66.0,0.882,,1053.0,39266.0,39266.0,23250,52228.0
228088,Seguin Beauty School-Seguin,Seguin,TX,1,3,31.0,0.0,0.0,0.0,0.0,0.0,0.0,0.0,0.0,0.0,,,,38.0,,,9995,21891.0
228149,St. Mary's University,San Antonio,TX,3,2,11.0,0.0,0.0,0.0,0.0,0.0,1.0,0.0,0.0,0.0,30.0,0.9776,1089.0,1951.0,37434.0,37434.0,25563,56955.0
228158,South Plains College,Levelland,TX,2,1,32.0,0.0,0.0,0.0,0.0,0.0,1.0,0.0,0.0,0.0,,,,6005.0,2731.0,5155.0,10500,41276.0
228194,South Texas College of Law Houston,Houston,TX,4,2,11.0,0.0,0.0,0.0,0.0,0.0,0.0,0.0,0.0,0.0,,,,,,,PS,
228200,South Texas Vocational Technical Institute-Weslaco,Weslaco,TX,1,3,21.0,0.0,0.0,0.0,0.0,0.0,0.0,0.0,0.0,0.0,,,,521.0,,,15917,31102.0
228219,Miller-Motte College-STVT-McAllen,McAllen,TX,1,3,12.0,0.0,0.0,0.0,0.0,0.0,0.0,0.0,0.0,0.0,,,,546.0,,,15917,31102.0
228246,Southern Methodist University,Dallas,TX,3,2,21.0,0.0,0.0,0.0,0.0,0.0,0.0,0.0,0.0,0.0,71.0,0.6335,1428.0,7277.0,67040.0,67040.0,19500,78354.0
228282,Southwest School of Business and Technical Careers-San Antonio,San Antonio,TX,1,3,11.0,0.0,0.0,0.0,0.0,0.0,0.0,0.0,0.0,0.0,,,,21.0,,,7273,24251.0
228316,Southwest Texas College,Uvalde,TX,1,1,33.0,0.0,0.0,0.0,0.0,0.0,1.0,0.0,0.0,0.0,,,,3306.0,2646.0,6294.0,6200,35563.0
228325,Nelson University,Waxahachie,TX,3,2,21.0,0.0,0.0,0.0,0.0,0.0,1.0,0.0,0.0,0.0,27.0,0.8902,980.0,1479.0,25064.0,25064.0,24725,46238.0
228343,Southwestern University,Georgetown,TX,3,2,13.0,0.0,0.0,0.0,0.0,0.0,1.0,0.0,0.0,0.0,71.0,0.4305,1241.0,1440.0,53813.0,53813.0,25000,56878.0
228431,Stephen F Austin State University,Nacogdoches,TX,3,1,33.0,0.0,0.0,0.0,0.0,0.0,1.0,0.0,0.0,0.0,,0.9399,1066.0,8728.0,11128.0,23426.0,23409,49634.0
228459,Texas State University,San Marcos,TX,3,1,13.0,0.0,0.0,0.0,0.0,0.0,1.0,0.0,0.0,0.0,,0.8932,1103.0,36177.0,11450.0,22930.0,21000,56906.0
228468,Southwestern Adventist University,Keene,TX,3,2,31.0,0.0,0.0,0.0,0.0,0.0,1.0,0.0,0.0,0.0,95.0,0.7836,1031.0,570.0,25380.0,25380.0,26998,52946.0
228486,Southwestern Christian College,Terrell,TX,2,2,32.0,1.0,0.0,0.0,0.0,0.0,0.0,0.0,0.0,0.0,74.0,,,110.0,14638.0,14638.0,PS,32672.0
228501,Sul Ross State University,Alpine,TX,3,1,33.0,0.0,0.0,0.0,0.0,0.0,1.0,0.0,0.0,0.0,,0.9871,1024.0,1396.0,7592.0,17672.0,15900,41871.0
228529,Tarleton State University,Stephenville,TX,3,1,33.0,0.0,0.0,0.0,0.0,0.0,0.0,0.0,0.0,0.0,,0.8955,1075.0,12673.0,8302.0,18142.0,19606,53040.0
228547,Tarrant County College District,Fort Worth,TX,2,1,11.0,0.0,0.0,0.0,0.0,0.0,1.0,0.0,0.0,0.0,,,,42300.0,1863.0,8370.0,9104,42727.0
228608,Temple College,Temple,TX,2,1,13.0,0.0,0.0,0.0,0.0,0.0,1.0,0.0,0.0,0.0,,,,3178.0,3000.0,7224.0,12813,38678.0
228635,University of Texas Southwestern Medical Center,Dallas,TX,4,1,11.0,0.0,0.0,0.0,0.0,0.0,0.0,0.0,0.0,0.0,,,,,,,PS,76860.0
228644,The University of Texas Health Science Center at San Antonio,San Antonio,TX,3,1,11.0,0.0,0.0,0.0,0.0,0.0,1.0,0.0,0.0,0.0,,,,930.0,,,15000,82206.0
228653,The University of Texas Medical Branch at Galveston,Galveston,TX,3,1,13.0,0.0,0.0,0.0,0.0,0.0,0.0,0.0,0.0,0.0,,,,545.0,,,13396,92961.0
228699,Texarkana College,Texarkana,TX,2,1,13.0,0.0,0.0,0.0,0.0,0.0,0.0,0.0,0.0,0.0,,,,1502.0,2476.0,5332.0,10500,34647.0
228705,Texas A&M University-Kingsville,Kingsville,TX,3,1,32.0,0.0,0.0,0.0,0.0,0.0,1.0,0.0,0.0,0.0,,0.9092,1050.0,4748.0,9892.0,25746.0,22934,51450.0
228723,Texas A&M University-College Station,College Station,TX,3,1,12.0,0.0,0.0,0.0,0.0,1.0,1.0,0.0,0.0,0.0,,0.5743,1280.0,59615.0,13154.0,40124.0,17804,72097.0
228769,The University of Texas at Arlington,Arlington,TX,3,1,11.0,0.0,0.0,0.0,0.0,1.0,1.0,0.0,0.0,0.0,,0.799,1124.0,32294.0,11950.0,29582.0,17527,63199.0
228778,The University of Texas at Austin,Austin,TX,3,1,11.0,0.0,0.0,0.0,0.0,0.0,0.0,0.0,0.0,0.0,,0.2664,1395.0,42855.0,11688.0,44908.0,20500,75121.0
228787,The University of Texas at Dallas,Richardson,TX,3,1,12.0,0.0,0.0,0.0,0.0,0.0,0.0,0.0,0.0,0.0,,0.6513,1286.0,21751.0,14644.0,40144.0,18000,68227.0
228796,The University of Texas at El Paso,El Paso,TX,3,1,11.0,0.0,0.0,0.0,0.0,0.0,1.0,0.0,0.0,0.0,,0.9992,962.0,21005.0,9744.0,25502.0,18000,50923.0
228802,The University of Texas at Tyler,Tyler,TX,3,1,12.0,0.0,0.0,0.0,0.0,0.0,0.0,0.0,0.0,0.0,,0.9402,1114.0,7440.0,9736.0,25494.0,17137,57053.0
228866,Texas Chiropractic College Foundation Inc,Pasadena,TX,4,2,12.0,0.0,0.0,0.0,0.0,0.0,0.0,0.0,0.0,0.0,,,,,,,PS,
228875,Texas Christian University,Fort Worth,TX,3,2,11.0,0.0,0.0,0.0,0.0,0.0,0.0,0.0,0.0,0.0,61.0,0.4449,1298.0,11026.0,61740.0,61740.0,21500,68424.0
228884,Texas College,Tyler,TX,3,2,12.0,1.0,0.0,0.0,0.0,0.0,0.0,0.0,0.0,0.0,55.0,,,614.0,10008.0,10008.0,31000,33752.0
228909,University of North Texas Health Science Center,Fort Worth,TX,3,1,11.0,0.0,0.0,0.0,0.0,0.0,0.0,0.0,0.0,0.0,,,,41.0,,,PS,93615.0
228981,Texas Lutheran University,Seguin,TX,3,2,31.0,0.0,0.0,0.0,0.0,0.0,1.0,0.0,0.0,0.0,22.0,0.9571,,1304.0,36230.0,36230.0,25000,53863.0
229018,The University of Texas Permian Basin,Odessa,TX,3,1,12.0,0.0,0.0,0.0,0.0,0.0,1.0,0.0,0.0,0.0,,0.9489,1033.0,3911.0,9236.0,21504.0,17750,56073.0
229027,The University of Texas at San Antonio,San Antonio,TX,3,1,11.0,0.0,0.0,0.0,0.0,0.0,1.0,0.0,0.0,0.0,,0.8679,1105.0,30580.0,9011.0,22051.0,20500,57131.0
229063,Texas Southern University,Houston,TX,3,1,11.0,1.0,0.0,0.0,0.0,0.0,0.0,0.0,0.0,0.0,,0.9691,914.0,6844.0,9173.0,21473.0,29000,38924.0
229115,Texas Tech University,Lubbock,TX,3,1,11.0,0.0,0.0,0.0,0.0,0.0,1.0,0.0,0.0,0.0,,0.7265,1190.0,32394.0,11852.0,24451.0,21500,62454.0
229160,Texas Wesleyan University,Fort Worth,TX,3,2,11.0,0.0,0.0,0.0,0.0,0.0,1.0,0.0,0.0,0.0,71.0,0.6916,1070.0,1741.0,39582.0,39582.0,23125,54053.0
229179,Texas Woman's University,Denton,TX,3,1,12.0,0.0,0.0,0.0,0.0,0.0,1.0,0.0,0.0,0.0,,0.9612,,8767.0,8640.0,18480.0,19218,56544.0
229267,Trinity University,San Antonio,TX,3,2,11.0,0.0,0.0,0.0,0.0,0.0,0.0,0.0,0.0,0.0,66.0,0.2592,1416.0,2505.0,53676.0,53676.0,22954,71668.0
229300,The University of Texas Health Science Center at Houston,Houston,TX,3,1,11.0,0.0,0.0,0.0,0.0,0.0,0.0,0.0,0.0,0.0,,,,465.0,,,13063,88757.0
229337,Texas Tech University Health Sciences Center,Lubbock,TX,3,1,11.0,0.0,0.0,0.0,0.0,0.0,1.0,0.0,0.0,0.0,,,,1482.0,,,12268,92348.0
229355,Tyler Junior College,Tyler,TX,2,1,12.0,0.0,0.0,0.0,0.0,0.0,1.0,0.0,0.0,0.0,,,,9087.0,2400.0,4512.0,11995,38140.0
229416,Universal Technical Institute of Texas Inc.,Houston,TX,1,3,11.0,0.0,0.0,0.0,0.0,0.0,0.0,0.0,0.0,0.0,,,,2632.0,,,14267,51222.0
229425,UCAS University of Cosmetology Arts & Sciences-McAllen,McAllen,TX,1,3,12.0,0.0,0.0,0.0,0.0,0.0,0.0,0.0,0.0,0.0,,,,53.0,,,6447,19880.0
229504,Vernon College,Vernon,TX,2,1,33.0,0.0,0.0,0.0,0.0,0.0,1.0,0.0,0.0,0.0,,,,2113.0,3720.0,6120.0,11000,40464.0
229522,Victoria Beauty & Barber College,Victoria,TX,1,3,13.0,0.0,0.0,0.0,0.0,0.0,0.0,0.0,0.0,0.0,,,,73.0,,,9500,18831.0
229540,Victoria College,Victoria,TX,2,1,13.0,0.0,0.0,0.0,0.0,0.0,1.0,0.0,0.0,0.0,,,,2351.0,2976.0,5328.0,10500,42382.0
229656,Vogue College of Cosmetology-McAllen,McAllen,TX,1,3,12.0,0.0,0.0,0.0,0.0,0.0,0.0,0.0,0.0,0.0,,,,344.0,,,7917,
229780,Wayland Baptist University,Plainview,TX,3,2,33.0,0.0,0.0,0.0,0.0,0.0,1.0,0.0,0.0,0.0,75.0,0.5596,,2041.0,23782.0,23782.0,23106,51838.0
229799,Weatherford College,Weatherford,TX,2,1,31.0,0.0,0.0,0.0,0.0,0.0,0.0,0.0,0.0,0.0,,,,5094.0,5250.0,10860.0,9948,42397.0
229814,West Texas A & M University,Canyon,TX,3,1,31.0,0.0,0.0,0.0,0.0,0.0,1.0,0.0,0.0,0.0,,0.9868,1050.0,6917.0,9101.0,10996.0,19500,50741.0
229832,Western Texas College,Snyder,TX,2,1,33.0,0.0,0.0,0.0,0.0,0.0,0.0,0.0,0.0,0.0,,,,599.0,3300.0,6150.0,7515,42508.0
229841,Wharton County Junior College,Wharton,TX,2,1,32.0,0.0,0.0,0.0,0.0,1.0,1.0,0.0,0.0,0.0,,,,4585.0,3192.0,5904.0,7703,44960.0
229887,Wiley University,Marshall,TX,3,2,32.0,1.0,0.0,0.0,0.0,0.0,0.0,0.0,0.0,0.0,71.0,,,712.0,12500.0,12500.0,24989,33159.0
230010,Bridgerland Technical College,Logan,UT,1,1,13.0,0.0,0.0,0.0,0.0,0.0,0.0,0.0,0.0,0.0,,,,1567.0,,,PS,38347.0
230038,Brigham Young University,Provo,UT,3,2,12.0,0.0,0.0,0.0,0.0,0.0,0.0,0.0,0.0,0.0,94.0,0.6778,1376.0,32952.0,6688.0,6688.0,11069,75790.0
230047,Brigham Young University-Hawaii,Laie,HI,3,2,31.0,0.0,0.0,0.0,0.0,0.0,0.0,0.0,0.0,0.0,94.0,0.4696,1130.0,2889.0,6630.0,6630.0,9413,52064.0
230065,Cameo College of Essential Beauty,Murray,UT,1,3,13.0,0.0,0.0,0.0,0.0,0.0,0.0,0.0,0.0,0.0,,,,257.0,,,5500,32364.0
230144,Collectiv Academy,Sandy,UT,1,3,21.0,0.0,0.0,0.0,0.0,0.0,0.0,0.0,0.0,0.0,,,,70.0,,,10540,29334.0
230162,Davis Technical College,Kaysville,UT,1,1,21.0,0.0,0.0,0.0,0.0,0.0,0.0,0.0,0.0,0.0,,,,3027.0,,,PS,41734.0
230171,Utah Tech University,Saint George,UT,1,1,12.0,0.0,0.0,0.0,0.0,0.0,0.0,0.0,0.0,0.0,,,,8552.0,6306.0,18246.0,15000,44570.0
230199,Evans Hairstyling College-Cedar City,Cedar City,UT,1,3,33.0,0.0,0.0,0.0,0.0,0.0,0.0,0.0,0.0,0.0,,,,51.0,,,PS,
230205,Evans Hairstyling College-St George,Saint George,UT,1,3,12.0,0.0,0.0,0.0,0.0,0.0,0.0,0.0,0.0,0.0,,,,66.0,,,PS,16916.0
230214,Paul Mitchell the School-Salt Lake City,Holladay,UT,1,3,21.0,0.0,0.0,0.0,0.0,0.0,0.0,0.0,0.0,0.0,,,,287.0,,,9500,26893.0
230366,Eagle Gate College-Murray,Murray,UT,1,3,13.0,0.0,0.0,0.0,0.0,0.0,0.0,0.0,0.0,0.0,,,,351.0,16548.0,16548.0,43021,37518.0
230418,Ensign College,Salt Lake City,UT,1,2,12.0,0.0,0.0,0.0,0.0,0.0,0.0,0.0,0.0,0.0,94.0,,,7568.0,4004.0,4004.0,PS,50630.0
230490,Ogden-Weber Technical College,Ogden,UT,1,1,13.0,0.0,0.0,0.0,0.0,0.0,0.0,0.0,0.0,0.0,,,,2928.0,,,PS,35032.0
230597,Snow College,Ephraim,UT,2,1,33.0,0.0,0.0,0.0,0.0,0.0,0.0,0.0,0.0,0.0,,,,3549.0,4338.0,14288.0,7000,41022.0
230603,Southern Utah University,Cedar City,UT,3,1,33.0,0.0,0.0,0.0,0.0,0.0,0.0,0.0,0.0,0.0,,0.8179,,9289.0,6962.0,21192.0,12500,50296.0
230676,Uintah Basin Technical College,Roosevelt,UT,1,1,33.0,0.0,0.0,0.0,0.0,0.0,0.0,0.0,0.0,0.0,,,,544.0,,,PS,28178.0
230728,Utah State University,Logan,UT,3,1,13.0,0.0,0.0,0.0,0.0,0.0,0.0,0.0,0.0,0.0,,0.9247,1187.0,20272.0,9228.0,24802.0,14340,54022.0
230737,Utah Valley University,Orem,UT,2,1,13.0,0.0,0.0,0.0,0.0,0.0,0.0,0.0,0.0,0.0,,,,28453.0,6507.0,18489.0,14750,55486.0
230746,Salt Lake Community College,Salt Lake City,UT,2,1,21.0,0.0,0.0,0.0,0.0,0.0,1.0,0.0,0.0,0.0,,,,18136.0,4426.0,14244.0,8003,47867.0
230764,University of Utah,Salt Lake City,UT,3,1,12.0,0.0,0.0,0.0,0.0,0.0,0.0,0.0,0.0,0.0,,0.8598,1257.0,27264.0,9620.0,30860.0,19000,67170.0
230782,Weber State University,Ogden,UT,2,1,13.0,0.0,0.0,0.0,0.0,0.0,0.0,0.0,0.0,0.0,,,,16360.0,6557.0,17545.0,15113,56287.0
230807,Westminster University,Salt Lake City,UT,3,2,12.0,0.0,0.0,0.0,0.0,0.0,0.0,0.0,0.0,0.0,,0.6657,1220.0,823.0,43528.0,43528.0,22250,66215.0
230816,Bennington College,Bennington,VT,3,2,32.0,0.0,0.0,0.0,0.0,0.0,0.0,0.0,0.0,0.0,,0.4453,1364.0,780.0,66262.0,66262.0,26000,38289.0
230852,Champlain College,Burlington,VT,3,2,13.0,0.0,0.0,0.0,0.0,0.0,0.0,0.0,0.0,0.0,,0.8292,1312.0,2752.0,47850.0,47850.0,26814,58386.0
230861,Community College of Vermont,Montpelier,VT,2,1,41.0,0.0,0.0,0.0,0.0,0.0,0.0,0.0,0.0,0.0,,,,2841.0,6920.0,13640.0,10491,36234.0
230959,Middlebury College,Middlebury,VT,3,2,32.0,0.0,0.0,0.0,0.0,0.0,0.0,0.0,0.0,0.0,,0.1075,1508.0,2738.0,67600.0,67600.0,13857,76310.0
230995,Norwich University,Northfield,VT,3,2,42.0,0.0,0.0,0.0,0.0,0.0,0.0,0.0,0.0,0.0,,0.7444,1190.0,2428.0,49740.0,49740.0,25000,65575.0
231004,O'Briens Aveda Institute,Williston,VT,1,3,22.0,0.0,0.0,0.0,0.0,0.0,0.0,0.0,0.0,0.0,,,,80.0,,,6333,
231059,Saint Michael's College,Colchester,VT,3,2,22.0,0.0,0.0,0.0,0.0,0.0,0.0,0.0,0.0,0.0,30.0,0.8451,1245.0,1092.0,51450.0,51450.0,26922,61317.0
231068,SIT Graduate Institute,Brattleboro,VT,4,2,41.0,0.0,0.0,0.0,0.0,0.0,0.0,0.0,0.0,0.0,,,,0.0,,,PS,
231095,Sterling College,Craftsbury Common,VT,3,2,43.0,0.0,0.0,0.0,0.0,0.0,0.0,0.0,0.0,0.0,,0.6667,,50.0,40760.0,40760.0,23000,30573.0
231147,Vermont Law and Graduate School,South Royalton,VT,4,2,43.0,0.0,0.0,0.0,0.0,0.0,0.0,0.0,0.0,0.0,,,,,,,PS,
231165,Vermont State University,Randolph,VT,3,1,43.0,0.0,0.0,0.0,0.0,0.0,0.0,0.0,0.0,0.0,,0.8167,,3590.0,11952.0,22296.0,15000,50331.0
231174,University of Vermont,Burlington,VT,3,1,13.0,0.0,0.0,0.0,0.0,0.0,0.0,0.0,0.0,0.0,,0.653,1374.0,11743.0,19058.0,45502.0,20951,62472.0
231280,Paul Mitchell the School-Roanoke,Roanoke,VA,1,3,13.0,0.0,0.0,0.0,0.0,0.0,0.0,0.0,0.0,0.0,,,,169.0,,,9833,19217.0
231411,Advanced Technology Institute,Virginia Beach,VA,1,3,11.0,0.0,0.0,0.0,0.0,0.0,0.0,0.0,0.0,0.0,,0.5354,,415.0,14568.0,14568.0,14873,46342.0
231420,Averett University,Danville,VA,3,2,32.0,0.0,0.0,0.0,0.0,0.0,0.0,0.0,0.0,0.0,54.0,0.5659,1135.0,1231.0,38550.0,38550.0,25000,51516.0
231536,Blue Ridge Community College,Weyers Cave,VA,1,1,41.0,0.0,0.0,0.0,0.0,0.0,0.0,0.0,0.0,0.0,,,,2730.0,5646.0,12084.0,10409,42644.0
231554,Bluefield University,Bluefield,VA,3,2,32.0,0.0,0.0,0.0,0.0,0.0,0.0,0.0,0.0,0.0,54.0,0.5931,,614.0,26770.0,26770.0,21855,48896.0
231581,Bridgewater College,Bridgewater,VA,3,2,23.0,0.0,0.0,0.0,0.0,0.0,0.0,0.0,0.0,0.0,58.0,0.9172,1180.0,1400.0,16090.0,16090.0,26000,53453.0
231624,William & Mary,Williamsburg,VA,3,1,23.0,0.0,0.0,0.0,0.0,0.0,0.0,0.0,0.0,0.0,,0.3407,1473.0,7055.0,25914.0,51038.0,18500,73490.0
231651,Regent University,Virginia Beach,VA,3,2,11.0,0.0,0.0,0.0,0.0,0.0,0.0,0.0,0.0,0.0,,0.3812,1153.0,4729.0,21650.0,21650.0,24534,44498.0
231688,Central School of Practical Nursing,Norfolk,VA,1,1,12.0,0.0,0.0,0.0,0.0,0.0,0.0,0.0,0.0,0.0,,,,24.0,,,PS,59399.0
231697,Central Virginia Community College,Lynchburg,VA,1,1,13.0,0.0,0.0,0.0,0.0,0.0,0.0,0.0,0.0,0.0,,,,2249.0,5157.0,11595.0,8625,36627.0
231712,Christopher Newport University,Newport News,VA,3,1,12.0,0.0,0.0,0.0,0.0,0.0,0.0,0.0,0.0,0.0,,0.8604,1180.0,4365.0,16828.0,31178.0,25000,60509.0
231785,Bryant & Stratton College-Virginia Beach,Virginia Beach,VA,2,2,11.0,0.0,1.0,0.0,0.0,0.0,0.0,0.0,0.0,0.0,,,,1709.0,18489.0,18489.0,21549,32568.0
231873,Mountain Gateway Community College,Clifton Forge,VA,1,1,41.0,0.0,0.0,0.0,0.0,0.0,0.0,0.0,0.0,0.0,,,,425.0,5022.0,11460.0,9182,34293.0
231882,Danville Community College,Danville,VA,1,1,32.0,0.0,0.0,0.0,0.0,0.0,0.0,0.0,0.0,0.0,,,,1306.0,4992.0,11430.0,9000,31664.0
232016,Centura College-Chesapeake,Chesapeake,VA,1,3,11.0,0.0,0.0,0.0,0.0,0.0,0.0,0.0,0.0,0.0,,,,0.0,16637.0,16637.0,14750,25930.0
232025,Emory & Henry University,Emory,VA,3,2,41.0,0.0,0.0,0.0,0.0,0.0,0.0,0.0,0.0,0.0,71.0,0.8365,1135.0,1078.0,39000.0,39000.0,26332,47385.0
232043,Eastern Mennonite University,Harrisonburg,VA,3,2,13.0,0.0,0.0,0.0,0.0,0.0,0.0,0.0,0.0,0.0,69.0,1.0,,754.0,43920.0,43920.0,24813,54869.0
232052,Eastern Shore Community College,Melfa,VA,1,1,43.0,0.0,0.0,0.0,0.0,0.0,0.0,0.0,0.0,0.0,,,,495.0,5082.0,11520.0,PS,32418.0
232089,Ferrum College,Ferrum,VA,3,2,42.0,0.0,0.0,0.0,0.0,0.0,0.0,0.0,0.0,0.0,71.0,0.8898,,699.0,28520.0,28520.0,27000,44296.0
232186,George Mason University,Fairfax,VA,3,1,21.0,0.0,0.0,0.0,0.0,1.0,0.0,0.0,0.0,0.0,,0.8748,1274.0,27752.0,14220.0,38688.0,19500,76343.0
232195,Germanna Community College,Locust Grove,VA,2,1,41.0,0.0,0.0,0.0,0.0,0.0,0.0,0.0,0.0,0.0,,,,5508.0,5257.0,11648.0,8400,39644.0
232256,Hampden-Sydney College,Hampden-Sydney,VA,3,2,42.0,0.0,0.0,0.0,0.0,0.0,0.0,0.0,1.0,0.0,,0.4092,1207.0,946.0,54550.0,54550.0,26000,67640.0
232265,Hampton University,Hampton,VA,3,2,21.0,1.0,0.0,0.0,0.0,0.0,0.0,0.0,0.0,0.0,,0.6225,969.0,3727.0,30592.0,30592.0,25442,59159.0
232308,Hollins University,Roanoke,VA,3,2,22.0,0.0,0.0,0.0,0.0,0.0,0.0,0.0,0.0,1.0,,0.6795,1230.0,665.0,43560.0,43560.0,27000,40075.0
232414,J Sargeant Reynolds Community College,Richmond,VA,1,1,21.0,0.0,0.0,0.0,0.0,0.0,0.0,0.0,0.0,0.0,,,,5586.0,5280.0,11718.0,10500,39529.0
232423,James Madison University,Harrisonburg,VA,3,1,13.0,0.0,0.0,0.0,0.0,0.0,0.0,0.0,0.0,0.0,,0.7152,1256.0,20888.0,14250.0,31604.0,20093,69954.0
232450,Brightpoint Community College,Chester,VA,1,1,21.0,0.0,0.0,0.0,0.0,0.0,0.0,0.0,0.0,0.0,,,,5792.0,5082.0,11520.0,9500,41223.0
232557,Liberty University,Lynchburg,VA,3,2,13.0,0.0,0.0,0.0,0.0,0.0,0.0,0.0,0.0,0.0,102.0,0.9898,,50012.0,22465.0,22465.0,24500,44813.0
232566,Longwood University,Farmville,VA,3,1,32.0,0.0,0.0,0.0,0.0,0.0,0.0,0.0,0.0,0.0,,0.9022,1120.0,3015.0,15744.0,27978.0,25000,52347.0
232575,Laurel Ridge Community College,Middletown,VA,1,1,41.0,0.0,0.0,0.0,0.0,0.0,0.0,0.0,0.0,0.0,,,,3195.0,5072.0,11510.0,9750,41000.0
232609,University of Lynchburg,Lynchburg,VA,3,2,13.0,0.0,0.0,0.0,0.0,0.0,0.0,0.0,0.0,0.0,61.0,0.4301,1125.0,1577.0,36750.0,36750.0,27000,56380.0
232618,Centra College,Lynchburg,VA,2,2,13.0,0.0,0.0,0.0,0.0,0.0,0.0,0.0,0.0,0.0,,1.0,,219.0,12983.0,12983.0,15250,60122.0
232672,Mary Baldwin University,Staunton,VA,3,2,13.0,0.0,0.0,0.0,0.0,0.0,0.0,0.0,0.0,0.0,66.0,,,1090.0,34152.0,34152.0,26586,44427.0
232681,University of Mary Washington,Fredericksburg,VA,3,1,22.0,0.0,0.0,0.0,0.0,0.0,0.0,0.0,0.0,0.0,,0.7978,1272.0,3566.0,14640.0,27560.0,20500,60613.0
232706,Marymount University,Arlington,VA,3,2,12.0,0.0,0.0,0.0,0.0,0.0,0.0,0.0,0.0,0.0,30.0,0.9316,,1810.0,40920.0,40920.0,25000,67516.0
232724,Sovah School of Health Professions,Danville,VA,2,3,32.0,0.0,0.0,0.0,0.0,0.0,0.0,0.0,0.0,0.0,,,,30.0,,,PS,69924.0
232788,Mountain Empire Community College,Big Stone Gap,VA,1,1,32.0,0.0,0.0,0.0,0.0,0.0,0.0,0.0,0.0,0.0,,,,1282.0,5007.0,11445.0,PS,32622.0
232797,American National University,Salem,VA,2,3,22.0,0.0,0.0,0.0,0.0,0.0,0.0,0.0,0.0,0.0,,,,630.0,10961.0,10961.0,12814,26370.0
232867,New River Community College,Dublin,VA,1,1,32.0,0.0,0.0,0.0,0.0,0.0,0.0,0.0,0.0,0.0,,,,1965.0,4979.0,11417.0,9000,40025.0
232885,Sentara College of Health Sciences,Chesapeake,VA,3,2,11.0,0.0,0.0,0.0,0.0,1.0,0.0,0.0,0.0,0.0,,,,242.0,,,19450,77821.0
232919,Tidewater Tech-Trades,Norfolk,VA,1,3,12.0,0.0,0.0,0.0,0.0,0.0,0.0,0.0,0.0,0.0,,,,367.0,16337.0,16337.0,9500,31657.0
232937,Norfolk State University,Norfolk,VA,3,1,12.0,1.0,0.0,0.0,0.0,0.0,0.0,0.0,0.0,0.0,,0.8777,927.0,5392.0,10180.0,21682.0,29000,44666.0
232946,Northern Virginia Community College,Annandale,VA,2,1,21.0,0.0,0.0,0.0,0.0,1.0,1.0,0.0,0.0,0.0,,,,33048.0,5891.0,12409.0,11000,53557.0
232982,Old Dominion University,Norfolk,VA,3,1,12.0,0.0,0.0,0.0,0.0,0.0,0.0,0.0,0.0,0.0,,0.9036,1197.0,17514.0,12750.0,33780.0,24000,54914.0
233019,Patrick & Henry Community College,Martinsville,VA,2,1,41.0,0.0,0.0,0.0,0.0,0.0,0.0,0.0,0.0,0.0,,,,1350.0,5002.0,11440.0,PS,33323.0
233037,Paul D Camp Community College,Franklin,VA,2,1,32.0,0.0,0.0,0.0,0.0,0.0,0.0,0.0,0.0,0.0,,,,613.0,5012.0,11450.0,6880,36031.0
233082,Southside College of Health Sciences,Colonial Heights,VA,2,2,21.0,0.0,0.0,0.0,0.0,0.0,0.0,0.0,0.0,0.0,30.0,,,151.0,,,13758,71380.0
233116,Piedmont Virginia Community College,Charlottesville,VA,2,1,22.0,0.0,0.0,0.0,0.0,0.0,0.0,0.0,0.0,0.0,,,,3045.0,5072.0,11510.0,8750,40752.0
233277,Radford University,Radford,VA,3,1,31.0,0.0,0.0,0.0,0.0,0.0,0.0,0.0,0.0,0.0,,0.8953,1060.0,6038.0,12548.0,25633.0,24000,53739.0
233286,Sylvain Melloul International Hair Academy,Lynchburg,VA,1,3,13.0,0.0,0.0,0.0,0.0,0.0,0.0,0.0,0.0,0.0,,,,175.0,,,9500,17106.0
233295,Randolph-Macon College,Ashland,VA,3,2,21.0,0.0,0.0,0.0,0.0,0.0,0.0,0.0,0.0,0.0,71.0,0.8661,1095.0,1639.0,49466.0,49466.0,27000,58448.0
233301,Randolph College,Lynchburg,VA,3,2,13.0,0.0,0.0,0.0,0.0,0.0,0.0,0.0,0.0,0.0,,0.9371,1134.0,658.0,30310.0,30310.0,26950,53409.0
233310,Rappahannock Community College,Glenns,VA,1,1,42.0,0.0,0.0,0.0,0.0,0.0,0.0,0.0,0.0,0.0,,,,1367.0,5102.0,11540.0,PS,36121.0
233329,Fortis College-Norfolk,Norfolk,VA,1,3,12.0,0.0,0.0,0.0,0.0,0.0,0.0,0.0,0.0,0.0,,,,399.0,14801.0,14801.0,9500,32754.0
233338,Richard Bland College,South Prince George,VA,2,1,41.0,0.0,0.0,0.0,0.0,0.0,0.0,0.0,0.0,0.0,,0.8926,,894.0,9090.0,14970.0,11000,41452.0
233356,Bon Secours Memorial College of Nursing,Richmond,VA,3,2,21.0,0.0,0.0,0.0,0.0,0.0,0.0,0.0,0.0,0.0,30.0,,,591.0,,,26500,77014.0
233374,University of Richmond,University of Richmond,VA,3,2,12.0,0.0,0.0,0.0,0.0,0.0,0.0,0.0,0.0,0.0,,0.222,1497.0,2980.0,65230.0,65230.0,21000,76178.0
233408,Riverside College of Health Sciences,Newport News,VA,2,2,12.0,0.0,0.0,0.0,0.0,0.0,0.0,0.0,0.0,0.0,,0.129,,350.0,17250.0,17250.0,14787,66072.0
233426,Roanoke College,Salem,VA,3,2,22.0,0.0,0.0,0.0,0.0,0.0,0.0,0.0,0.0,0.0,39.0,0.8306,1211.0,1767.0,38068.0,38068.0,27000,58047.0
233480,Bon Secours St Mary's Hospital School of Medical Imaging,Richmond,VA,2,2,21.0,0.0,0.0,0.0,0.0,0.0,0.0,0.0,0.0,0.0,30.0,,,35.0,,,PS,65432.0
233541,Shenandoah University,Winchester,VA,3,2,13.0,0.0,0.0,0.0,0.0,0.0,0.0,0.0,0.0,0.0,71.0,0.7695,,2116.0,36950.0,36950.0,25000,58433.0
233602,Southeastern Free Will Baptist Bible College,Wendell,NC,3,2,41.0,0.0,0.0,0.0,0.0,0.0,0.0,0.0,0.0,0.0,41.0,,,64.0,11739.0,11739.0,PS,
233611,Southern Virginia University,Buena Vista,VA,3,2,32.0,0.0,0.0,0.0,0.0,0.0,0.0,0.0,0.0,0.0,,0.9642,,936.0,21280.0,21280.0,24224,50002.0
233639,Southside Virginia Community College,Alberta,VA,1,1,43.0,0.0,0.0,0.0,0.0,0.0,0.0,0.0,0.0,0.0,,,,1807.0,5007.0,11445.0,PS,32371.0
233648,Southwest Virginia Community College,Cedar Bluff,VA,1,1,42.0,0.0,0.0,0.0,0.0,0.0,0.0,0.0,0.0,0.0,,,,1651.0,5075.0,11513.0,PS,34221.0
233666,Staunton School of Cosmetology,Staunton,VA,1,3,13.0,0.0,0.0,0.0,0.0,0.0,0.0,0.0,0.0,0.0,,,,24.0,,,PS,22660.0
233684,Strayer University-Virginia,Arlington,VA,3,3,12.0,0.0,0.0,0.0,0.0,0.0,0.0,0.0,0.0,0.0,,,,1668.0,13920.0,13920.0,40621,40092.0
233718,Sweet Briar College,Sweet Briar,VA,3,2,41.0,0.0,0.0,0.0,0.0,0.0,0.0,0.0,0.0,1.0,,0.7554,1230.0,443.0,26160.0,26160.0,27000,51943.0
233754,Virginia Peninsula Community College,Hampton,VA,2,1,21.0,0.0,0.0,0.0,0.0,0.0,0.0,0.0,0.0,0.0,,,,3941.0,5088.0,11526.0,9500,37996.0
233772,Tidewater Community College,Norfolk,VA,2,1,12.0,0.0,0.0,0.0,0.0,0.0,0.0,0.0,0.0,0.0,,,,12082.0,5588.0,12296.0,10000,38349.0
233842,Union Presbyterian Seminary,Richmond,VA,4,2,12.0,0.0,0.0,0.0,0.0,0.0,0.0,0.0,0.0,0.0,66.0,,,,,,PS,
233897,University of Virginia's College at Wise,Wise,VA,3,1,32.0,0.0,0.0,0.0,0.0,0.0,0.0,0.0,0.0,0.0,,0.2854,1050.0,1101.0,11780.0,28010.0,16750,45325.0
233903,Virginia Highlands Community College,Abingdon,VA,1,1,23.0,0.0,0.0,0.0,0.0,0.0,0.0,0.0,0.0,0.0,,,,1349.0,5022.0,11460.0,PS,32681.0
233921,Virginia Polytechnic Institute and State University,Blacksburg,VA,3,1,13.0,0.0,0.0,0.0,0.0,1.0,0.0,0.0,0.0,0.0,,0.5478,1364.0,30923.0,15948.0,37764.0,21500,81698.0
233949,Virginia Western Community College,Roanoke,VA,1,1,13.0,0.0,0.0,0.0,0.0,0.0,0.0,0.0,0.0,0.0,,,,3898.0,5400.0,11838.0,11000,38787.0
234030,Virginia Commonwealth University,Richmond,VA,3,1,12.0,0.0,0.0,0.0,0.0,1.0,0.0,0.0,0.0,0.0,,0.9262,1137.0,20753.0,16945.0,40109.0,21500,58128.0
234076,University of Virginia-Main Campus,Charlottesville,VA,3,1,22.0,0.0,0.0,0.0,0.0,0.0,0.0,0.0,0.0,0.0,,0.1681,1480.0,17597.0,21803.0,59512.0,17500,86863.0
234085,Virginia Military Institute,Lexington,VA,3,1,32.0,0.0,0.0,0.0,0.0,0.0,0.0,0.0,0.0,0.0,,0.7125,1244.0,1527.0,21046.0,52638.0,22996,77369.0
234137,Virginia University of Lynchburg,Lynchburg,VA,3,2,13.0,1.0,0.0,0.0,0.0,0.0,0.0,0.0,0.0,0.0,54.0,,,125.0,11360.0,11360.0,24250,28396.0
234155,Virginia State University,Petersburg,VA,3,1,21.0,1.0,0.0,0.0,0.0,0.0,0.0,0.0,0.0,0.0,,0.8863,948.0,5074.0,10043.0,22650.0,26500,45543.0
234164,Virginia Union University,Richmond,VA,3,2,12.0,1.0,0.0,0.0,0.0,0.0,0.0,0.0,0.0,0.0,54.0,0.9799,850.0,1203.0,17450.0,17450.0,29000,38275.0
234173,Virginia Wesleyan University,Virginia Beach,VA,3,2,11.0,0.0,0.0,0.0,0.0,0.0,0.0,0.0,0.0,0.0,71.0,0.7287,,1256.0,37500.0,37500.0,27000,50074.0
234207,Washington and Lee University,Lexington,VA,3,2,32.0,0.0,0.0,0.0,0.0,0.0,0.0,0.0,0.0,0.0,,0.1397,1498.0,1881.0,68045.0,68045.0,19500,94810.0
234377,Wytheville Community College,Wytheville,VA,1,1,33.0,0.0,0.0,0.0,0.0,0.0,0.0,0.0,0.0,0.0,,,,1255.0,5007.0,11445.0,7500,34303.0
234669,Bellevue College,Bellevue,WA,2,1,12.0,0.0,0.0,0.0,0.0,1.0,0.0,0.0,0.0,0.0,,,,7364.0,4436.0,10502.0,12375,56310.0
234696,Bellingham Technical College,Bellingham,WA,1,1,13.0,0.0,0.0,0.0,0.0,0.0,0.0,0.0,0.0,0.0,,,,1733.0,4431.0,5809.0,17459,49748.0
234711,Big Bend Community College,Moses Lake,WA,2,1,33.0,0.0,0.0,0.0,0.0,0.0,1.0,0.0,0.0,0.0,,,,1272.0,5059.0,5619.0,9166,43814.0
234827,Central Washington University,Ellensburg,WA,3,1,32.0,0.0,0.0,0.0,0.0,0.0,0.0,0.0,0.0,0.0,,0.9062,,7833.0,9417.0,27526.0,19500,61580.0
234845,Centralia College,Centralia,WA,2,1,32.0,0.0,0.0,0.0,0.0,0.0,0.0,0.0,0.0,0.0,,,,1552.0,5266.0,5651.0,PS,43140.0
234915,City University of Seattle,Seattle,WA,3,2,11.0,0.0,0.0,0.0,0.0,0.0,0.0,0.0,0.0,0.0,,,,1137.0,,,25000,69460.0
234924,Paul Mitchell the School-Richland,Richland,WA,1,3,13.0,0.0,0.0,0.0,0.0,0.0,0.0,0.0,0.0,0.0,,,,256.0,,,9917,27407.0
234933,Clark College,Vancouver,WA,2,1,12.0,0.0,0.0,0.0,0.0,0.0,0.0,0.0,0.0,0.0,,,,4945.0,5233.0,11183.0,10881,42356.0
234951,Clover Park Technical College,Lakewood,WA,1,1,13.0,0.0,0.0,0.0,0.0,0.0,0.0,0.0,0.0,0.0,,,,2636.0,6634.0,6634.0,12112,41787.0
234979,Columbia Basin College,Pasco,WA,2,1,21.0,0.0,0.0,0.0,0.0,0.0,0.0,0.0,0.0,0.0,,,,4640.0,6555.0,8668.0,14829,46680.0
235088,Divers Institute of Technology,Seattle,WA,1,3,11.0,0.0,0.0,0.0,0.0,0.0,0.0,0.0,0.0,0.0,,,,198.0,,,9500,62489.0
235097,Eastern Washington University,Cheney,WA,3,1,31.0,0.0,0.0,0.0,0.0,0.0,0.0,0.0,0.0,0.0,,0.9075,,6222.0,8586.0,25959.0,19500,57897.0
235103,Edmonds College,Lynnwood,WA,2,1,21.0,0.0,0.0,0.0,0.0,1.0,0.0,0.0,0.0,0.0,,,,3656.0,4810.0,10875.0,11855,48144.0
235149,Everett Community College,Everett,WA,2,1,12.0,0.0,0.0,0.0,0.0,0.0,0.0,0.0,0.0,0.0,,,,4709.0,5032.0,11171.0,10417,45434.0
235167,The Evergreen State College,Olympia,WA,3,1,22.0,0.0,0.0,0.0,0.0,0.0,0.0,0.0,0.0,0.0,,0.9637,1216.0,2160.0,9264.0,31905.0,20500,45320.0
235237,Pierce College District,Lakewood,WA,2,1,13.0,0.0,0.0,0.0,0.0,1.0,0.0,0.0,0.0,0.0,,,,5313.0,5418.0,5976.0,12000,47532.0
235316,Gonzaga University,Spokane,WA,3,2,12.0,0.0,0.0,0.0,0.0,0.0,0.0,0.0,0.0,0.0,30.0,0.8169,1335.0,5198.0,55480.0,55480.0,24454,78892.0
235334,Grays Harbor College,Aberdeen,WA,2,1,41.0,0.0,0.0,0.0,0.0,0.0,0.0,0.0,0.0,0.0,,,,1010.0,5593.0,12553.0,11075,40865.0
235343,Green River College,Auburn,WA,2,1,13.0,0.0,0.0,0.0,0.0,1.0,0.0,0.0,0.0,0.0,,,,4965.0,4711.0,5263.0,11891,50712.0
235352,Toni & Guy Hairdressing Academy-Shoreline,Shoreline,WA,1,3,21.0,0.0,0.0,0.0,0.0,0.0,0.0,0.0,0.0,0.0,,,,131.0,,,9090,29827.0
235422,Heritage University,Toppenish,WA,3,2,41.0,0.0,0.0,0.0,0.0,0.0,1.0,1.0,0.0,0.0,,,,812.0,20928.0,20928.0,14573,49416.0
235431,Highline College,Des Moines,WA,2,1,21.0,0.0,0.0,0.0,0.0,0.0,0.0,0.0,0.0,0.0,,,,3838.0,4772.0,5332.0,9500,47869.0
235547,Bastyr University,Kenmore,WA,3,2,21.0,0.0,0.0,0.0,0.0,0.0,0.0,0.0,0.0,0.0,,,,39.0,,,13817,49364.0
235671,Bates Technical College,Tacoma,WA,1,1,12.0,0.0,0.0,0.0,0.0,0.0,0.0,0.0,0.0,0.0,,,,1813.0,6027.0,12165.0,PS,50051.0
235699,Lake Washington Institute of Technology,Kirkland,WA,1,1,21.0,0.0,0.0,0.0,0.0,1.0,0.0,0.0,0.0,0.0,,,,2406.0,5997.0,12062.0,15047,50669.0
235750,Lower Columbia College,Longview,WA,2,1,13.0,0.0,0.0,0.0,0.0,0.0,0.0,0.0,0.0,0.0,,,,1932.0,4626.0,6003.0,10506,40691.0
236072,North Seattle College,Seattle,WA,1,1,11.0,0.0,0.0,0.0,0.0,1.0,0.0,0.0,0.0,0.0,,,,3074.0,5238.0,5796.0,15458,47728.0
236133,Northwest University,Kirkland,WA,3,2,21.0,0.0,0.0,0.0,0.0,0.0,0.0,0.0,0.0,0.0,27.0,0.832,1150.0,645.0,36035.0,36035.0,20891,54914.0
236188,Olympic College,Bremerton,WA,2,1,13.0,0.0,0.0,0.0,0.0,0.0,0.0,0.0,0.0,0.0,,,,3826.0,4197.0,9740.0,12000,43169.0
236212,Perry Technical Institute,Yakima,WA,1,2,13.0,0.0,0.0,0.0,0.0,0.0,1.0,0.0,0.0,0.0,,,,1072.0,,,14139,57764.0
236230,Pacific Lutheran University,Tacoma,WA,3,2,21.0,0.0,0.0,0.0,0.0,0.0,0.0,0.0,0.0,0.0,39.0,0.7802,1168.0,2401.0,52254.0,52254.0,22578,66990.0
236258,Peninsula College,Port Angeles,WA,1,1,33.0,0.0,0.0,0.0,0.0,0.0,0.0,0.0,0.0,0.0,,,,1263.0,4718.0,5270.0,15786,37078.0
236328,University of Puget Sound,Tacoma,WA,3,2,12.0,0.0,0.0,0.0,0.0,0.0,0.0,0.0,0.0,0.0,,0.7225,1296.0,1594.0,62898.0,62898.0,25000,69594.0
236382,Renton Technical College,Renton,WA,1,1,12.0,0.0,0.0,0.0,0.0,0.0,0.0,0.0,0.0,0.0,,,,1783.0,6308.0,7369.0,7920,49782.0
236452,Saint Martin's University,Lacey,WA,3,2,13.0,0.0,0.0,0.0,0.0,1.0,1.0,0.0,0.0,0.0,30.0,0.898,1093.0,1158.0,45510.0,45510.0,22500,62092.0
236504,South Seattle College,Seattle,WA,1,1,11.0,0.0,0.0,0.0,0.0,1.0,0.0,0.0,0.0,0.0,,,,1616.0,5238.0,5796.0,PS,44486.0
236513,Seattle Central College,Seattle,WA,2,1,11.0,0.0,0.0,0.0,0.0,1.0,0.0,0.0,0.0,0.0,,,,3953.0,5184.0,5745.0,12000,43307.0
236577,Seattle Pacific University,Seattle,WA,3,2,11.0,0.0,0.0,0.0,0.0,0.0,0.0,0.0,0.0,0.0,64.0,0.834,,1762.0,40407.0,40407.0,24000,64506.0
236595,Seattle University,Seattle,WA,3,2,11.0,0.0,0.0,0.0,0.0,1.0,0.0,0.0,0.0,0.0,30.0,0.7692,1307.0,4062.0,56721.0,56721.0,19883,75272.0
236610,Shoreline College,Shoreline,WA,2,1,21.0,0.0,0.0,0.0,0.0,1.0,0.0,0.0,0.0,0.0,,,,3046.0,5115.0,7905.0,12021,52009.0
236638,Skagit Valley College,Mount Vernon,WA,2,1,13.0,0.0,0.0,0.0,0.0,0.0,1.0,0.0,0.0,0.0,,,,2477.0,5400.0,7500.0,13805,43505.0
236656,South Puget Sound Community College,Olympia,WA,2,1,13.0,0.0,0.0,0.0,0.0,0.0,0.0,0.0,0.0,0.0,,,,3075.0,5252.0,5813.0,11000,45039.0
236692,Spokane Community College,Spokane,WA,2,1,12.0,0.0,0.0,0.0,0.0,0.0,0.0,0.0,0.0,0.0,,,,4533.0,5461.0,6612.0,13501,41984.0
236708,Spokane Falls Community College,Spokane,WA,2,1,12.0,0.0,0.0,0.0,0.0,0.0,0.0,0.0,0.0,0.0,,,,3199.0,5461.0,6612.0,12000,38955.0
236744,Stylemaster College of Hair Design,Longview,WA,1,3,13.0,0.0,0.0,0.0,0.0,0.0,0.0,0.0,0.0,0.0,,,,50.0,,,8953,20580.0
236753,Tacoma Community College,Tacoma,WA,2,1,12.0,0.0,0.0,0.0,0.0,0.0,0.0,0.0,0.0,0.0,,,,4668.0,5507.0,11646.0,13000,47168.0
236887,Walla Walla Community College,Walla Walla,WA,2,1,13.0,0.0,0.0,0.0,0.0,0.0,1.0,0.0,0.0,0.0,,,,2418.0,5279.0,6700.0,14000,43526.0
236896,Walla Walla University,College Place,WA,3,2,23.0,0.0,0.0,0.0,0.0,0.0,1.0,0.0,0.0,0.0,95.0,,,1252.0,34227.0,34227.0,26842,61885.0
236939,Washington State University,Pullman,WA,3,1,32.0,0.0,0.0,0.0,0.0,0.0,0.0,0.0,0.0,0.0,,0.8664,,21099.0,13391.0,29950.0,19500,68905.0
236948,University of Washington-Seattle Campus,Seattle,WA,3,1,11.0,0.0,0.0,0.0,0.0,1.0,0.0,0.0,0.0,0.0,,0.3915,,31942.0,12973.0,43209.0,14615,78466.0
236975,Wenatchee Valley College,Wenatchee,WA,2,1,13.0,0.0,0.0,0.0,0.0,0.0,1.0,0.0,0.0,0.0,,,,1759.0,5267.0,5636.0,10332,41127.0
237011,Western Washington University,Bellingham,WA,3,1,13.0,0.0,0.0,0.0,0.0,0.0,0.0,0.0,0.0,0.0,,0.9325,1289.0,13544.0,9582.0,28707.0,18500,62569.0
237039,Whatcom Community College,Bellingham,WA,2,1,13.0,0.0,0.0,0.0,0.0,0.0,0.0,0.0,0.0,0.0,,,,2378.0,5115.0,11037.0,10643,44092.0
237057,Whitman College,Walla Walla,WA,3,2,13.0,0.0,0.0,0.0,0.0,0.0,0.0,0.0,0.0,0.0,,0.3815,1410.0,1531.0,64050.0,64050.0,18437,67589.0
237066,Whitworth University,Spokane,WA,3,2,21.0,0.0,0.0,0.0,0.0,0.0,0.0,0.0,0.0,0.0,103.0,0.8978,1220.0,1858.0,52880.0,52880.0,25000,58561.0
237109,Yakima Valley College,Yakima,WA,2,1,13.0,0.0,0.0,0.0,0.0,0.0,1.0,0.0,0.0,0.0,,,,2770.0,5312.0,5873.0,13966,43499.0
237127,Appalachian Beauty School,Belfry,KY,1,3,43.0,0.0,0.0,0.0,0.0,0.0,0.0,0.0,0.0,0.0,,,,49.0,,,PS,
237136,Appalachian Bible College,Mount Hope,WV,3,2,23.0,0.0,0.0,0.0,0.0,0.0,0.0,0.0,0.0,0.0,54.0,0.7778,1039.0,193.0,18760.0,18760.0,11000,37467.0
237145,B M Spurr School of Practical Nursing,Glen Dale,WV,1,2,31.0,0.0,0.0,0.0,0.0,0.0,0.0,0.0,0.0,0.0,,,,17.0,,,PS,
237172,Ben Franklin Career Center,Dunbar,WV,1,1,22.0,0.0,0.0,0.0,0.0,0.0,0.0,0.0,0.0,0.0,,,,78.0,,,PS,37962.0
237181,Bethany College,Bethany,WV,3,2,41.0,0.0,0.0,0.0,0.0,0.0,0.0,0.0,0.0,0.0,61.0,0.5879,,614.0,36765.0,36765.0,27000,44512.0
237215,Bluefield State University,Bluefield,WV,3,1,32.0,1.0,0.0,0.0,0.0,0.0,0.0,0.0,0.0,0.0,,0.9723,989.0,1042.0,10648.0,18376.0,18250,38217.0
237242,Cabell County Career Technology Center,Huntington,WV,1,1,22.0,0.0,0.0,0.0,0.0,0.0,0.0,0.0,0.0,0.0,,,,51.0,,,PS,33975.0
237303,Charleston School of Beauty Culture,Charleston,WV,1,3,13.0,0.0,0.0,0.0,0.0,0.0,0.0,0.0,0.0,0.0,,,,46.0,,,6128,17827.0
237312,University of Charleston,Charleston,WV,3,2,13.0,0.0,0.0,0.0,0.0,0.0,0.0,0.0,0.0,0.0,,0.6152,,2259.0,33800.0,33800.0,19500,55774.0
237321,Clarksburg Beauty Academy and School of Massage Therapy,Clarksburg,WV,1,3,32.0,0.0,0.0,0.0,0.0,0.0,0.0,0.0,0.0,0.0,,,,47.0,,,6415,16306.0
237330,Concord University,Athens,WV,3,1,41.0,0.0,0.0,0.0,0.0,0.0,0.0,0.0,0.0,0.0,,0.9256,977.0,1504.0,10664.0,22000.0,18900,42703.0
237358,Davis & Elkins College,Elkins,WV,3,2,33.0,0.0,0.0,0.0,0.0,0.0,0.0,0.0,0.0,0.0,66.0,0.9433,,661.0,31820.0,31820.0,27000,43411.0
237367,Fairmont State University,Fairmont,WV,3,1,32.0,0.0,0.0,0.0,0.0,0.0,0.0,0.0,0.0,0.0,,0.9862,996.0,2590.0,8708.0,18924.0,21000,46857.0
237385,Glenville State University,Glenville,WV,3,1,43.0,0.0,0.0,0.0,0.0,0.0,0.0,0.0,0.0,0.0,,,,1096.0,9578.0,11354.0,25000,39315.0
237437,Ameritas College,Huntington,WV,2,2,13.0,0.0,0.0,0.0,0.0,0.0,0.0,0.0,0.0,0.0,,,,181.0,10050.0,10050.0,21604,21783.0
237473,James Rumsey Technical Institute,Martinsburg,WV,1,1,41.0,0.0,0.0,0.0,0.0,0.0,0.0,0.0,0.0,0.0,,,,99.0,,,PS,45133.0
237491,Ralph R Willis Career and Technical Center,Stollings,WV,1,1,41.0,0.0,0.0,0.0,0.0,0.0,0.0,0.0,0.0,0.0,,,,18.0,,,PS,51465.0
237525,Marshall University,Huntington,WV,3,1,13.0,0.0,0.0,0.0,0.0,0.0,0.0,0.0,0.0,0.0,,0.9573,1061.0,7266.0,9162.0,20342.0,23250,46354.0
237543,Mercer County Technical Education Center,Princeton,WV,1,1,32.0,0.0,0.0,0.0,0.0,0.0,0.0,0.0,0.0,0.0,,,,120.0,,,PS,33511.0
237561,Monongalia County Technical Education Center,Morgantown,WV,1,1,13.0,0.0,0.0,0.0,0.0,0.0,0.0,0.0,0.0,0.0,,0.5833,,43.0,,,PS,40499.0
237570,Morgantown Beauty College Inc,Morgantown,WV,1,3,13.0,0.0,0.0,0.0,0.0,0.0,0.0,0.0,0.0,0.0,,,,68.0,,,6365,22230.0
237686,West Virginia University at Parkersburg,Parkersburg,WV,2,1,41.0,0.0,0.0,0.0,0.0,0.0,0.0,0.0,0.0,0.0,,,,1868.0,4612.0,9124.0,12570,35171.0
237701,Potomac State College of West Virginia University,Keyser,WV,2,1,33.0,0.0,0.0,0.0,0.0,0.0,0.0,0.0,0.0,0.0,,,,853.0,5280.0,13200.0,22500,55939.0
237729,Academy of Careers and Technology,Beckley,WV,1,1,13.0,0.0,0.0,0.0,0.0,0.0,0.0,0.0,0.0,0.0,,,,168.0,,,PS,32756.0
237783,Salem University,Salem,WV,3,3,42.0,0.0,0.0,0.0,0.0,0.0,0.0,0.0,0.0,0.0,,,,892.0,11900.0,11900.0,24694,34642.0
237792,Shepherd University,Shepherdstown,WV,3,1,41.0,0.0,0.0,0.0,0.0,0.0,0.0,0.0,0.0,0.0,,0.9678,1034.0,2344.0,9056.0,19082.0,21600,49358.0
237817,Southern West Virginia Community and Technical College,Logan,WV,2,1,32.0,0.0,0.0,0.0,0.0,0.0,0.0,0.0,0.0,0.0,,,,1064.0,5136.0,7872.0,9190,32153.0
237844,Fred W Eberle Technical Center,Buckhannon,WV,1,1,33.0,0.0,0.0,0.0,0.0,0.0,0.0,0.0,0.0,0.0,,,,109.0,,,PS,43364.0
237880,West Virginia School of Osteopathic Medicine,Lewisburg,WV,4,1,32.0,0.0,0.0,0.0,0.0,0.0,0.0,0.0,0.0,0.0,,,,,,,PS,
237899,West Virginia State University,Institute,WV,3,1,22.0,1.0,0.0,0.0,0.0,0.0,0.0,0.0,0.0,0.0,,0.9596,955.0,1321.0,9570.0,14990.0,23338,40492.0
237905,West Virginia University Hospital Departments of Rad Tech and Nutrition,Morgantown,WV,1,2,13.0,0.0,0.0,0.0,0.0,0.0,0.0,0.0,0.0,0.0,,,,62.0,,,PS,69666.0
237932,West Liberty University,West Liberty,WV,3,1,41.0,0.0,0.0,0.0,0.0,0.0,0.0,0.0,0.0,0.0,,0.9727,1045.0,1511.0,8893.0,17442.0,23250,43296.0
237950,West Virginia University Institute of Technology,Beckley,WV,3,1,13.0,0.0,0.0,0.0,0.0,0.0,0.0,0.0,0.0,0.0,,0.3668,1033.0,981.0,8424.0,21072.0,22500,55939.0
237969,West Virginia Wesleyan College,Buckhannon,WV,3,2,33.0,0.0,0.0,0.0,0.0,0.0,0.0,0.0,0.0,0.0,71.0,0.9334,1052.0,954.0,34090.0,34090.0,27000,51593.0
237987,West Virginia Junior College-Charleston,Cross Lanes,WV,2,3,22.0,0.0,0.0,0.0,0.0,0.0,0.0,0.0,0.0,0.0,,,,394.0,14798.0,14798.0,8270,27472.0
237996,West Virginia Junior College-Morgantown,Morgantown,WV,2,3,13.0,0.0,0.0,0.0,0.0,0.0,0.0,0.0,0.0,0.0,,,,673.0,14798.0,14798.0,9881,31912.0
238005,International Beauty School,Martinsburg,WV,1,3,13.0,0.0,0.0,0.0,0.0,0.0,0.0,0.0,0.0,0.0,,,,86.0,,,6333,18906.0
238014,West Virginia Northern Community College,Wheeling,WV,2,1,13.0,0.0,0.0,0.0,0.0,0.0,0.0,0.0,0.0,0.0,,,,1014.0,4706.0,12698.0,10245,30162.0
238032,West Virginia University,Morgantown,WV,3,1,13.0,0.0,0.0,0.0,0.0,0.0,0.0,0.0,0.0,0.0,,0.89,1122.0,17385.0,10104.0,28608.0,22500,55939.0
238078,Wheeling University,Wheeling,WV,3,2,13.0,0.0,0.0,0.0,0.0,0.0,0.0,0.0,0.0,0.0,30.0,0.6316,,589.0,29875.0,29875.0,25125,57949.0
238096,Wood County Technical Center-Practical Nursing,Parkersburg,WV,1,1,13.0,0.0,0.0,0.0,0.0,0.0,0.0,0.0,0.0,0.0,,0.75,,31.0,,,PS,40547.0
238175,VICI Beauty School,Greenfield,WI,1,3,21.0,0.0,0.0,0.0,0.0,0.0,0.0,0.0,0.0,0.0,,,,109.0,,,6333,32393.0
238193,Alverno College,Milwaukee,WI,3,2,11.0,0.0,0.0,0.0,0.0,0.0,1.0,0.0,0.0,1.0,30.0,0.8574,,631.0,34086.0,34086.0,27000,53145.0
238263,Madison Area Technical College,Madison,WI,1,1,11.0,0.0,0.0,0.0,0.0,0.0,0.0,0.0,0.0,0.0,,,,10073.0,4977.0,7255.0,14060,45413.0
238324,Bellin College,Green Bay,WI,3,2,22.0,0.0,0.0,0.0,0.0,0.0,0.0,0.0,0.0,0.0,,0.9718,,372.0,30952.0,30952.0,18000,76222.0
238333,Beloit College,Beloit,WI,3,2,13.0,0.0,0.0,0.0,0.0,0.0,0.0,0.0,0.0,0.0,,0.6304,1287.0,926.0,60886.0,60886.0,25738,53260.0
238397,Blackhawk Technical College,Janesville,WI,1,1,23.0,0.0,0.0,0.0,0.0,0.0,0.0,0.0,0.0,0.0,,,,2488.0,4267.0,6061.0,9550,41620.0
238458,Carroll University,Waukesha,WI,3,2,13.0,0.0,0.0,0.0,0.0,0.0,0.0,0.0,0.0,0.0,66.0,0.6684,1190.0,2523.0,38890.0,38890.0,27000,58009.0
238476,Carthage College,Kenosha,WI,3,2,13.0,0.0,0.0,0.0,0.0,0.0,0.0,0.0,0.0,0.0,39.0,0.8706,1150.0,2660.0,38750.0,38750.0,26000,56950.0
238616,Concordia University-Wisconsin,Mequon,WI,3,2,21.0,0.0,0.0,0.0,0.0,0.0,0.0,0.0,0.0,0.0,68.0,0.782,1190.0,2197.0,35470.0,35470.0,25750,56075.0
238661,Edgewood University,Madison,WI,3,2,11.0,0.0,0.0,0.0,0.0,0.0,0.0,0.0,0.0,0.0,30.0,0.7573,,1107.0,35860.0,35860.0,24424,59728.0
238722,Fox Valley Technical College,Appleton,WI,1,1,22.0,0.0,0.0,0.0,0.0,0.0,0.0,0.0,0.0,0.0,,,,5825.0,5040.0,7283.0,10402,45684.0
238759,Gateway Technical College,Kenosha,WI,1,1,13.0,0.0,0.0,0.0,0.0,0.0,1.0,0.0,0.0,0.0,,,,4759.0,4956.0,7199.0,12165,40264.0
238810,The Professional Hair Design Academy,Eau Claire,WI,1,3,22.0,0.0,0.0,0.0,0.0,0.0,0.0,0.0,0.0,0.0,,,,60.0,,,PS,29587.0
238980,Lakeland University,Plymouth,WI,3,2,41.0,0.0,0.0,0.0,0.0,0.0,0.0,0.0,0.0,0.0,76.0,0.8628,,1212.0,33396.0,33396.0,25000,55961.0
239008,Lakeshore Technical College,Cleveland,WI,1,1,42.0,0.0,0.0,0.0,0.0,0.0,0.0,0.0,0.0,0.0,,,,1886.0,4844.0,7087.0,7000,47113.0
239017,Lawrence University,Appleton,WI,3,2,13.0,0.0,0.0,0.0,0.0,0.0,0.0,0.0,0.0,0.0,,0.6394,1350.0,1396.0,56982.0,56982.0,26000,55789.0
239071,Maranatha Baptist University,Watertown,WI,3,2,31.0,0.0,0.0,0.0,0.0,0.0,0.0,0.0,0.0,0.0,54.0,0.719,1170.0,541.0,21550.0,21550.0,14143,45593.0
239080,Marian University,Fond Du Lac,WI,3,2,13.0,0.0,0.0,0.0,0.0,0.0,0.0,0.0,0.0,0.0,30.0,0.7498,,1010.0,35178.0,35178.0,25000,53501.0
239105,Marquette University,Milwaukee,WI,3,2,11.0,0.0,0.0,0.0,0.0,0.0,0.0,0.0,0.0,0.0,30.0,0.8134,1310.0,7660.0,51170.0,51170.0,23940,78257.0
239169,Medical College of Wisconsin,Milwaukee,WI,4,2,21.0,0.0,0.0,0.0,0.0,0.0,0.0,0.0,0.0,0.0,,,,,,,PS,
239220,Mid-State Technical College,Wisconsin Rapids,WI,1,1,32.0,0.0,0.0,0.0,0.0,0.0,0.0,0.0,0.0,0.0,,,,2288.0,5002.0,7171.0,8000,42253.0
239248,Milwaukee Area Technical College,Milwaukee,WI,1,1,11.0,0.0,0.0,0.0,0.0,0.0,0.0,0.0,0.0,0.0,,,,12024.0,5184.0,7427.0,14955,41113.0
239309,Milwaukee Institute of Art & Design,Milwaukee,WI,3,2,11.0,0.0,0.0,0.0,0.0,0.0,0.0,0.0,0.0,0.0,,0.6054,,837.0,43743.0,43743.0,27000,41174.0
239318,Milwaukee School of Engineering,Milwaukee,WI,3,2,11.0,0.0,0.0,0.0,0.0,0.0,0.0,0.0,0.0,0.0,,0.5893,,2654.0,50480.0,50480.0,27000,89070.0
239372,Moraine Park Technical College,Fond du Lac,WI,1,1,13.0,0.0,0.0,0.0,0.0,0.0,0.0,0.0,0.0,0.0,,,,2464.0,4819.0,7084.0,8225,44371.0
239390,Mount Mary University,Milwaukee,WI,3,2,11.0,0.0,0.0,0.0,0.0,1.0,1.0,0.0,0.0,1.0,30.0,0.6233,1020.0,631.0,35420.0,35420.0,25288,48745.0
239424,Nashotah House,Nashotah,WI,4,2,21.0,0.0,0.0,0.0,0.0,0.0,0.0,0.0,0.0,0.0,79.0,,,,,,PS,
239442,Nicolet Area Technical College,Rhinelander,WI,1,1,41.0,0.0,0.0,0.0,0.0,0.0,0.0,0.0,0.0,0.0,,,,663.0,4793.0,7066.0,7837,38643.0
239460,Northcentral Technical College,Wausau,WI,1,1,13.0,0.0,0.0,0.0,0.0,0.0,0.0,0.0,0.0,0.0,,,,3257.0,4889.0,7132.0,7500,44925.0
239488,Northeast Wisconsin Technical College,Green Bay,WI,1,1,12.0,0.0,0.0,0.0,0.0,0.0,0.0,0.0,0.0,0.0,,,,5704.0,4960.0,7233.0,11719,44553.0
239628,Ripon College,Ripon,WI,3,2,32.0,0.0,0.0,0.0,0.0,0.0,0.0,0.0,0.0,0.0,,0.7984,1176.0,688.0,51900.0,51900.0,27000,54902.0
239637,Sacred Heart Seminary and School of Theology,Franklin,WI,4,2,21.0,0.0,0.0,0.0,0.0,0.0,0.0,0.0,1.0,0.0,30.0,,,,,,,
239716,Saint Norbert College,De Pere,WI,3,2,22.0,0.0,0.0,0.0,0.0,0.0,0.0,0.0,0.0,0.0,30.0,0.8574,1182.0,1662.0,45580.0,45580.0,26731,58363.0
239877,State College of Beauty Culture,Wausau,WI,1,3,13.0,0.0,0.0,0.0,0.0,0.0,0.0,0.0,0.0,0.0,,,,57.0,,,5606,28037.0
239910,Southwest Wisconsin Technical College,Fennimore,WI,1,1,43.0,0.0,0.0,0.0,0.0,0.0,0.0,0.0,0.0,0.0,,,,1313.0,4904.0,7147.0,7500,43470.0
240107,Viterbo University,La Crosse,WI,3,2,13.0,0.0,0.0,0.0,0.0,0.0,0.0,0.0,0.0,0.0,30.0,0.7243,1190.0,1249.0,34250.0,34250.0,25000,55660.0
240116,Chippewa Valley Technical College,Eau Claire,WI,1,1,13.0,0.0,0.0,0.0,0.0,0.0,0.0,0.0,0.0,0.0,,,,4272.0,4844.0,7087.0,11432,46297.0
240125,Waukesha County Technical College,Pewaukee,WI,1,1,21.0,0.0,0.0,0.0,0.0,0.0,0.0,0.0,0.0,0.0,,,,4955.0,4872.0,7115.0,12000,46894.0
240170,Western Technical College,La Crosse,WI,1,1,13.0,0.0,0.0,0.0,0.0,0.0,0.0,0.0,0.0,0.0,,,,3183.0,4820.0,7078.0,11500,45303.0
240189,University of Wisconsin-Whitewater,Whitewater,WI,3,1,32.0,0.0,0.0,0.0,0.0,0.0,0.0,0.0,0.0,0.0,,0.8572,1050.0,9405.0,8616.0,18716.0,23188,55356.0
240198,Northwood Technical College,Rice Lake,WI,1,1,33.0,0.0,0.0,0.0,0.0,0.0,0.0,0.0,0.0,0.0,,,,2149.0,4926.0,7169.0,8250,43406.0
240213,Wisconsin School of Professional Psychology,Milwaukee,WI,4,2,11.0,0.0,0.0,0.0,0.0,0.0,0.0,0.0,0.0,0.0,,,,,,,PS,
240268,University of Wisconsin-Eau Claire,Eau Claire,WI,3,1,13.0,0.0,0.0,0.0,0.0,0.0,0.0,0.0,0.0,0.0,,0.8234,1220.0,8895.0,9642.0,19228.0,20909,58561.0
240277,University of Wisconsin-Green Bay,Green Bay,WI,3,1,12.0,0.0,0.0,0.0,0.0,0.0,0.0,0.0,0.0,0.0,,0.8859,1120.0,6341.0,8700.0,17288.0,18500,52528.0
240329,University of Wisconsin-La Crosse,La Crosse,WI,3,1,13.0,0.0,0.0,0.0,0.0,0.0,0.0,0.0,0.0,0.0,,0.755,1220.0,9277.0,10070.0,19517.0,22500,60378.0
240338,Wisconsin Lutheran College,Milwaukee,WI,3,2,11.0,0.0,0.0,0.0,0.0,0.0,0.0,0.0,0.0,0.0,33.0,0.7816,1239.0,943.0,36110.0,36110.0,26000,54664.0
240365,University of Wisconsin-Oshkosh,Oshkosh,WI,3,1,13.0,0.0,0.0,0.0,0.0,0.0,0.0,0.0,0.0,0.0,,0.865,1090.0,6877.0,8532.0,16446.0,21500,55548.0
240374,University of Wisconsin-Parkside,Kenosha,WI,3,1,41.0,0.0,0.0,0.0,0.0,0.0,0.0,0.0,0.0,0.0,,0.7539,1090.0,2844.0,8270.0,17429.0,20492,51129.0
240392,Herzing University-Madison,Madison,WI,1,2,11.0,0.0,0.0,0.0,0.0,1.0,0.0,0.0,0.0,0.0,,0.943,,2494.0,13450.0,13450.0,21500,36909.0
240417,University of Wisconsin-Stout,Menomonie,WI,3,1,32.0,0.0,0.0,0.0,0.0,0.0,0.0,0.0,0.0,0.0,,0.8767,1150.0,5842.0,10701.0,19265.0,23000,58084.0
240426,University of Wisconsin-Superior,Superior,WI,3,1,22.0,0.0,0.0,0.0,0.0,0.0,0.0,0.0,0.0,0.0,,0.9301,1090.0,1807.0,8812.0,16726.0,22500,49606.0
240444,University of Wisconsin-Madison,Madison,WI,3,1,11.0,0.0,0.0,0.0,0.0,0.0,0.0,0.0,0.0,0.0,,0.452,1427.0,36902.0,11603.0,42103.0,20484,73792.0
240453,University of Wisconsin-Milwaukee,Milwaukee,WI,3,1,11.0,0.0,0.0,0.0,0.0,0.0,0.0,0.0,0.0,0.0,,0.9068,1090.0,16758.0,10398.0,22398.0,23000,54990.0
240462,University of Wisconsin-Platteville,Platteville,WI,3,1,32.0,0.0,0.0,0.0,0.0,0.0,0.0,0.0,0.0,0.0,,0.8938,1190.0,5837.0,8644.0,17603.0,21977,61760.0
240471,University of Wisconsin-River Falls,River Falls,WI,3,1,32.0,0.0,0.0,0.0,0.0,0.0,0.0,0.0,0.0,0.0,,0.8172,1150.0,4205.0,9008.0,17470.0,20500,54458.0
240480,University of Wisconsin-Stevens Point,Stevens Point,WI,3,1,32.0,0.0,0.0,0.0,0.0,0.0,0.0,0.0,0.0,0.0,,0.918,1150.0,7306.0,9488.0,18508.0,21503,52021.0
240505,Casper College,Casper,WY,2,1,13.0,0.0,0.0,0.0,0.0,0.0,0.0,0.0,0.0,0.0,,,,2204.0,4470.0,10770.0,9534,40935.0
240514,Central Wyoming College,Riverton,WY,2,1,33.0,0.0,0.0,0.0,0.0,0.0,0.0,1.0,0.0,0.0,,,,1054.0,4800.0,11100.0,8361,34402.0
240596,Eastern Wyoming College,Torrington,WY,2,1,33.0,0.0,0.0,0.0,0.0,0.0,0.0,0.0,0.0,0.0,,,,482.0,4290.0,10590.0,7000,37121.0
240620,Laramie County Community College,Cheyenne,WY,2,1,41.0,0.0,0.0,0.0,0.0,0.0,0.0,0.0,0.0,0.0,,,,2799.0,4613.0,10913.0,11000,44783.0
240657,Northwest College,Powell,WY,2,1,33.0,0.0,0.0,0.0,0.0,0.0,0.0,0.0,0.0,0.0,,,,890.0,4962.0,11262.0,10000,36950.0
240666,Northern Wyoming Community College District,Sheridan,WY,2,1,33.0,0.0,0.0,0.0,0.0,0.0,0.0,0.0,0.0,0.0,,,,1610.0,4830.0,11130.0,8622,40477.0
240693,Western Wyoming Community College,Rock Springs,WY,2,1,33.0,0.0,0.0,0.0,0.0,0.0,0.0,0.0,0.0,0.0,,,,1319.0,4230.0,10530.0,9000,40939.0
240709,Cheeks Beauty Academy,Cheyenne,WY,1,3,13.0,0.0,0.0,0.0,0.0,0.0,0.0,0.0,0.0,0.0,,,,47.0,,,7000,25459.0
240718,WyoTech,Laramie,WY,1,3,33.0,0.0,0.0,0.0,0.0,0.0,0.0,0.0,0.0,0.0,,,,1334.0,,,6800,50167.0
240727,University of Wyoming,Laramie,WY,3,1,33.0,0.0,0.0,0.0,0.0,0.0,0.0,0.0,0.0,0.0,,0.9688,,7944.0,7768.0,24178.0,18000,56880.0
240736,American Samoa Community College,Pago Pago,AS,2,1,41.0,0.0,0.0,0.0,0.0,1.0,0.0,0.0,0.0,0.0,,,,839.0,5300.0,5600.0,PS,30087.0
240745,Guam Community College,Mangilao,GU,2,1,22.0,0.0,0.0,0.0,0.0,1.0,0.0,0.0,0.0,0.0,,,,1139.0,3414.0,4614.0,PS,27820.0
240754,University of Guam,Mangilao,GU,3,1,22.0,0.0,0.0,0.0,0.0,1.0,0.0,0.0,0.0,0.0,,,,2515.0,6110.0,11414.0,16786,35946.0
240790,Northern Marianas College,Saipan,MP,2,1,33.0,0.0,0.0,0.0,0.0,1.0,0.0,0.0,0.0,0.0,,,,1225.0,4038.0,5520.0,PS,27836.0
240879,Institute of Beauty Careers,Arecibo,PR,1,3,13.0,0.0,0.0,0.0,0.0,0.0,0.0,0.0,0.0,0.0,,,,93.0,,,PS,17713.0
241146,American Educational College,Bayamon,PR,1,3,12.0,0.0,0.0,0.0,0.0,0.0,0.0,0.0,0.0,0.0,,,,168.0,8306.0,8306.0,PS,17172.0
241182,Antilles School of Technical Careers,San Juan,PR,1,3,11.0,0.0,0.0,0.0,0.0,0.0,0.0,0.0,0.0,0.0,,,,286.0,,,PS,21766.0
241191,Universidad Adventista de las Antillas,Mayaguez,PR,3,2,23.0,0.0,0.0,0.0,0.0,0.0,1.0,0.0,0.0,0.0,95.0,1.0,,830.0,8350.0,8350.0,15750,28465.0
241216,Atlantic University,Guaynabo,PR,3,2,13.0,0.0,0.0,0.0,0.0,0.0,1.0,0.0,0.0,0.0,,,,1451.0,8280.0,8280.0,5457,25272.0
241225,Universidad Central de Bayamon,Bayamón,PR,3,2,12.0,0.0,0.0,0.0,0.0,0.0,1.0,0.0,0.0,0.0,30.0,0.6594,,539.0,5986.0,5986.0,9393,25021.0
241331,Albizu University-San Juan,San Juan,PR,3,2,11.0,0.0,0.0,0.0,0.0,0.0,1.0,0.0,0.0,0.0,,1.0,,728.0,8505.0,8505.0,5500,41544.0
241377,Caribbean University-Bayamon,Bayamon,PR,1,2,12.0,0.0,0.0,0.0,0.0,0.0,1.0,0.0,0.0,0.0,,,,639.0,8844.0,8844.0,10500,22842.0
241386,Caribbean University-Carolina,Carolina,PR,3,2,21.0,0.0,0.0,0.0,0.0,0.0,1.0,0.0,0.0,0.0,,,,99.0,8844.0,8844.0,10500,22842.0
241395,Pontifical Catholic University of Puerto Rico-Arecibo,Arecibo,PR,3,2,23.0,0.0,0.0,0.0,0.0,0.0,1.0,0.0,0.0,0.0,30.0,0.9378,,273.0,6550.0,6550.0,15500,24908.0
241410,Pontifical Catholic University of Puerto Rico-Ponce,Ponce,PR,3,2,12.0,0.0,0.0,0.0,0.0,0.0,1.0,0.0,0.0,0.0,30.0,0.9808,1300.0,3874.0,6650.0,6650.0,15500,24908.0
241517,CEM College-San Juan,San Juan,PR,1,3,11.0,0.0,0.0,0.0,0.0,0.0,0.0,0.0,0.0,0.0,,,,119.0,12900.0,12900.0,5000,21033.0
241614,Universidad Teologica del Caribe,Trujillo Alto,PR,3,2,21.0,0.0,0.0,0.0,0.0,0.0,1.0,0.0,0.0,0.0,57.0,,,173.0,6660.0,6660.0,12050,23536.0
241720,Colegio Universitario de San Juan,San Juan,PR,2,1,11.0,0.0,0.0,0.0,0.0,0.0,1.0,0.0,0.0,0.0,,0.7538,,491.0,2580.0,2580.0,PS,26510.0
241739,Universidad Ana G. Mendez-Cupey Campus,San Juan,PR,3,2,11.0,0.0,0.0,0.0,0.0,0.0,1.0,0.0,0.0,0.0,,,,4540.0,7750.0,7750.0,14250,24490.0
241766,Puerto Rico Conservatory of Music,San Juan,PR,3,1,11.0,0.0,0.0,0.0,0.0,0.0,0.0,0.0,0.0,0.0,,0.7835,,307.0,3370.0,3850.0,8875,19474.0
241793,Center for Advanced Studies On Puerto Rico and the Caribbean,San Juan,PR,4,2,11.0,0.0,0.0,0.0,0.0,0.0,0.0,0.0,0.0,0.0,,,,,,,PS,
241836,EDP University of Puerto Rico Inc-San Sebastian,San Sebastian,PR,2,2,22.0,0.0,0.0,0.0,0.0,0.0,1.0,0.0,0.0,0.0,,0.9574,,1032.0,7050.0,14125.0,14000,22844.0
241951,Escuela de Artes Plasticas y Diseno de Puerto Rico,San Juan,PR,3,1,11.0,0.0,0.0,0.0,0.0,0.0,1.0,0.0,0.0,0.0,,1.0,,466.0,4902.0,8502.0,PS,21790.0
242042,Instituto Tecnologico de Puerto Rico-Recinto de Manati,Manati,PR,2,1,21.0,0.0,0.0,0.0,0.0,0.0,1.0,0.0,0.0,0.0,,0.9337,,323.0,1600.0,1600.0,PS,26293.0
242112,Huertas College,Caguas,PR,1,3,13.0,0.0,0.0,0.0,0.0,0.0,0.0,0.0,0.0,0.0,,,,430.0,8750.0,8750.0,7500,22927.0
242121,Humacao Community College,Humacao,PR,1,2,21.0,0.0,0.0,0.0,0.0,0.0,1.0,0.0,0.0,0.0,,,,173.0,6560.0,6560.0,PS,20064.0
242130,ICPR Junior College-Arecibo,Arecibo,PR,1,3,13.0,0.0,0.0,0.0,0.0,0.0,0.0,0.0,0.0,0.0,,,,339.0,8664.0,8664.0,PS,18694.0
242149,ICPR Junior College-Mayaguez,Mayaguez,PR,1,3,13.0,0.0,0.0,0.0,0.0,0.0,0.0,0.0,0.0,0.0,,,,373.0,8664.0,8664.0,PS,18694.0
242556,Instituto Tecnologico de Puerto Rico-Recinto de Guayama,Guayama,PR,2,1,13.0,0.0,0.0,0.0,0.0,0.0,1.0,0.0,0.0,0.0,,0.7899,,216.0,3608.0,3608.0,PS,26293.0
242583,Instituto Tecnologico de Puerto Rico-Recinto de San Juan,San Juan,PR,2,1,11.0,0.0,0.0,0.0,0.0,0.0,1.0,0.0,0.0,0.0,,0.6324,,179.0,1180.0,1180.0,PS,26293.0
242617,Inter American University of Puerto Rico-San German,San German,PR,3,2,23.0,0.0,0.0,0.0,0.0,0.0,1.0,0.0,0.0,0.0,,0.4248,,2569.0,5780.0,5780.0,8500,25416.0
242626,Inter American University of Puerto Rico-Aguadilla,Aguadilla,PR,3,2,22.0,0.0,0.0,0.0,0.0,0.0,1.0,0.0,0.0,0.0,,0.4176,,2906.0,5742.0,5742.0,6250,24776.0
242635,Inter American University of Puerto Rico-Arecibo,Arecibo,PR,3,2,13.0,0.0,0.0,0.0,0.0,0.0,1.0,0.0,0.0,0.0,,0.382,,2220.0,5780.0,5780.0,9000,24539.0
242644,Inter American University of Puerto Rico-Barranquitas,Barranquitas,PR,3,2,21.0,0.0,0.0,0.0,0.0,0.0,1.0,0.0,0.0,0.0,,0.8595,,937.0,5742.0,5742.0,5200,23204.0
242653,Inter American University of Puerto Rico-Metro,San Juan,PR,3,2,11.0,0.0,0.0,0.0,0.0,0.0,1.0,0.0,0.0,0.0,,0.6972,,2607.0,5780.0,5780.0,10975,30821.0
242662,Inter American University of Puerto Rico-Ponce,Mercedita,PR,3,2,41.0,0.0,0.0,0.0,0.0,0.0,1.0,0.0,0.0,0.0,,0.3373,,2404.0,5780.0,5780.0,6375,26721.0
242680,Inter American University of Puerto Rico-Fajardo,Fajardo,PR,3,2,23.0,0.0,0.0,0.0,0.0,0.0,1.0,0.0,0.0,0.0,,0.2654,,1072.0,5780.0,5780.0,5750,23132.0
242699,Inter American University of Puerto Rico-Guayama,Guayama,PR,2,2,13.0,0.0,0.0,0.0,0.0,0.0,1.0,0.0,0.0,0.0,,0.3633,,2393.0,5780.0,5780.0,9500,25827.0
242705,Inter American University of Puerto Rico-Bayamon,Bayamon,PR,3,2,12.0,0.0,0.0,0.0,0.0,0.0,1.0,0.0,0.0,0.0,,0.3962,,3476.0,5780.0,5780.0,8250,29936.0
242723,Inter American University of Puerto Rico-School of Law,San Juan,PR,4,2,11.0,0.0,0.0,0.0,0.0,0.0,0.0,0.0,0.0,0.0,,,,,,,PS,
242820,Liceo de Arte y Tecnologia,San Juan,PR,1,3,11.0,0.0,0.0,0.0,0.0,0.0,0.0,0.0,0.0,0.0,,,,431.0,8451.0,8451.0,4293,26733.0
242945,Modern Hairstyling Institute-Bayamon,Bayamon,PR,1,3,12.0,0.0,0.0,0.0,0.0,0.0,0.0,0.0,0.0,0.0,,,,156.0,,,PS,17105.0
242954,Modern Hairstyling Institute-Arecibo,Arecibo,PR,1,3,13.0,0.0,0.0,0.0,0.0,0.0,0.0,0.0,0.0,0.0,,0.74,,76.0,,,PS,15266.0
242972,NUC University,Bayamon,PR,1,3,12.0,0.0,0.0,0.0,0.0,0.0,0.0,0.0,0.0,0.0,,,,28918.0,12698.0,13853.0,9500,24785.0
243081,Ponce Health Sciences University,Ponce,PR,4,3,12.0,0.0,0.0,0.0,0.0,0.0,0.0,0.0,0.0,0.0,,,,,,,PS,
243106,University of Puerto Rico-Aguadilla,Aguadilla,PR,3,1,22.0,0.0,0.0,0.0,0.0,0.0,1.0,0.0,0.0,0.0,,0.814,909.0,1883.0,5954.0,5954.0,5500,27997.0
243115,University of Puerto Rico-Arecibo,Arecibo,PR,3,1,13.0,0.0,0.0,0.0,0.0,0.0,1.0,0.0,0.0,0.0,,0.5918,,2669.0,5354.0,5354.0,4500,30512.0
243133,University of Puerto Rico,Bayamon,PR,3,1,12.0,0.0,0.0,0.0,0.0,0.0,1.0,0.0,0.0,0.0,,0.3533,,2851.0,6284.0,6284.0,5500,34409.0
243142,University of Puerto Rico-Carolina,Carolina,PR,3,1,21.0,0.0,0.0,0.0,0.0,0.0,1.0,0.0,0.0,0.0,,0.5454,932.0,2404.0,7986.0,7986.0,5500,30626.0
243151,University of Puerto Rico at Cayey,Cayey,PR,3,1,21.0,0.0,0.0,0.0,0.0,0.0,1.0,0.0,0.0,0.0,,0.53,955.0,2069.0,5354.0,5354.0,5000,30958.0
243179,University of Puerto Rico-Humacao,Humacao,PR,3,1,21.0,0.0,0.0,0.0,0.0,0.0,1.0,0.0,0.0,0.0,,0.548,,2529.0,5364.0,5364.0,5500,29521.0
243188,University of Puerto Rico-Utuado,Utuado,PR,2,1,41.0,0.0,0.0,0.0,0.0,0.0,1.0,0.0,0.0,0.0,,0.6411,,325.0,5354.0,5354.0,3500,23906.0
243197,University of Puerto Rico-Mayaguez,Mayaguez,PR,3,1,13.0,0.0,0.0,0.0,0.0,0.0,1.0,0.0,0.0,0.0,,0.5652,,9539.0,5274.0,5274.0,8250,48992.0
243203,University of Puerto Rico-Medical Sciences,San Juan,PR,3,1,11.0,0.0,0.0,0.0,0.0,0.0,1.0,0.0,0.0,0.0,,,,233.0,,,PS,45953.0
243212,University of Puerto Rico at Ponce,Ponce,PR,3,1,12.0,0.0,0.0,0.0,0.0,0.0,1.0,0.0,0.0,0.0,,0.5245,,2278.0,5354.0,5354.0,5500,31394.0
243221,University of Puerto Rico-Rio Piedras,San Juan,PR,3,1,11.0,0.0,0.0,0.0,0.0,0.0,1.0,0.0,0.0,0.0,,0.5459,,8572.0,5354.0,5354.0,5500,35723.0
243346,Universidad Ana G. Mendez-Carolina Campus,Carolina,PR,3,2,21.0,0.0,0.0,0.0,0.0,0.0,1.0,0.0,0.0,0.0,,,,4468.0,7750.0,7750.0,14500,24328.0
243443,Universidad del Sagrado Corazon,Santurce,PR,3,2,11.0,0.0,0.0,0.0,0.0,0.0,1.0,0.0,0.0,0.0,30.0,0.5802,,4442.0,6410.0,6410.0,16250,31754.0
243498,Seminario Evangelico de Puerto Rico,San Juan,PR,4,2,11.0,0.0,0.0,0.0,0.0,0.0,0.0,0.0,0.0,0.0,42.0,,,,,,PS,
243568,Universidad Central Del Caribe,Bayamon,PR,1,2,12.0,0.0,0.0,0.0,0.0,0.0,1.0,0.0,0.0,0.0,,0.6,,90.0,7707.0,7707.0,7363,31468.0
243577,Universidad Politecnica de Puerto Rico,Hato Rey,PR,3,2,11.0,0.0,0.0,0.0,0.0,0.0,1.0,0.0,0.0,0.0,,,,3594.0,9870.0,9870.0,22564,47540.0
243586,Pontifical Catholic University of Puerto Rico-Mayaguez,Mayaguez,PR,3,2,13.0,0.0,0.0,0.0,0.0,0.0,1.0,0.0,0.0,0.0,30.0,0.9917,,555.0,6550.0,6550.0,15500,24908.0
243601,Universidad Ana G. Mendez-Gurabo Campus,Gurabo,PR,3,2,21.0,0.0,0.0,0.0,0.0,0.0,1.0,0.0,0.0,0.0,,,,7868.0,7750.0,7750.0,13448,26223.0
243638,College of Micronesia-FSM,Pohnpei,FM,2,1,-3.0,0.0,0.0,0.0,0.0,1.0,0.0,0.0,0.0,0.0,,0.8707,,1729.0,5050.0,5050.0,PS,24651.0
243647,Palau Community College,Koror,PW,2,1,-3.0,0.0,0.0,0.0,0.0,1.0,0.0,0.0,0.0,0.0,,,,393.0,3730.0,3970.0,PS,29898.0
243665,University of the Virgin Islands,Charlotte Amalie,VI,3,1,41.0,1.0,0.0,0.0,0.0,0.0,0.0,0.0,0.0,0.0,,0.9898,938.0,1518.0,5957.0,16557.0,16800,38681.0
243744,Stanford University,Stanford,CA,3,2,21.0,0.0,0.0,0.0,0.0,0.0,0.0,0.0,0.0,0.0,,0.0361,1553.0,7554.0,65910.0,65910.0,12000,124080.0
243780,Purdue University-Main Campus,West Lafayette,IN,3,1,13.0,0.0,0.0,0.0,0.0,0.0,0.0,0.0,0.0,0.0,,0.4987,1364.0,44503.0,9992.0,28794.0,19500,72424.0
243823,Parker University,Dallas,TX,3,2,11.0,0.0,0.0,0.0,0.0,0.0,0.0,0.0,0.0,0.0,,,,607.0,17893.0,17893.0,12288,42091.0
243832,EDP University of Puerto Rico Inc-San Juan,San Juan,PR,2,2,11.0,0.0,0.0,0.0,0.0,0.0,1.0,0.0,0.0,0.0,,0.6067,,1404.0,7050.0,14125.0,14000,22844.0
243841,ICPR Junior College,Hato Rey,PR,1,3,11.0,0.0,0.0,0.0,0.0,0.0,0.0,0.0,0.0,0.0,,,,439.0,8664.0,8664.0,PS,18694.0
244279,Meridian College,Sarasota,FL,1,3,13.0,0.0,0.0,0.0,0.0,0.0,0.0,0.0,0.0,0.0,,,,163.0,,,13000,33735.0
244437,Georgia State University-Perimeter College,Atlanta,GA,2,1,11.0,0.0,1.0,0.0,0.0,1.0,0.0,0.0,0.0,0.0,,0.9077,919.0,13693.0,3104.0,10064.0,20903,47384.0
244446,Georgia Piedmont Technical College,Clarkston,GA,1,1,21.0,0.0,0.0,0.0,0.0,0.0,0.0,0.0,0.0,0.0,,,,2198.0,3386.0,5954.0,12666,34619.0
244613,ETI School of Skilled Trades,Willowbrook,IL,1,3,21.0,0.0,0.0,0.0,0.0,0.0,0.0,0.0,0.0,0.0,,,,443.0,,,9500,52800.0
245281,Traxlers School of Hair,Jackson,MS,1,3,12.0,0.0,0.0,0.0,0.0,0.0,0.0,0.0,0.0,0.0,,,,98.0,,,PS,16249.0
245625,Warren County Community College,Washington,NJ,2,1,41.0,0.0,0.0,0.0,0.0,0.0,0.0,0.0,0.0,0.0,,,,836.0,5460.0,6360.0,9300,43359.0
245652,St. John's College,Santa Fe,NM,3,2,41.0,0.0,0.0,0.0,0.0,0.0,0.0,0.0,0.0,0.0,,0.5315,1426.0,368.0,40504.0,40504.0,PS,44985.0
245777,Bais Medrash Elyon,Monsey,NY,3,2,21.0,0.0,0.0,0.0,0.0,0.0,0.0,0.0,1.0,0.0,,0.375,,61.0,8600.0,8600.0,PS,
245838,Antioch University-Los Angeles,Culver City,CA,3,2,21.0,0.0,0.0,0.0,0.0,0.0,0.0,0.0,0.0,0.0,,,,60.0,,,23501,51541.0
245847,Antioch University-Santa Barbara,Santa Barbara,CA,3,2,13.0,0.0,0.0,0.0,0.0,0.0,1.0,0.0,0.0,0.0,,,,55.0,,,23501,51541.0
245865,Antioch University-New England,Keene,NH,4,2,32.0,0.0,0.0,0.0,0.0,0.0,0.0,0.0,0.0,0.0,,,,,,,23501,51541.0
245883,Antioch University-Seattle,Seattle,WA,3,2,11.0,0.0,0.0,0.0,0.0,0.0,0.0,0.0,0.0,0.0,,,,74.0,,,23501,51541.0
245892,Antioch University,Yellow Springs,OH,3,2,41.0,0.0,0.0,0.0,0.0,0.0,0.0,0.0,0.0,0.0,,,,77.0,,,23501,51541.0
245953,Mid-America Christian University,Oklahoma City,OK,3,2,11.0,0.0,0.0,0.0,0.0,0.0,0.0,0.0,0.0,0.0,57.0,0.9176,1020.0,1666.0,21294.0,21294.0,26394,46116.0
245962,Miller-Motte College-Tulsa,Tulsa,OK,2,3,11.0,0.0,0.0,0.0,0.0,0.0,0.0,0.0,0.0,0.0,,,,389.0,,,15917,31102.0
245980,Ponca City Beauty College,Ponca City,OK,1,3,33.0,0.0,0.0,0.0,0.0,0.0,0.0,0.0,0.0,0.0,,,,38.0,,,PS,15872.0
245999,Francis Tuttle Technology Center,Oklahoma City,OK,1,1,11.0,0.0,0.0,0.0,0.0,0.0,0.0,0.0,0.0,0.0,,,,886.0,,,PS,32996.0
246017,Central Technology Center,Drumright,OK,1,1,42.0,0.0,0.0,0.0,0.0,0.0,0.0,0.0,0.0,0.0,,,,533.0,,,PS,36351.0
246035,Carrington College-Portland,Portland,OR,1,3,11.0,0.0,0.0,0.0,0.0,0.0,0.0,0.0,0.0,0.0,,,,254.0,,,9295,36625.0
246071,Career Technology Center of Lackawanna County,Scranton,PA,1,1,13.0,0.0,0.0,0.0,0.0,0.0,0.0,0.0,0.0,0.0,,1.0,,113.0,,,17200,45555.0
246354,Palo Alto College,San Antonio,TX,2,1,11.0,0.0,0.0,0.0,0.0,0.0,1.0,0.0,0.0,0.0,,,,8801.0,3412.0,9952.0,13393,37448.0
246415,UCAS University of Cosmetology Arts & Sciences-San Antonio 410,San Antonio,TX,1,3,21.0,0.0,0.0,0.0,0.0,0.0,0.0,0.0,0.0,0.0,,,,39.0,,,6333,24450.0
246460,Central Texas Beauty College-Round Rock,Round Rock,TX,1,3,12.0,0.0,0.0,0.0,0.0,0.0,0.0,0.0,0.0,0.0,,,,122.0,,,PS,23338.0
246789,HJ International Graduate School for Peace and Public Leadership,New York,NY,4,2,11.0,0.0,0.0,0.0,0.0,0.0,0.0,0.0,0.0,0.0,99.0,,,,,,PS,
246813,Athens Technical College,Athens,GA,1,1,12.0,0.0,0.0,0.0,0.0,0.0,0.0,0.0,0.0,0.0,,,,3318.0,3390.0,5958.0,PS,35951.0
246895,GateWay Community College-Central City,Phoenix,AZ,1,1,11.0,0.0,0.0,0.0,0.0,0.0,0.0,0.0,0.0,0.0,,,,595.0,,,6750,46147.0
246974,Carrington College-San Leandro Campus,San Leandro,CA,1,3,21.0,0.0,0.0,0.0,0.0,0.0,0.0,0.0,0.0,0.0,,,,326.0,,,11537,39633.0
247010,Headmasters School of Hair Design,Lewiston,ID,1,3,13.0,0.0,0.0,0.0,0.0,0.0,0.0,0.0,0.0,0.0,,,,92.0,,,10556,17707.0
247047,The Salon Professional Academy-Nampa,Nampa,ID,1,3,22.0,0.0,0.0,0.0,0.0,0.0,0.0,0.0,0.0,0.0,,,,111.0,,,6333,18095.0
247065,Beckfield College-Florence,Florence,KY,2,3,21.0,0.0,0.0,0.0,0.0,0.0,0.0,0.0,0.0,0.0,,,,536.0,13295.0,13295.0,23500,37114.0
247153,Dorsey College-Wayne,Wayne,MI,1,3,21.0,0.0,0.0,0.0,0.0,0.0,0.0,0.0,0.0,0.0,,,,196.0,16990.0,16990.0,13000,29392.0
247162,Ecumenical Theological Seminary,Detroit,MI,1,2,11.0,0.0,0.0,0.0,0.0,0.0,0.0,0.0,0.0,0.0,,,,11.0,,,PS,
247409,Ross Medical Education Center-Saginaw,Saginaw,MI,1,3,22.0,0.0,0.0,0.0,0.0,0.0,0.0,0.0,0.0,0.0,,,,84.0,,,9500,30060.0
247603,Sussex County Community College,Newton,NJ,2,1,41.0,0.0,0.0,0.0,0.0,0.0,0.0,0.0,0.0,0.0,,,,2086.0,5544.0,9024.0,11000,44664.0
247649,Landmark College,Putney,VT,2,2,42.0,0.0,0.0,0.0,0.0,0.0,0.0,0.0,0.0,0.0,,0.4944,,455.0,66540.0,66540.0,17500,29813.0
247773,Yeshiva Gedolah of Greater Detroit,Oak Park,MI,3,2,21.0,0.0,0.0,0.0,0.0,0.0,0.0,0.0,1.0,0.0,,0.9,,75.0,6100.0,6100.0,PS,
247834,Collin County Community College District,McKinney,TX,2,1,21.0,0.0,0.0,0.0,0.0,0.0,0.0,0.0,0.0,0.0,,,,26449.0,2014.0,6064.0,7500,48701.0
247940,Owensboro Community and Technical College,Owensboro,KY,1,1,41.0,0.0,0.0,0.0,0.0,0.0,0.0,0.0,0.0,0.0,,,,2648.0,4728.0,6432.0,7933,35798.0
248527,Cloyd's Beauty School 3 Inc,Monroe,LA,1,3,13.0,0.0,0.0,0.0,0.0,0.0,0.0,0.0,0.0,0.0,,,,93.0,,,PS,15105.0
248606,Moore Norman Technology Center,Norman,OK,1,1,41.0,0.0,0.0,0.0,0.0,0.0,0.0,0.0,0.0,0.0,,,,419.0,,,PS,34000.0
248624,Fayette County Career & Technical Institute Practical Nursing Program,Uniontown,PA,1,1,41.0,0.0,0.0,0.0,0.0,0.0,0.0,0.0,0.0,0.0,,,,71.0,,,PS,49229.0
248633,Franklin County Career and Technology Center,Chambersburg,PA,1,1,41.0,0.0,0.0,0.0,0.0,0.0,0.0,0.0,0.0,0.0,,1.0,,60.0,,,14760,54747.0
248703,Ogle School Hair Skin Nails-Hurst,Hurst,TX,1,3,21.0,0.0,0.0,0.0,0.0,0.0,0.0,0.0,0.0,0.0,,,,273.0,,,7917,31488.0
248925,Tennessee College of Applied Technology Nashville,Nashville,TN,1,1,11.0,0.0,0.0,0.0,0.0,0.0,0.0,0.0,0.0,0.0,,,,759.0,,,PS,38955.0
248934,ECPI University,Virginia Beach,VA,2,3,11.0,0.0,0.0,0.0,0.0,0.0,0.0,0.0,0.0,0.0,,0.7452,,12090.0,18484.0,18484.0,20000,42837.0
249061,Ms Roberts Academy of Beauty Culture,Hillside,IL,1,3,21.0,0.0,0.0,0.0,0.0,0.0,0.0,0.0,0.0,0.0,,,,52.0,,,PS,24535.0
249238,Paul Mitchell the School-Houston,Houston,TX,1,3,11.0,0.0,0.0,0.0,0.0,0.0,0.0,0.0,0.0,0.0,,,,288.0,,,11336,27384.0
249609,Fortis Institute-Forty Fort,Forty Fort,PA,1,3,21.0,0.0,0.0,0.0,0.0,0.0,0.0,0.0,0.0,0.0,,,,15.0,13955.0,13955.0,9500,30224.0
250027,Laurel Technical Institute,Uniontown,PA,2,3,32.0,0.0,0.0,0.0,0.0,0.0,0.0,0.0,0.0,0.0,,0.7685,,515.0,13713.0,13713.0,12000,30819.0
250285,Aviation Institute of Maintenance-Philadelphia,Philadelphia,PA,1,3,11.0,0.0,0.0,0.0,0.0,0.0,0.0,0.0,0.0,0.0,,,,385.0,16757.0,16757.0,32397,42785.0
250744,Dorsey College-Roseville,Roseville,MI,1,3,21.0,0.0,0.0,0.0,0.0,0.0,0.0,0.0,0.0,0.0,,,,437.0,16990.0,16990.0,13000,29392.0
250902,Moler-Pickens Beauty Academy,Fairfield,OH,1,3,21.0,0.0,0.0,0.0,0.0,0.0,0.0,0.0,0.0,0.0,,,,88.0,,,6312,22137.0
250993,Red River Technology Center,Duncan,OK,1,1,41.0,0.0,0.0,0.0,0.0,0.0,0.0,0.0,0.0,0.0,,,,516.0,,,PS,31415.0
251260,Southern Union State Community College,Wadley,AL,1,1,43.0,0.0,0.0,0.0,0.0,0.0,0.0,0.0,0.0,0.0,,,,4173.0,5040.0,8910.0,11000,36597.0
251312,South University-Columbia,Columbia,SC,3,3,21.0,0.0,0.0,0.0,0.0,0.0,0.0,0.0,0.0,0.0,,,,450.0,18145.0,18145.0,26123,34421.0
260363,Greene County Career and Technology Center,Waynesburg,PA,1,1,32.0,0.0,0.0,0.0,0.0,0.0,0.0,0.0,0.0,0.0,,1.0,,16.0,,,PS,34231.0
260372,Lac Courte Oreilles Ojibwe University,Hayward,WI,2,1,43.0,0.0,0.0,0.0,1.0,0.0,0.0,0.0,0.0,0.0,,,,176.0,6030.0,6030.0,PS,24302.0
260664,Diesel Driving Academy-Shreveport,Shreveport,LA,1,3,12.0,0.0,0.0,0.0,0.0,0.0,0.0,0.0,0.0,0.0,,,,191.0,,,6333,38740.0
260691,Pima Medical Institute-Mesa,Mesa,AZ,2,3,11.0,0.0,0.0,0.0,0.0,0.0,0.0,0.0,0.0,0.0,,,,705.0,,,9500,38673.0
260789,Platt College-Los Angeles,Alhambra,CA,1,3,21.0,0.0,0.0,0.0,0.0,0.0,0.0,0.0,0.0,0.0,,,,570.0,14922.0,14922.0,18685,40669.0
260929,Paul Mitchell the School-Boise,Boise,ID,1,3,12.0,0.0,0.0,0.0,0.0,0.0,0.0,0.0,0.0,0.0,,,,183.0,,,10555,25719.0
260965,Educators of Beauty College of Cosmetology-Rockford,Rockford,IL,1,3,12.0,0.0,0.0,0.0,0.0,0.0,0.0,0.0,0.0,0.0,,,,97.0,,,9833,21463.0
261436,Douglas J Aveda Institute,East Lansing,MI,1,3,13.0,0.0,0.0,0.0,0.0,0.0,0.0,0.0,0.0,0.0,,,,777.0,,,6333,26849.0
261676,Ross Medical Education Center-Brighton,Brighton,MI,1,3,22.0,0.0,0.0,0.0,0.0,0.0,0.0,0.0,0.0,0.0,,,,39.0,,,9500,29898.0
261685,Ross Medical Education Center-Ann Arbor,Ann Arbor,MI,1,3,21.0,0.0,0.0,0.0,0.0,0.0,0.0,0.0,0.0,0.0,,,,51.0,,,9500,29898.0
261719,Dorsey School of Beauty,Taylor,MI,1,3,21.0,0.0,0.0,0.0,0.0,0.0,0.0,0.0,0.0,0.0,,,,164.0,,,16500,13256.0
261773,Pike-Lincoln Technical Center,Eolia,MO,1,1,43.0,0.0,0.0,0.0,0.0,0.0,0.0,0.0,0.0,0.0,,,,32.0,,,9500,48581.0
262031,St Charles Community College,Cottleville,MO,2,1,21.0,0.0,0.0,0.0,0.0,0.0,0.0,0.0,0.0,0.0,,,,5017.0,3048.0,6096.0,6187,42422.0
262086,University of Massachusetts Global,Aliso Viejo,CA,3,1,21.0,0.0,0.0,0.0,0.0,0.0,0.0,0.0,0.0,0.0,,,,4491.0,12540.0,12540.0,24276,65703.0
262129,New College of Florida,Sarasota,FL,3,1,13.0,0.0,0.0,0.0,0.0,0.0,0.0,0.0,0.0,0.0,,0.732,1150.0,843.0,6916.0,29944.0,17375,48082.0
262165,Montana Bible College,Billings,MT,3,2,22.0,0.0,0.0,0.0,0.0,0.0,0.0,0.0,0.0,0.0,42.0,,,24.0,14640.0,14640.0,,
262341,Conservatory of Recording Arts and Sciences,Tempe,AZ,1,3,12.0,0.0,0.0,0.0,0.0,0.0,0.0,0.0,0.0,0.0,,,,692.0,,,8344,37429.0
262457,San Joaquin Valley College-Fresno,Fresno,CA,1,3,11.0,0.0,0.0,0.0,0.0,0.0,0.0,0.0,0.0,0.0,,,,447.0,,,10674,38317.0
262466,Dr. Ida Rolf Institute,Boulder,CO,1,2,12.0,0.0,0.0,0.0,0.0,0.0,0.0,0.0,0.0,0.0,,1.0,,12.0,,,PS,
362700,Aveda Institute-Fort Myers,Fort Myers,FL,1,3,13.0,0.0,0.0,0.0,0.0,0.0,0.0,0.0,0.0,0.0,,,,283.0,,,9024,24057.0
363013,Ross Medical Education Center-Port Huron,Port Huron,MI,1,3,23.0,0.0,0.0,0.0,0.0,0.0,0.0,0.0,0.0,0.0,,,,38.0,,,9500,30060.0
363147,Raphael's School of Beauty Culture Inc-Alliance,Alliance,OH,1,3,31.0,0.0,0.0,0.0,0.0,0.0,0.0,0.0,0.0,0.0,,,,339.0,,,7114,17650.0
363165,Metro Technology Centers,Oklahoma City,OK,1,1,11.0,0.0,0.0,0.0,0.0,0.0,0.0,0.0,0.0,0.0,,,,632.0,,,9500,38830.0
363633,Luna Community College,Las Vegas,NM,1,1,41.0,0.0,0.0,0.0,0.0,0.0,1.0,0.0,0.0,0.0,,,,423.0,1474.0,3418.0,PS,32461.0
363679,Grabber School of Hair Design,St. Louis,MO,1,3,21.0,0.0,0.0,0.0,0.0,0.0,0.0,0.0,0.0,0.0,,,,182.0,,,7830,27109.0
363712,Yeshivah Gedolah Rabbinical College,Miami Beach,FL,3,2,13.0,0.0,0.0,0.0,0.0,0.0,0.0,0.0,1.0,0.0,80.0,,,60.0,9300.0,9300.0,PS,30667.0
363882,Raphael's School of Beauty Culture Inc-Brunswick,Brunswick,OH,1,3,21.0,0.0,0.0,0.0,0.0,0.0,0.0,0.0,0.0,0.0,,,,73.0,,,7538,21307.0
363907,Caribbean University-Ponce,Ponce,PR,3,2,12.0,0.0,0.0,0.0,0.0,0.0,1.0,0.0,0.0,0.0,,,,414.0,8844.0,8844.0,10500,22842.0
363916,Caribbean University-Vega Baja,Vega Baja,PR,3,2,21.0,0.0,0.0,0.0,0.0,0.0,1.0,0.0,0.0,0.0,,,,152.0,8844.0,8844.0,10500,22842.0
363934,University of Advancing Technology,Tempe,AZ,2,3,12.0,0.0,0.0,0.0,0.0,0.0,0.0,0.0,0.0,0.0,,0.9806,,855.0,19365.0,19365.0,28812,50719.0
364016,Paradise Valley Community College,Phoenix,AZ,1,1,11.0,0.0,0.0,0.0,0.0,0.0,0.0,0.0,0.0,0.0,,,,5117.0,2358.0,8958.0,6995,47196.0
364025,Chandler-Gilbert Community College,Chandler,AZ,1,1,11.0,0.0,0.0,0.0,0.0,0.0,1.0,0.0,0.0,0.0,,,,5051.0,2358.0,8958.0,7000,51111.0
364548,Great Plains Technology Center,Lawton,OK,1,1,13.0,0.0,0.0,0.0,0.0,0.0,0.0,0.0,0.0,0.0,,,,314.0,,,PS,42376.0
364575,Roane-Jackson Technical Center,Leroy,WV,1,1,42.0,0.0,0.0,0.0,0.0,0.0,0.0,0.0,0.0,0.0,,,,28.0,,,PS,33982.0
364627,Pioneer Technology Center,Ponca City,OK,1,1,33.0,0.0,0.0,0.0,0.0,0.0,0.0,0.0,0.0,0.0,,,,89.0,,,PS,29841.0
364636,Portage Lakes Career Center,Uniontown,OH,1,1,21.0,0.0,0.0,0.0,0.0,0.0,0.0,0.0,0.0,0.0,,,,168.0,,,8444,38316.0
364946,Caddo Kiowa Technology Center,Fort Cobb,OK,1,1,43.0,0.0,0.0,0.0,0.0,0.0,0.0,0.0,0.0,0.0,,,,108.0,,,PS,21576.0
364964,Center for Instruction Technology & Innovation,Mexico,NY,1,1,42.0,0.0,0.0,0.0,0.0,0.0,0.0,0.0,0.0,0.0,,,,15.0,,,7695,
365091,International School of Skin Nailcare & Massage Therapy,Sandy Springs,GA,1,3,12.0,0.0,0.0,0.0,0.0,0.0,0.0,0.0,0.0,0.0,,,,246.0,,,6333,25452.0
365125,Palomar Institute of Cosmetology,San Marcos,CA,1,3,21.0,0.0,0.0,0.0,0.0,0.0,0.0,0.0,0.0,0.0,,,,193.0,,,6333,23451.0
365198,Southern Oklahoma Technology Center,Ardmore,OK,1,1,41.0,0.0,0.0,0.0,0.0,0.0,0.0,0.0,0.0,0.0,,,,326.0,,,PS,29012.0
365213,Autry Technology Center,Enid,OK,1,1,13.0,0.0,0.0,0.0,0.0,0.0,0.0,0.0,0.0,0.0,,0.7094,,259.0,,,PS,40389.0
365240,Greene County Career Center,Xenia,OH,1,1,41.0,0.0,0.0,0.0,0.0,0.0,0.0,0.0,0.0,0.0,,,,12.0,,,PS,41796.0
365374,Canadian Valley Technology Center,El Reno,OK,1,1,41.0,0.0,0.0,0.0,0.0,0.0,0.0,0.0,0.0,0.0,,,,614.0,,,PS,31355.0
365383,Wilkes-Barre Area Career and Technical Center Practical Nursing,Wilkes Barre,PA,1,1,21.0,0.0,0.0,0.0,0.0,0.0,0.0,0.0,0.0,0.0,,0.7925,,85.0,,,17678,48705.0
365480,Meridian Technology Center,Stillwater,OK,1,1,32.0,0.0,0.0,0.0,0.0,0.0,0.0,0.0,0.0,0.0,,,,307.0,,,PS,34451.0
365505,Waynesville Career Center,Waynesville,MO,1,1,33.0,0.0,0.0,0.0,0.0,0.0,0.0,0.0,0.0,0.0,,,,27.0,,,PS,40979.0
365693,Capitol Beauty School,Omaha,NE,1,3,11.0,0.0,0.0,0.0,0.0,0.0,0.0,0.0,0.0,0.0,,,,161.0,,,6650,31349.0
365763,Morris County Vocational School District,Denville,NJ,1,1,21.0,0.0,0.0,0.0,0.0,0.0,0.0,0.0,0.0,0.0,,1.0,,36.0,,,PS,47174.0
365824,Ross Medical Education Center-Roosevelt Park,Roosevelt Park,MI,1,3,22.0,0.0,0.0,0.0,0.0,0.0,0.0,0.0,0.0,0.0,,,,130.0,,,9500,30060.0
365833,Ross Medical Education Center-Kentwood,Kentwood,MI,1,3,13.0,0.0,0.0,0.0,0.0,0.0,0.0,0.0,0.0,0.0,,,,134.0,,,9500,30072.0
366003,South Florida Bible College and Theological Seminary,Deerfield Beach,FL,2,2,13.0,0.0,0.0,0.0,0.0,0.0,0.0,0.0,0.0,0.0,42.0,,,373.0,7980.0,7980.0,PS,45354.0
366155,Cloyd's Barber School 2 Inc,Monroe,LA,1,3,13.0,0.0,0.0,0.0,0.0,0.0,0.0,0.0,0.0,0.0,,,,35.0,,,PS,23220.0
366191,Universal Technical Institute of Illinois Inc,Lisle,IL,1,3,21.0,0.0,0.0,0.0,0.0,0.0,0.0,0.0,0.0,0.0,,,,1156.0,,,13124,52873.0
366252,Pennsylvania College of Technology,Williamsport,PA,2,1,13.0,0.0,0.0,0.0,0.0,0.0,0.0,0.0,0.0,0.0,,,,4464.0,18240.0,25980.0,23961,52567.0
366261,Commonwealth Institute of Funeral Service,Houston,TX,2,2,11.0,0.0,0.0,0.0,0.0,0.0,0.0,0.0,0.0,0.0,,0.8642,1110.0,254.0,15313.0,15313.0,9500,37786.0
366270,Delta College of Arts & Technology,Baton Rouge,LA,1,3,12.0,0.0,0.0,0.0,0.0,0.0,0.0,0.0,0.0,0.0,,,,326.0,,,7393,34222.0
366340,Stone Child College,Box Elder,MT,2,1,43.0,0.0,0.0,0.0,1.0,0.0,0.0,0.0,0.0,0.0,,,,193.0,3610.0,3610.0,PS,24555.0
366368,New York Academy of Art,New York,NY,4,2,11.0,0.0,0.0,0.0,0.0,0.0,0.0,0.0,0.0,0.0,,,,,,,PS,
366395,Suffolk County Community College,Selden,NY,2,1,21.0,0.0,0.0,0.0,0.0,0.0,1.0,0.0,0.0,0.0,,,,14218.0,6630.0,12460.0,8250,49907.0
366401,Las Positas College,Livermore,CA,2,1,13.0,0.0,0.0,0.0,0.0,0.0,0.0,0.0,0.0,0.0,,,,7299.0,1168.0,9808.0,PS,51088.0
366465,Ogeechee Technical College,Statesboro,GA,1,1,32.0,0.0,0.0,0.0,0.0,0.0,0.0,0.0,0.0,0.0,,,,1820.0,3388.0,5956.0,9500,31248.0
366535,Remington College-Mobile Campus,Mobile,AL,1,2,12.0,0.0,0.0,0.0,0.0,0.0,0.0,0.0,0.0,0.0,,,,257.0,16411.0,16411.0,13271,31349.0
366553,Southern Technical College,Fort Myers,FL,1,3,13.0,0.0,0.0,0.0,0.0,0.0,0.0,0.0,0.0,0.0,,,,550.0,14894.0,14894.0,11250,36155.0
366571,Mercy-St Luke's School of Radiologic Technology,Cedar Rapids,IA,1,2,12.0,0.0,0.0,0.0,0.0,0.0,0.0,0.0,0.0,0.0,71.0,,,21.0,,,PS,
366623,Northwest Technology Center-Alva,Alva,OK,1,1,41.0,0.0,0.0,0.0,0.0,0.0,0.0,0.0,0.0,0.0,,,,58.0,,,PS,32501.0
366711,California State University-San Marcos,San Marcos,CA,3,1,21.0,0.0,0.0,0.0,0.0,0.0,1.0,0.0,0.0,0.0,,0.951,,14877.0,8082.0,20682.0,17350,62908.0
367088,Tricoci University of Beauty Culture LLC-Bloomington,Bloomington,IN,1,3,13.0,0.0,0.0,0.0,0.0,0.0,0.0,0.0,0.0,0.0,,,,109.0,,,7307,27925.0
367103,Interactive College of Technology-Newport,Newport,KY,1,3,21.0,0.0,0.0,0.0,0.0,0.0,0.0,0.0,0.0,0.0,,,,101.0,10970.0,10970.0,10555,27065.0
367158,Ross Medical Education Center-Taylor,Taylor,MI,1,3,21.0,0.0,0.0,0.0,0.0,0.0,0.0,0.0,0.0,0.0,,,,75.0,,,9500,30481.0
367361,Interactive College of Technology,Houston,TX,2,3,11.0,0.0,0.0,0.0,0.0,0.0,0.0,0.0,0.0,0.0,,,,65.0,10970.0,10970.0,5353,27182.0
367431,Butler Beauty Academy-New Castle Beauty Academy,New Castle,PA,1,3,31.0,0.0,0.0,0.0,0.0,0.0,0.0,0.0,0.0,0.0,,,,15.0,,,7500,23003.0
367459,NorthWest Arkansas Community College,Bentonville,AR,1,1,13.0,0.0,0.0,0.0,0.0,0.0,0.0,0.0,0.0,0.0,,,,4953.0,3342.0,5238.0,9506,43505.0
367875,H W Brewster Technical College,Tampa,FL,1,1,11.0,0.0,0.0,0.0,0.0,0.0,0.0,0.0,0.0,0.0,,,,695.0,,,PS,27053.0
367954,University of St. Augustine for Health Sciences,San Marcos,CA,4,3,21.0,0.0,0.0,0.0,0.0,0.0,0.0,0.0,0.0,0.0,,,,,,,PS,79150.0
367972,Capital Area Career Center,Springfield,IL,1,1,41.0,0.0,0.0,0.0,0.0,0.0,0.0,0.0,0.0,0.0,,0.9444,,161.0,12075.0,12075.0,9500,55357.0
367981,Hair Professionals Career College,Palos Hills,IL,1,3,21.0,0.0,0.0,0.0,0.0,0.0,0.0,0.0,0.0,0.0,,,,86.0,,,9500,23417.0
368230,Empire Beauty School-Bloomfield,Bloomfield,NJ,1,3,21.0,0.0,0.0,0.0,0.0,0.0,0.0,0.0,0.0,0.0,,,,164.0,,,13000,23925.0
368364,Southwest Technology Center,Altus,OK,1,1,41.0,0.0,0.0,0.0,0.0,0.0,0.0,0.0,0.0,0.0,,,,332.0,,,PS,48966.0
368407,Western Area Career & Technology Center,Canonsburg,PA,1,1,41.0,0.0,0.0,0.0,0.0,0.0,0.0,0.0,0.0,0.0,,,,23.0,,,PS,43189.0
368452,Nossi College of Art and Design,Nashville,TN,3,3,11.0,0.0,0.0,0.0,0.0,0.0,0.0,0.0,0.0,0.0,,0.4631,,247.0,20350.0,20350.0,33498,35113.0
368629,Pima Medical Institute-Seattle,Seattle,WA,1,3,11.0,0.0,0.0,0.0,0.0,0.0,0.0,0.0,0.0,0.0,,,,471.0,,,9500,38673.0
368647,Mineral County Vocational Technical Center,Keyser,WV,1,1,33.0,0.0,0.0,0.0,0.0,0.0,0.0,0.0,0.0,0.0,,,,14.0,,,PS,46022.0
368771,Hypnosis Motivation Institute,Tarzana,CA,1,2,11.0,0.0,0.0,0.0,0.0,0.0,0.0,0.0,0.0,0.0,,,,209.0,,,9500,24244.0
368832,Thanh Le College School of Cosmetology,Garden Grove,CA,1,3,21.0,0.0,0.0,0.0,0.0,0.0,0.0,0.0,0.0,0.0,,,,43.0,,,PS,13265.0
368911,Southeastern Technical College,Vidalia,GA,1,1,33.0,0.0,0.0,0.0,0.0,0.0,0.0,0.0,0.0,0.0,,,,1008.0,3400.0,5968.0,5750,30329.0
369002,Massachusetts School of Law,Andover,MA,4,2,21.0,0.0,0.0,0.0,0.0,0.0,0.0,0.0,0.0,0.0,,,,,,,PS,
369400,Universal Technical Institute-Orlando,Orlando,FL,2,3,21.0,0.0,0.0,0.0,0.0,0.0,0.0,0.0,0.0,0.0,,,,788.0,,,13097,48341.0
369419,Erwin Technical College,Tampa,FL,1,1,11.0,0.0,0.0,0.0,0.0,0.0,0.0,0.0,0.0,0.0,,,,581.0,,,PS,37966.0
369446,Rosel School of Cosmetology,Niles,IL,1,3,21.0,0.0,0.0,0.0,0.0,0.0,0.0,0.0,0.0,0.0,,,,55.0,,,PS,19819.0
369455,Worsham College of Mortuary Science,Wheeling,IL,2,3,21.0,0.0,0.0,0.0,0.0,0.0,0.0,0.0,0.0,0.0,,0.92,,183.0,20500.0,20500.0,15024,61574.0
369516,Bryan University,Springfield,MO,2,3,12.0,0.0,0.0,0.0,0.0,0.0,0.0,0.0,0.0,0.0,,,,144.0,15868.0,15868.0,22764,28725.0
369668,Central Pennsylvania Institute of Science and Technology,Pleasant Gap,PA,1,1,41.0,0.0,0.0,0.0,0.0,0.0,0.0,0.0,0.0,0.0,,0.962,,171.0,,,9454,41677.0
369686,Northwest Educational Center,Houston,TX,1,3,11.0,0.0,0.0,0.0,0.0,0.0,0.0,0.0,0.0,0.0,,,,305.0,,,PS,25442.0
369783,PCI Health Training Center,Dallas,TX,1,3,11.0,0.0,0.0,0.0,0.0,0.0,0.0,0.0,0.0,0.0,,,,256.0,,,7943,34096.0
369950,Hamrick School,Medina,OH,1,3,41.0,0.0,0.0,0.0,0.0,0.0,0.0,0.0,0.0,0.0,,,,89.0,,,5481,44797.0
371052,Fortis College,Mobile,AL,1,3,12.0,0.0,0.0,0.0,0.0,0.0,0.0,0.0,0.0,0.0,,,,315.0,,,9500,26652.0
371690,Downey Adult School,Downey,CA,1,1,21.0,0.0,0.0,0.0,0.0,0.0,0.0,0.0,0.0,0.0,,,,875.0,,,PS,46851.0
371830,CRU Institute of Cosmetology and Barbering,Garden Grove,CA,1,3,21.0,0.0,0.0,0.0,0.0,0.0,0.0,0.0,0.0,0.0,,,,91.0,,,9833,20125.0
371928,Modern Technology School,Fountain Valley,CA,1,3,13.0,0.0,0.0,0.0,0.0,0.0,0.0,0.0,0.0,0.0,,,,101.0,,,14875,50667.0
371964,National Career Education,Citrus Heights,CA,1,3,21.0,0.0,0.0,0.0,0.0,0.0,0.0,0.0,0.0,0.0,,,,515.0,,,7853,38015.0
372028,North-West College-Glendale,Glendale,CA,1,3,12.0,0.0,0.0,0.0,0.0,0.0,0.0,0.0,0.0,0.0,,,,71.0,,,9500,37542.0
372073,Fremont University,Cerritos,CA,2,3,21.0,0.0,0.0,0.0,0.0,0.0,0.0,0.0,0.0,0.0,,,,157.0,,,20000,39003.0
372082,Pomona Unified School District Adult and Career Education,Pomona,CA,1,1,21.0,0.0,0.0,0.0,0.0,0.0,0.0,0.0,0.0,0.0,,,,57.0,,,PS,34849.0
372240,Universal College of Beauty Inc-Los Angeles 2,Los Angeles,CA,1,3,11.0,0.0,0.0,0.0,0.0,0.0,0.0,0.0,0.0,0.0,,,,44.0,,,PS,17821.0
372329,IBMC College,Fort Collins,CO,1,3,12.0,0.0,0.0,0.0,0.0,0.0,0.0,0.0,0.0,0.0,,,,297.0,,,8750,34432.0
372356,Avalon Institute-Aurora,Aurora,CO,1,3,11.0,0.0,0.0,0.0,0.0,0.0,0.0,0.0,0.0,0.0,,,,162.0,,,6332,24367.0
372462,Academy of Cosmetology,Merritt Island,FL,1,3,21.0,0.0,0.0,0.0,0.0,0.0,0.0,0.0,0.0,0.0,,,,50.0,,,5500,20144.0
372921,Fortis College-Smyrna,Smyrna,GA,1,3,21.0,0.0,0.0,0.0,0.0,0.0,0.0,0.0,0.0,0.0,,,,607.0,15543.0,15543.0,12547,36368.0
373085,Ross College-Davenport,Davenport,IA,1,3,12.0,0.0,0.0,0.0,0.0,0.0,0.0,0.0,0.0,0.0,,,,42.0,,,9500,29898.0
373216,Pivot Point Academy,Bloomingdale,IL,1,3,21.0,0.0,0.0,0.0,0.0,0.0,0.0,0.0,0.0,0.0,,,,103.0,,,9833,30453.0
373456,Blalock's Professional Beauty College,Shreveport,LA,1,3,12.0,0.0,0.0,0.0,0.0,0.0,0.0,0.0,0.0,0.0,,,,32.0,,,PS,
373526,Diesel Driving Academy-Baton Rouge,Baton Rouge,LA,1,3,12.0,0.0,0.0,0.0,0.0,0.0,0.0,0.0,0.0,0.0,,,,282.0,,,6333,43011.0
373678,New England Hair Academy,Malden,MA,1,3,21.0,0.0,0.0,0.0,0.0,0.0,0.0,0.0,0.0,0.0,,,,87.0,,,PS,
373696,Rob Roy Academy-Worcester,Worcester,MA,1,3,12.0,0.0,0.0,0.0,0.0,0.0,0.0,0.0,0.0,0.0,,,,109.0,,,9465,30033.0
373711,Upper Cape Cod Regional Technical School,Bourne,MA,1,1,41.0,0.0,0.0,0.0,0.0,0.0,0.0,0.0,0.0,0.0,,0.7143,,70.0,,,9500,
373784,All-State Career-Baltimore,Baltimore,MD,1,3,11.0,0.0,0.0,0.0,0.0,0.0,0.0,0.0,0.0,0.0,,,,563.0,,,9500,33193.0
374024,Adler Graduate School,Minnetonka,MN,4,2,13.0,0.0,0.0,0.0,0.0,0.0,0.0,0.0,0.0,0.0,,,,,,,PS,
374316,Mississippi Barber Academy,Jackson,MS,1,3,12.0,0.0,0.0,0.0,0.0,0.0,0.0,0.0,0.0,0.0,,,,71.0,,,6786,22284.0
374343,KC's School of Hair Design,Pontotoc,MS,1,3,43.0,0.0,0.0,0.0,0.0,0.0,0.0,0.0,0.0,0.0,,,,58.0,,,7978,
374574,Lincoln Technical Institute-Moorestown,Moorestown,NJ,1,3,21.0,0.0,0.0,0.0,0.0,0.0,0.0,0.0,0.0,0.0,,,,782.0,,,10521,31914.0
374592,MCVSD,Freehold,NJ,1,1,21.0,0.0,0.0,0.0,0.0,0.0,0.0,0.0,0.0,0.0,,,,67.0,,,PS,45062.0
375230,Yeshiva Gedolah Imrei Yosef D'spinka,Brooklyn,NY,3,2,11.0,0.0,0.0,0.0,0.0,0.0,0.0,0.0,1.0,0.0,80.0,,,226.0,12500.0,12500.0,PS,36545.0
375373,Knox County Career Center,Mount Vernon,OH,1,1,32.0,0.0,0.0,0.0,0.0,0.0,0.0,0.0,0.0,0.0,,,,126.0,,,9500,38212.0
375407,Madison Adult Career Center,Mansfield,OH,1,1,23.0,0.0,0.0,0.0,0.0,0.0,0.0,0.0,0.0,0.0,,,,81.0,,,4266,30941.0
375416,Remington College-Cleveland Campus,Cleveland,OH,1,2,21.0,0.0,0.0,0.0,0.0,0.0,0.0,0.0,0.0,0.0,,,,197.0,15876.0,15876.0,13271,31349.0
375568,Brown & Clermont Adult Career Campuses,Bethel,OH,1,1,41.0,0.0,0.0,0.0,0.0,0.0,0.0,0.0,0.0,0.0,,,,101.0,,,PS,
375656,Chisholm Trail Technology Center,Omega,OK,1,1,43.0,0.0,0.0,0.0,0.0,0.0,0.0,0.0,0.0,0.0,,,,34.0,,,PS,27170.0
375683,Gordon Cooper Technology Center,Shawnee,OK,1,1,32.0,0.0,0.0,0.0,0.0,0.0,0.0,0.0,0.0,0.0,,,,173.0,,,PS,42021.0
375726,Kiamichi Technology Center-McAlester,McAlester,OK,1,1,33.0,0.0,0.0,0.0,0.0,0.0,0.0,0.0,0.0,0.0,,,,540.0,,,PS,31625.0
375939,YTI Career Institute-Altoona,Altoona,PA,2,3,23.0,0.0,0.0,0.0,0.0,0.0,0.0,0.0,0.0,0.0,,,,32.0,,,PS,30188.0
375966,Eastern Center for Arts and Technology,Willow Grove,PA,1,1,21.0,0.0,0.0,0.0,0.0,0.0,0.0,0.0,0.0,0.0,,0.8081,,180.0,,,11200,56446.0
375984,Empire Beauty School-Center City Philadelphia,Philadelphia,PA,1,3,11.0,0.0,0.0,0.0,0.0,0.0,0.0,0.0,0.0,0.0,,,,279.0,,,10667,22377.0
376224,CEM College-Humacao,Humacao,PR,2,3,21.0,0.0,0.0,0.0,0.0,0.0,0.0,0.0,0.0,0.0,,,,161.0,12900.0,12900.0,5000,21033.0
376242,Colegio Mayor de Tecnologia Inc,Arroyo,PR,1,3,23.0,0.0,0.0,0.0,0.0,0.0,0.0,0.0,0.0,0.0,,,,56.0,,,PS,24591.0
376288,Institucion Chaviano de Mayaguez,Mayaguez,PR,1,3,13.0,0.0,0.0,0.0,0.0,0.0,0.0,0.0,0.0,0.0,,,,210.0,,,PS,12635.0
376330,Liceo de Arte-Dise-O y Comercio,Caguas,PR,1,3,13.0,0.0,0.0,0.0,0.0,0.0,0.0,0.0,0.0,0.0,,,,212.0,12226.0,12226.0,PS,15501.0
376385,Universal Technology College of Puerto Rico,Aguadilla,PR,1,2,13.0,0.0,0.0,0.0,0.0,0.0,1.0,0.0,0.0,0.0,,,,149.0,,,PS,19878.0
376446,Academy of Hair Technology,Greenville,SC,1,3,21.0,0.0,0.0,0.0,0.0,0.0,0.0,0.0,0.0,0.0,,,,58.0,,,3417,22893.0
376631,Mr Wayne's School of Unisex Hair Design,Cookeville,TN,1,3,33.0,0.0,0.0,0.0,0.0,0.0,0.0,0.0,0.0,0.0,,,,20.0,,,PS,23696.0
376695,College of the Marshall Islands,Majuro,MH,2,1,-3.0,0.0,0.0,0.0,0.0,1.0,0.0,0.0,0.0,0.0,,,,1009.0,6840.0,7480.0,PS,
377111,Remington College-Fort Worth Campus,North Richland Hills,TX,1,2,21.0,0.0,0.0,0.0,0.0,0.0,0.0,0.0,0.0,0.0,,,,154.0,16071.0,16071.0,13271,31349.0
377193,UCAS University of Cosmetology Arts & Sciences,San Antonio,TX,1,3,11.0,0.0,0.0,0.0,0.0,0.0,0.0,0.0,0.0,0.0,,,,24.0,,,5417,13862.0
377218,School of Automotive Machinists & Technology,Houston,TX,1,3,11.0,0.0,0.0,0.0,0.0,0.0,0.0,0.0,0.0,0.0,,0.6857,,88.0,,,9500,57529.0
377272,Nuvani Institute,San Antonio,TX,1,3,11.0,0.0,0.0,0.0,0.0,0.0,0.0,0.0,0.0,0.0,,,,12.0,,,5304,19484.0
377281,Nuvani Institute,Eagle Pass,TX,1,3,13.0,0.0,0.0,0.0,0.0,0.0,0.0,0.0,0.0,0.0,,,,77.0,,,5030,22354.0
377315,Texas College of Cosmetology-Abilene,Abilene,TX,1,3,12.0,0.0,0.0,0.0,0.0,0.0,0.0,0.0,0.0,0.0,,,,40.0,,,6333,21685.0
377449,Centura College-Newport News,Newport News,VA,1,3,12.0,0.0,0.0,0.0,0.0,0.0,0.0,0.0,0.0,0.0,,,,203.0,16637.0,16637.0,14750,25930.0
377458,Centura College-Norfolk,Norfolk,VA,1,3,12.0,0.0,0.0,0.0,0.0,0.0,0.0,0.0,0.0,0.0,,,,163.0,16637.0,16637.0,14750,25930.0
377485,Virginia Beach City Public Schools School of Practical Nursing,Virginia Beach,VA,1,1,11.0,0.0,0.0,0.0,0.0,0.0,0.0,0.0,0.0,0.0,,,,29.0,,,PS,
377546,Northwest College of Art & Design,Tacoma,WA,3,3,12.0,0.0,0.0,0.0,0.0,0.0,0.0,0.0,0.0,0.0,,0.6598,,139.0,18100.0,18100.0,30750,31167.0
377555,University of Washington-Bothell Campus,Bothell,WA,3,1,21.0,0.0,0.0,0.0,0.0,1.0,0.0,0.0,0.0,0.0,,0.906,,5457.0,12919.0,43155.0,14615,78466.0
377564,University of Washington-Tacoma Campus,Tacoma,WA,3,1,12.0,0.0,0.0,0.0,0.0,1.0,0.0,0.0,0.0,0.0,,0.8252,,4185.0,13168.0,43404.0,14615,78466.0
377643,Huntington School of Beauty Culture,Huntington,WV,1,3,22.0,0.0,0.0,0.0,0.0,0.0,0.0,0.0,0.0,0.0,,,,111.0,,,PS,24794.0
377652,Valley College-Beckley,Beckley,WV,1,2,13.0,0.0,0.0,0.0,0.0,0.0,0.0,0.0,0.0,0.0,,,,165.0,,,9500,24070.0
377661,Valley College-Martinsburg,Martinsburg,WV,1,2,22.0,0.0,0.0,0.0,0.0,0.0,0.0,0.0,0.0,0.0,,,,765.0,,,9500,24900.0
377722,Bellus Academy-Poway,Poway,CA,1,3,21.0,0.0,0.0,0.0,0.0,0.0,0.0,0.0,0.0,0.0,,,,324.0,,,7917,25223.0
377759,Capstone College,Pasadena,CA,1,3,12.0,0.0,0.0,0.0,0.0,0.0,0.0,0.0,0.0,0.0,,,,148.0,,,9500,35348.0
378105,Central Coast College,Salinas,CA,1,3,12.0,0.0,0.0,0.0,0.0,0.0,0.0,0.0,0.0,0.0,,,,569.0,,,7476,40823.0
378576,Pacific College of Health and Science,San Diego,CA,1,3,11.0,0.0,0.0,0.0,0.0,0.0,0.0,0.0,0.0,0.0,,,,143.0,11000.0,11000.0,12271,26209.0
378886,Artistic Nails and Beauty Academy-Tampa,Tampa,FL,1,3,11.0,0.0,0.0,0.0,0.0,0.0,0.0,0.0,0.0,0.0,,,,253.0,,,6333,20948.0
378956,National Aviation Academy of Tampa Bay,Clearwater,FL,1,3,21.0,0.0,0.0,0.0,0.0,0.0,0.0,0.0,0.0,0.0,,,,713.0,,,22000,59029.0
379621,Madison Oneida BOCES-Practical Nursing Program,Verona,NY,1,1,42.0,0.0,0.0,0.0,0.0,0.0,0.0,0.0,0.0,0.0,,1.0,,113.0,,,PS,41169.0
379746,College of Health Care Professions,Houston,TX,1,3,11.0,0.0,0.0,0.0,0.0,0.0,0.0,0.0,0.0,0.0,,,,631.0,,,9500,33070.0
379782,Center for Advanced Legal Studies,Houston,TX,1,3,11.0,0.0,0.0,0.0,0.0,0.0,0.0,0.0,0.0,0.0,,,,271.0,,,9500,56561.0
380067,Houston Training School-Main Campus,Houston,TX,1,3,21.0,0.0,0.0,0.0,0.0,0.0,0.0,0.0,0.0,0.0,,,,198.0,,,PS,18991.0
380359,Bay Mills Community College,Brimley,MI,1,1,42.0,0.0,0.0,0.0,1.0,0.0,0.0,0.0,0.0,0.0,,,,662.0,3480.0,3480.0,PS,30048.0
380368,Fond du Lac Tribal and Community College,Cloquet,MN,2,1,31.0,0.0,0.0,0.0,1.0,0.0,0.0,0.0,0.0,0.0,,,,557.0,6006.0,6006.0,14181,45665.0
380377,Northwest Indian College,Bellingham,WA,2,1,22.0,0.0,0.0,0.0,1.0,0.0,0.0,0.0,0.0,0.0,,,,629.0,4365.0,4365.0,PS,35447.0
380438,Provo College,Provo,UT,3,3,12.0,0.0,0.0,0.0,0.0,0.0,0.0,0.0,0.0,0.0,,,,669.0,16548.0,16548.0,41733,39645.0
381255,CET-Coachella,Coachella,CA,1,2,21.0,0.0,0.0,0.0,0.0,0.0,0.0,0.0,0.0,0.0,,,,96.0,,,7041,32986.0
381282,CET-Oxnard,Oxnard,CA,1,2,12.0,0.0,0.0,0.0,0.0,0.0,0.0,0.0,0.0,0.0,,,,95.0,,,7041,32986.0
381325,CET-Santa Maria,Santa Maria,CA,1,2,12.0,0.0,0.0,0.0,0.0,0.0,0.0,0.0,0.0,0.0,,,,142.0,,,7041,32986.0
381352,Colorado Chinese Medicine University,Denver,CO,4,3,11.0,0.0,0.0,0.0,0.0,0.0,0.0,0.0,0.0,0.0,,,,,,,PS,
381370,Michigan College of Beauty-Troy,Troy,MI,1,3,13.0,0.0,0.0,0.0,0.0,0.0,0.0,0.0,0.0,0.0,,,,230.0,,,6333,22058.0
381404,Ogle School Hair Skin Nails-Dallas,Dallas,TX,1,3,11.0,0.0,0.0,0.0,0.0,0.0,0.0,0.0,0.0,0.0,,,,415.0,,,7917,26885.0
381459,Phoenix Seminary,Scottsdale,AZ,4,2,12.0,0.0,0.0,0.0,0.0,0.0,0.0,0.0,0.0,0.0,42.0,,,,,,PS,
381486,Faust Institute of Cosmetology-Spirit Lake,Spirit Lake,IA,1,3,33.0,0.0,0.0,0.0,0.0,0.0,0.0,0.0,0.0,0.0,,,,22.0,,,PS,23784.0
381699,Cheeks Beauty Academy,Loveland,CO,1,3,21.0,0.0,0.0,0.0,0.0,0.0,0.0,0.0,0.0,0.0,,,,46.0,,,7000,25459.0
381732,Colorado School of Healing Arts,Lakewood,CO,1,3,21.0,0.0,0.0,0.0,0.0,0.0,0.0,0.0,0.0,0.0,,,,52.0,11764.0,11764.0,7600,33444.0
382258,Mt. Diablo Adult Education-Mt. Diablo USD,Concord,CA,1,1,21.0,0.0,0.0,0.0,0.0,0.0,0.0,0.0,0.0,0.0,,,,172.0,,,PS,40175.0
382416,Greater Lowell Technical School,Tyngsboro,MA,1,1,21.0,0.0,0.0,0.0,0.0,0.0,0.0,0.0,0.0,0.0,,0.75,,80.0,,,PS,
382461,Academy of Hair Design-Pearl,Pearl,MS,1,3,21.0,0.0,0.0,0.0,0.0,0.0,0.0,0.0,0.0,0.0,,,,43.0,,,6500,19921.0
382780,Genesis Career College-Lebanon,Lebanon,TN,1,3,31.0,0.0,0.0,0.0,0.0,0.0,0.0,0.0,0.0,0.0,,,,96.0,,,9500,24977.0
382911,Southwest College for the Deaf,Big Spring,TX,1,1,33.0,0.0,0.0,0.0,0.0,0.0,0.0,0.0,0.0,0.0,,,,47.0,2766.0,14746.0,9500,38382.0
382957,Fortis College-Richmond,Richmond,VA,1,3,21.0,0.0,0.0,0.0,0.0,0.0,0.0,0.0,0.0,0.0,,,,502.0,15688.0,15688.0,9500,32754.0
383020,Midwest College of Oriental Medicine-Racine,Racine,WI,1,3,13.0,0.0,0.0,0.0,0.0,0.0,0.0,0.0,0.0,0.0,,,,1.0,,,PS,44136.0
383084,Hacienda La Puente Adult Education,La Puente,CA,1,1,21.0,0.0,0.0,0.0,0.0,0.0,0.0,0.0,0.0,0.0,,1.0,,491.0,,,PS,39271.0
383163,La Belle Beauty Academy,Miami,FL,1,3,11.0,0.0,0.0,0.0,0.0,0.0,0.0,0.0,0.0,0.0,,,,106.0,,,7502,16212.0
383190,Hawaii Community College,Hilo,HI,2,1,33.0,0.0,0.0,1.0,0.0,1.0,0.0,0.0,0.0,0.0,,,,1546.0,3204.0,8340.0,10500,34891.0
383279,Robert Fiance Beauty Schools-North Plainfield,North Plainfield,NJ,1,3,21.0,0.0,0.0,0.0,0.0,0.0,0.0,0.0,0.0,0.0,,,,190.0,,,6333,24509.0
383297,Long Island Beauty School-Hauppauge,Hauppauge,NY,1,3,21.0,0.0,0.0,0.0,0.0,0.0,0.0,0.0,0.0,0.0,,,,232.0,,,5500,26900.0
383312,Buckeye Joint Vocational School,New Philadelphia,OH,1,1,41.0,0.0,0.0,0.0,0.0,0.0,0.0,0.0,0.0,0.0,,,,80.0,,,PS,35889.0
383330,Sandusky Career Center,Sandusky,OH,1,1,13.0,0.0,0.0,0.0,0.0,0.0,0.0,0.0,0.0,0.0,,,,88.0,,,14513,40504.0
383367,Greater Altoona Career & Technology Center,Altoona,PA,1,1,13.0,0.0,0.0,0.0,0.0,0.0,0.0,0.0,0.0,0.0,,,,220.0,,,9500,38008.0
383464,Central Texas Beauty College-Temple,Temple,TX,1,3,13.0,0.0,0.0,0.0,0.0,0.0,0.0,0.0,0.0,0.0,,,,32.0,,,PS,23338.0
383525,Erie 2 Chautauqua Cattaraugus BOCES-Practical Nursing Program,Angola,NY,1,1,32.0,0.0,0.0,0.0,0.0,0.0,0.0,0.0,0.0,0.0,,,,24.0,,,PS,47270.0
383996,Eastern New Mexico University Ruidoso Branch Community College,Ruidoso,NM,1,1,33.0,0.0,0.0,0.0,0.0,0.0,0.0,1.0,0.0,0.0,,,,377.0,1372.0,3268.0,16500,38550.0
384236,UEI College-Ontario,Ontario,CA,1,3,12.0,0.0,0.0,0.0,0.0,0.0,0.0,0.0,0.0,0.0,,,,1045.0,,,9500,31141.0
384245,UEI College-Reseda,Reseda,CA,1,3,11.0,0.0,0.0,0.0,0.0,0.0,0.0,0.0,0.0,0.0,,,,1201.0,,,9500,31141.0
384254,Beacon College,Leesburg,FL,3,2,22.0,0.0,0.0,0.0,0.0,0.0,0.0,0.0,0.0,0.0,,0.4347,,506.0,51680.0,51680.0,25000,29420.0
384306,Acupuncture and Integrative Medicine College-Berkeley,Berkeley,CA,4,2,12.0,0.0,0.0,0.0,0.0,0.0,0.0,0.0,0.0,0.0,,,,,,,PS,
384333,Estrella Mountain Community College,Avondale,AZ,1,1,21.0,0.0,0.0,0.0,0.0,0.0,1.0,0.0,0.0,0.0,,,,4512.0,2358.0,8958.0,7500,44356.0
384342,Heartland Community College,Normal,IL,1,1,22.0,0.0,0.0,0.0,0.0,0.0,0.0,0.0,0.0,0.0,,,,2997.0,5550.0,13110.0,7826,40768.0
384412,University of the Potomac-Washington DC Campus,Washington,DC,2,3,11.0,0.0,0.0,0.0,0.0,0.0,0.0,0.0,0.0,0.0,,,,809.0,6660.0,6660.0,8769,34961.0
384421,Rabbi Jacob Joseph School,Edison,NJ,3,2,21.0,0.0,0.0,0.0,0.0,0.0,0.0,0.0,0.0,0.0,,0.9167,,115.0,12700.0,12700.0,PS,
385132,The Salon Professional Academy-Melbourne,Melbourne,FL,1,3,13.0,0.0,0.0,0.0,0.0,0.0,0.0,0.0,0.0,0.0,,,,163.0,,,7528,16515.0
385415,Albert Einstein College of Medicine,Bronx,NY,4,2,11.0,0.0,0.0,0.0,0.0,0.0,0.0,0.0,0.0,0.0,,,,,,,,
385503,Fortis Institute-Scranton,Scranton,PA,1,3,13.0,0.0,0.0,0.0,0.0,0.0,0.0,0.0,0.0,0.0,,,,372.0,15348.0,15348.0,9500,30224.0
385619,Everglades University,Boca Raton,FL,3,2,13.0,0.0,0.0,0.0,0.0,0.0,0.0,0.0,0.0,0.0,,0.8145,,2789.0,21680.0,21680.0,38996,47597.0
386153,Seminar L'moros Bais Yaakov,Brooklyn,NY,1,2,11.0,0.0,0.0,0.0,0.0,0.0,0.0,0.0,0.0,0.0,,0.844,,449.0,12500.0,12500.0,PS,24366.0
386472,Herzing University-Orlando,Winter Park,FL,2,2,21.0,0.0,0.0,0.0,0.0,0.0,1.0,0.0,0.0,0.0,,0.942,,714.0,13450.0,13450.0,21500,36909.0
387925,Cortiva Institute,Maitland,FL,1,3,13.0,0.0,0.0,0.0,0.0,0.0,0.0,0.0,0.0,0.0,,,,0.0,,,7521,27193.0
388520,College of Biblical Studies-Houston,Houston,TX,3,2,11.0,0.0,0.0,0.0,0.0,0.0,0.0,0.0,0.0,0.0,88.0,,,419.0,9350.0,9350.0,25570,39260.0
389745,Mercaz Hatorah of Belle Harbor,Belle Harbor,NY,2,2,,0.0,0.0,0.0,0.0,0.0,0.0,0.0,0.0,0.0,,,,,,,,
389860,Mid-EastCTC-Adult Education,Zanesville,OH,1,1,41.0,0.0,0.0,0.0,0.0,0.0,0.0,0.0,0.0,0.0,,,,356.0,,,7600,40416.0
390905,Polaris Career Center,Middleburg Heights,OH,1,1,21.0,0.0,0.0,0.0,0.0,0.0,0.0,0.0,0.0,0.0,,,,300.0,,,6365,38718.0
391005,P&A Scholars Beauty School,Detroit,MI,1,3,11.0,0.0,0.0,0.0,0.0,0.0,0.0,0.0,0.0,0.0,,,,90.0,,,6333,20249.0
391759,Sharp's Academy of Hairstyling,Grand Blanc,MI,1,3,21.0,0.0,0.0,0.0,0.0,0.0,0.0,0.0,0.0,0.0,,,,16.0,,,PS,16266.0
392257,The College of Health Care Professions-Northwest,Houston,TX,1,3,11.0,0.0,0.0,0.0,0.0,0.0,0.0,0.0,0.0,0.0,,,,4530.0,,,9500,33070.0
392354,School of Professional Horticulture New York Botanical Garden,Bronx,NY,1,2,11.0,0.0,0.0,0.0,0.0,0.0,0.0,0.0,0.0,0.0,,0.0,,14.0,8750.0,8750.0,PS,
392415,Fortis College,Houston,TX,1,3,11.0,0.0,0.0,0.0,0.0,0.0,0.0,0.0,0.0,0.0,,,,455.0,,,9500,33193.0
393649,UEI College-Gardena,Gardena,CA,1,3,11.0,0.0,0.0,0.0,0.0,0.0,0.0,0.0,0.0,0.0,,,,1332.0,,,9500,30848.0
393861,Asian-American International Beauty College,Westminster,CA,1,3,21.0,0.0,0.0,0.0,0.0,0.0,0.0,0.0,0.0,0.0,,,,442.0,,,PS,12610.0
395362,Copper Mountain Community College,Joshua Tree,CA,2,1,42.0,0.0,0.0,0.0,0.0,0.0,1.0,0.0,0.0,0.0,,,,1323.0,1390.0,13570.0,PS,33281.0
395690,Diversified Vocational College,Los Angeles,CA,1,3,11.0,0.0,0.0,0.0,0.0,0.0,0.0,0.0,0.0,0.0,,,,264.0,,,9500,25328.0
397942,UEI College-Fresno,Fresno,CA,1,3,11.0,0.0,0.0,0.0,0.0,0.0,0.0,0.0,0.0,0.0,,,,1009.0,,,9500,27688.0
399212,Santiago Canyon College,Orange,CA,2,1,12.0,0.0,0.0,0.0,0.0,0.0,1.0,0.0,0.0,0.0,,,,10579.0,1164.0,9612.0,5125,44956.0
399869,Southern California Institute of Technology,Anaheim,CA,1,3,11.0,0.0,0.0,0.0,0.0,0.0,0.0,0.0,0.0,0.0,,0.7419,,508.0,20515.0,20515.0,10798,53598.0
399911,Soka University of America,Aliso Viejo,CA,3,2,21.0,0.0,0.0,0.0,0.0,0.0,0.0,0.0,0.0,0.0,,0.4338,1440.0,484.0,38728.0,38728.0,15650,55017.0
400080,Summit College,San Bernardino,CA,1,3,12.0,0.0,0.0,0.0,0.0,0.0,0.0,0.0,0.0,0.0,,,,989.0,,,7600,40187.0
400187,Advance Beauty College,Garden Grove,CA,1,3,21.0,0.0,0.0,0.0,0.0,0.0,0.0,0.0,0.0,0.0,,,,346.0,,,PS,11575.0
400558,Los Angeles Pacific College,Los Angeles,CA,1,3,11.0,0.0,0.0,0.0,0.0,0.0,0.0,0.0,0.0,0.0,,,,78.0,7260.0,7260.0,,
401223,World Mission University,Los Angeles,CA,3,2,11.0,0.0,0.0,0.0,0.0,1.0,1.0,0.0,0.0,0.0,99.0,,,207.0,6920.0,6920.0,PS,
401250,Yo San University of Traditional Chinese Medicine,Los Angeles,CA,4,2,21.0,0.0,0.0,0.0,0.0,0.0,0.0,0.0,0.0,0.0,,,,,,,PS,
401764,John Amico School of Hair Design,Oak Forest,IL,1,3,21.0,0.0,0.0,0.0,0.0,0.0,0.0,0.0,0.0,0.0,,,,162.0,,,7917,
402563,Delta College Inc,Covington,LA,1,3,22.0,0.0,0.0,0.0,0.0,0.0,0.0,0.0,0.0,0.0,,,,155.0,,,6397,32044.0
402800,Tri-State Cosmetology Institute,El Paso,TX,1,3,11.0,0.0,0.0,0.0,0.0,0.0,0.0,0.0,0.0,0.0,,,,126.0,,,5735,18157.0
404055,Brookline College-Tempe,Tempe,AZ,2,3,12.0,0.0,0.0,0.0,0.0,0.0,0.0,0.0,0.0,0.0,,,,282.0,,,9500,29576.0
404222,Inter American University of Puerto Rico-School of Optometry,Bayamon,PR,4,2,12.0,0.0,0.0,0.0,0.0,0.0,0.0,0.0,0.0,0.0,,,,,,,PS,
404338,Schiller International University,Tampa,FL,3,3,11.0,0.0,0.0,0.0,0.0,0.0,0.0,0.0,0.0,0.0,,,,43.0,13680.0,13680.0,35758,35529.0
404426,Coconino Community College,Flagstaff,AZ,1,1,41.0,0.0,0.0,0.0,0.0,0.0,1.0,1.0,0.0,0.0,,,,2426.0,2907.0,9987.0,10250,40420.0
404684,Emma's Beauty Academy-Juana Diaz,Juana Diaz,PR,1,3,23.0,0.0,0.0,0.0,0.0,0.0,0.0,0.0,0.0,0.0,,,,339.0,,,PS,17034.0
404718,Brillare Beauty Institute,Cleveland,TN,1,2,13.0,0.0,0.0,0.0,0.0,0.0,0.0,0.0,0.0,0.0,,,,265.0,,,7479,24728.0
404912,Pima Medical Institute-Denver,Denver,CO,1,3,21.0,0.0,0.0,0.0,0.0,0.0,0.0,0.0,0.0,0.0,,,,664.0,,,9500,38673.0
405012,Ohio State School of Cosmetology-Heath,Heath,OH,1,3,23.0,0.0,0.0,0.0,0.0,0.0,0.0,0.0,0.0,0.0,,,,86.0,,,9900,25078.0
405058,Yeshivas Novominsk,Brooklyn,NY,2,2,11.0,0.0,0.0,0.0,0.0,0.0,0.0,0.0,1.0,0.0,,0.9038,,157.0,8640.0,8640.0,PS,
405076,Southern Careers Institute-Corpus Christi,Corpus Christi,TX,1,3,11.0,0.0,0.0,0.0,0.0,0.0,0.0,0.0,0.0,0.0,,,,578.0,,,8708,27035.0
405854,Rabbinical College of Ohr Shimon Yisroel,Brooklyn,NY,3,2,11.0,0.0,0.0,0.0,0.0,0.0,0.0,0.0,1.0,0.0,80.0,,,232.0,22300.0,22300.0,PS,
405872,Carroll Community College,Westminster,MD,2,1,31.0,0.0,0.0,0.0,0.0,0.0,0.0,0.0,0.0,0.0,,,,1990.0,4308.0,10158.0,11750,44349.0
406024,Galen College of Nursing-Tampa Bay,Saint Petersburg,FL,2,3,11.0,0.0,0.0,0.0,0.0,0.0,0.0,0.0,0.0,0.0,,,,1465.0,17048.0,17048.0,24166,61480.0
406033,Galen College of Nursing-San Antonio,San Antonio,TX,2,3,11.0,0.0,0.0,0.0,0.0,0.0,0.0,0.0,0.0,0.0,,,,2953.0,17048.0,17048.0,24166,61480.0
406149,Sarasota School of Massage Therapy,Sarasota,FL,1,3,21.0,0.0,0.0,0.0,0.0,0.0,0.0,0.0,0.0,0.0,,,,82.0,,,7916,30237.0
406325,Schuyler Steuben Chemung Tioga Allegany BOCES,Elmira,NY,1,1,41.0,0.0,0.0,0.0,0.0,0.0,0.0,0.0,0.0,0.0,,,,166.0,,,9500,43956.0
406361,Delaware Chenango Madison Otsego BOCES-Practical Nursing Program,Norwich,NY,1,1,41.0,0.0,0.0,0.0,0.0,0.0,0.0,0.0,0.0,0.0,,,,31.0,,,PS,48116.0
406422,Central Susquehanna Intermediate Unit LPN Career,Milton,PA,1,1,41.0,0.0,0.0,0.0,0.0,0.0,0.0,0.0,0.0,0.0,,0.6667,,98.0,,,12034,49686.0
407090,G Skin & Beauty Institute,Oakbrook,IL,1,3,21.0,0.0,0.0,0.0,0.0,0.0,0.0,0.0,0.0,0.0,,,,337.0,,,7917,32281.0
407142,Cosmetology Training Center,Lafayette,LA,1,3,12.0,0.0,0.0,0.0,0.0,0.0,0.0,0.0,0.0,0.0,,,,125.0,,,7800,16194.0
407151,Stage One-The Hair School,Lake Charles,LA,1,3,13.0,0.0,0.0,0.0,0.0,0.0,0.0,0.0,0.0,0.0,,,,66.0,,,9833,17390.0
407179,Empire Beauty School-Malden,Malden,MA,1,3,21.0,0.0,0.0,0.0,0.0,0.0,0.0,0.0,0.0,0.0,,,,95.0,,,10667,23921.0
407355,Xenon A Stephanie Moss Academy,Omaha,NE,1,3,11.0,0.0,0.0,0.0,0.0,0.0,0.0,0.0,0.0,0.0,,,,241.0,,,6867,28953.0
407434,Orlo School of Hair Design and Cosmetology,Albany,NY,1,3,12.0,0.0,0.0,0.0,0.0,0.0,0.0,0.0,0.0,0.0,,,,56.0,,,6538,32014.0
407461,Eastland-Fairfield Career and Technical Schools,Groveport,OH,1,1,21.0,0.0,0.0,0.0,0.0,0.0,0.0,0.0,0.0,0.0,,,,115.0,,,6333,43780.0
407470,Empire Beauty School-Cincinnati,Cincinnati,OH,1,3,21.0,0.0,0.0,0.0,0.0,0.0,0.0,0.0,0.0,0.0,,,,168.0,,,16500,23743.0
407489,Mahoning County Career and Technical Center,Canfield,OH,1,1,21.0,0.0,0.0,0.0,0.0,0.0,0.0,0.0,0.0,0.0,,,,80.0,,,PS,37526.0
407498,Maplewood Area Joint Vocational School,Ravenna,OH,1,1,,0.0,0.0,0.0,0.0,0.0,0.0,0.0,0.0,0.0,,,,,,,,
407513,Pickaway Ross Joint Vocational School District,Chillicothe,OH,1,1,32.0,0.0,0.0,0.0,0.0,0.0,0.0,0.0,0.0,0.0,,,,145.0,,,5500,46485.0
407522,Pioneer Career and Technology Center,Shelby,OH,1,1,31.0,0.0,0.0,0.0,0.0,0.0,0.0,0.0,0.0,0.0,,,,63.0,,,PS,32219.0
407568,Raphael's School of Beauty Culture Inc-Boardman,Boardman,OH,1,3,21.0,0.0,0.0,0.0,0.0,0.0,0.0,0.0,0.0,0.0,,,,129.0,,,6251,22437.0
407577,Scioto County Career Technical Center,Lucasville,OH,1,1,42.0,0.0,0.0,0.0,0.0,0.0,0.0,0.0,0.0,0.0,,,,175.0,,,5500,40584.0
407610,Pacific Bible College,Medford,OR,3,2,13.0,0.0,0.0,0.0,0.0,0.0,0.0,0.0,0.0,0.0,88.0,1.0,,22.0,7168.0,7168.0,PS,
407629,Lake Erie College of Osteopathic Medicine,Erie,PA,1,2,13.0,0.0,0.0,0.0,0.0,0.0,0.0,0.0,0.0,0.0,,,,4.0,,,PS,
407683,UCAS University of Cosmetology Arts & Sciences-Harlingen,Harlingen,TX,1,3,13.0,0.0,0.0,0.0,0.0,0.0,0.0,0.0,0.0,0.0,,,,87.0,,,6447,19880.0
407708,Paul Mitchell the School-Federal Way,Federal Way,WA,1,3,21.0,0.0,0.0,0.0,0.0,0.0,0.0,0.0,0.0,0.0,,,,147.0,,,10555,31123.0
407735,Empire Beauty School-Green Bay,Ashwaubenon,WI,1,3,22.0,0.0,0.0,0.0,0.0,0.0,0.0,0.0,0.0,0.0,,,,100.0,,,10231,23589.0
407832,Warren County Career Center,Lebanon,OH,1,1,41.0,0.0,0.0,0.0,0.0,0.0,0.0,0.0,0.0,0.0,,,,263.0,,,5500,49016.0
408066,Paul Mitchell the School-Wichita,Wichita,KS,1,3,11.0,0.0,0.0,0.0,0.0,0.0,0.0,0.0,0.0,0.0,,,,163.0,,,9833,31553.0
408163,Pinnacle Institute of Cosmetology,Mooresville,NC,1,3,13.0,0.0,0.0,0.0,0.0,0.0,0.0,0.0,0.0,0.0,,,,18.0,,,9833,22786.0
408385,Southern Careers Institute-Pharr,Pharr,TX,1,3,13.0,0.0,0.0,0.0,0.0,0.0,0.0,0.0,0.0,0.0,,,,596.0,,,8708,27035.0
408844,Florida National University-Main Campus,Hialeah,FL,2,3,21.0,0.0,0.0,0.0,0.0,0.0,0.0,0.0,0.0,0.0,,,,2449.0,17368.0,17368.0,27554,33928.0
408862,Georgia Institute of Cosmetology,Athens,GA,1,3,12.0,0.0,0.0,0.0,0.0,0.0,0.0,0.0,0.0,0.0,,,,200.0,,,11273,21432.0
409032,Nouvelle Institute,Miami,FL,1,3,11.0,0.0,0.0,0.0,0.0,0.0,0.0,0.0,0.0,0.0,,,,75.0,,,PS,16138.0
409120,Franklin Technology Center Adult Education,Joplin,MO,1,1,13.0,0.0,0.0,0.0,0.0,0.0,0.0,0.0,0.0,0.0,,,,91.0,,,7600,36700.0
409193,Professional Technical Institution,Bayamon,PR,1,3,12.0,0.0,0.0,0.0,0.0,0.0,0.0,0.0,0.0,0.0,,,,181.0,,,PS,24336.0
409254,Erikson Institute,Chicago,IL,4,2,11.0,0.0,0.0,0.0,0.0,0.0,0.0,0.0,0.0,0.0,,,,,,,PS,
409315,South Texas College,McAllen,TX,2,1,12.0,0.0,0.0,0.0,0.0,0.0,1.0,0.0,0.0,0.0,,,,15856.0,4920.0,7620.0,PS,36788.0
409537,Pike County Joint Vocational School District,Piketon,OH,1,1,42.0,0.0,0.0,0.0,0.0,0.0,0.0,0.0,0.0,0.0,,,,39.0,,,PS,44689.0
409591,Lorain County Joint Vocational School District,Oberlin,OH,1,1,41.0,0.0,0.0,0.0,0.0,0.0,0.0,0.0,0.0,0.0,,,,87.0,,,PS,35776.0
409616,Roger Williams University School of Law,Bristol,RI,4,2,21.0,0.0,0.0,0.0,0.0,0.0,0.0,0.0,0.0,0.0,,,,,,,26940,70266.0
409698,California State University-Monterey Bay,Seaside,CA,3,1,22.0,0.0,0.0,0.0,0.0,0.0,1.0,0.0,0.0,0.0,,0.974,,6819.0,7779.0,20379.0,12750,59247.0
410797,Ohio Media School-Valley View,Valley View,OH,1,3,21.0,0.0,0.0,0.0,0.0,0.0,0.0,0.0,0.0,0.0,,,,88.0,,,9500,37423.0
410964,EINE Inc,Tewksbury,MA,1,3,21.0,0.0,0.0,0.0,0.0,0.0,0.0,0.0,0.0,0.0,,,,47.0,,,PS,
411684,Marian Health Careers Center-Los Angeles Campus,Los Angeles,CA,1,3,11.0,0.0,0.0,0.0,0.0,0.0,0.0,0.0,0.0,0.0,,,,150.0,,,12337,63612.0
411754,Cleveland Clinic School of Health Professions Radiologic Technology Program,Beachwood,OH,1,2,21.0,0.0,0.0,0.0,0.0,0.0,0.0,0.0,0.0,0.0,,,,38.0,,,PS,
412173,Academy for Nursing and Health Occupations,West Palm Beach,FL,2,2,21.0,0.0,0.0,0.0,0.0,0.0,0.0,0.0,0.0,0.0,,,,558.0,,,20293,47039.0
412535,Shawsheen Valley School of Practical Nursing,Billerica,MA,1,1,21.0,0.0,0.0,0.0,0.0,0.0,0.0,0.0,0.0,0.0,,,,37.0,,,PS,
412544,Shear Ego International School of Hair Design,Rochester,NY,1,3,21.0,0.0,0.0,0.0,0.0,0.0,0.0,0.0,0.0,0.0,,,,204.0,,,6333,
412599,Remington College-Memphis Campus,Memphis,TN,1,2,11.0,0.0,0.0,0.0,0.0,0.0,0.0,0.0,0.0,0.0,,,,331.0,17083.0,17083.0,13271,31349.0
413176,Fayette Institute of Technology,Oak Hill,WV,1,1,23.0,0.0,0.0,0.0,0.0,0.0,0.0,0.0,0.0,0.0,,,,32.0,,,PS,41880.0
413413,Capella University,Minneapolis,MN,3,3,11.0,0.0,0.0,0.0,0.0,0.0,0.0,0.0,0.0,0.0,,,,18364.0,14400.0,14400.0,14968,42189.0
413617,College of Menominee Nation,Keshena,WI,2,2,42.0,0.0,0.0,0.0,1.0,0.0,0.0,0.0,0.0,0.0,,,,258.0,6200.0,6200.0,PS,25853.0
413626,Leech Lake Tribal College,Cass Lake,MN,2,1,42.0,0.0,0.0,0.0,1.0,0.0,0.0,0.0,0.0,0.0,,,,197.0,4850.0,4850.0,PS,
413680,Spartan College of Aeronautics & Technology,Inglewood,CA,1,3,21.0,0.0,0.0,0.0,0.0,0.0,0.0,0.0,0.0,0.0,,,,411.0,,,20000,61575.0
413820,Yukon Beauty College Inc,Yukon,OK,1,3,21.0,0.0,0.0,0.0,0.0,0.0,0.0,0.0,0.0,0.0,,,,9.0,,,PS,19950.0
413893,United Education Institute-Morrow,Morrow,GA,1,3,21.0,0.0,0.0,0.0,0.0,0.0,0.0,0.0,0.0,0.0,,,,1160.0,,,9500,31141.0
414063,Artistic Academy of Hair Design,Morris Plains,NJ,1,3,21.0,0.0,0.0,0.0,0.0,0.0,0.0,0.0,0.0,0.0,,,,88.0,,,5500,34266.0
414124,Motoring Technical Training Institute,Seekonk,MA,1,3,21.0,0.0,0.0,0.0,0.0,0.0,0.0,0.0,0.0,0.0,,,,312.0,,,9500,48281.0
414461,Mech-Tech College,Caguas,PR,1,3,13.0,0.0,0.0,0.0,0.0,0.0,0.0,0.0,0.0,0.0,,,,2302.0,11394.0,11394.0,3500,24967.0
414489,Baldwin Beauty School-North Austin,Austin,TX,1,3,11.0,0.0,0.0,0.0,0.0,0.0,0.0,0.0,0.0,0.0,,,,78.0,,,6980,24801.0
414540,Jean Madeline Aveda Institute,Philadelphia,PA,1,3,11.0,0.0,0.0,0.0,0.0,0.0,0.0,0.0,0.0,0.0,,,,244.0,,,8028,26029.0
414595,Pacific College of Health and Science,New York,NY,2,3,11.0,0.0,0.0,0.0,0.0,0.0,0.0,0.0,0.0,0.0,,,,330.0,15804.0,15804.0,12271,26209.0
414869,Tricoci University of Beauty Culture-Indianapolis,Indianapolis,IN,1,3,21.0,0.0,0.0,0.0,0.0,0.0,0.0,0.0,0.0,0.0,,,,346.0,,,7307,26446.0
414878,Trine University-Regional/Non-Traditional Campuses,Angola,IN,3,2,32.0,0.0,0.0,0.0,0.0,0.0,0.0,0.0,0.0,0.0,,0.3986,,607.0,7176.0,7176.0,25000,57165.0
414911,Pennsylvania Highlands Community College,Johnstown,PA,2,1,41.0,0.0,0.0,0.0,0.0,0.0,0.0,0.0,0.0,0.0,,,,788.0,7110.0,13350.0,11000,38752.0
414939,Nevada Career Institute,Las Vegas,NV,1,3,11.0,0.0,0.0,0.0,0.0,0.0,0.0,0.0,0.0,0.0,,,,461.0,,,9500,41472.0
414966,Phillips Theological Seminary,Tulsa,OK,4,2,11.0,0.0,0.0,0.0,0.0,0.0,0.0,0.0,0.0,0.0,61.0,,,,,,PS,
415039,Empire Beauty School-Hanover,Hanover,PA,1,3,13.0,0.0,0.0,0.0,0.0,0.0,0.0,0.0,0.0,0.0,,,,55.0,,,13583,24407.0
415057,Industrial Management Training Institute,Waterbury,CT,1,3,12.0,0.0,0.0,0.0,0.0,0.0,0.0,0.0,0.0,0.0,,,,114.0,,,9500,55344.0
415987,Allen School-Jamaica,Jamaica,NY,1,3,11.0,0.0,0.0,0.0,0.0,0.0,0.0,0.0,0.0,0.0,,,,67.0,,,9500,34186.0
416458,Premiere Career College,Irwindale,CA,1,3,21.0,0.0,0.0,0.0,0.0,0.0,0.0,0.0,0.0,0.0,,,,105.0,,,15188,41270.0
416801,The University of Texas MD Anderson Cancer Center,Houston,TX,3,1,11.0,0.0,0.0,0.0,0.0,0.0,0.0,0.0,0.0,0.0,,,,334.0,,,12500,90232.0
417062,Estes Institute of Cosmetology Arts and Science,Visalia,CA,1,3,12.0,0.0,0.0,0.0,0.0,0.0,0.0,0.0,0.0,0.0,,,,41.0,,,PS,26965.0
417105,Baldwin Park Adult & Community Education,Baldwin Park,CA,1,1,21.0,0.0,0.0,0.0,0.0,0.0,0.0,0.0,0.0,0.0,,,,426.0,,,PS,32069.0
417123,Ventura Adult and Continuing Education,Ventura,CA,1,1,12.0,0.0,0.0,0.0,0.0,0.0,0.0,0.0,0.0,0.0,,,,74.0,,,3920,38232.0
417442,Career Center of Southern Illinois,Red Bud,IL,1,1,42.0,0.0,0.0,0.0,0.0,0.0,0.0,0.0,0.0,0.0,,0.5652,,36.0,,,15170,48452.0
417503,Crave Beauty Academy,Wichita,KS,1,3,11.0,0.0,0.0,0.0,0.0,0.0,0.0,0.0,0.0,0.0,,,,303.0,,,7917,26589.0
417600,Hastings Beauty School,Hastings,MN,1,3,31.0,0.0,0.0,0.0,0.0,0.0,0.0,0.0,0.0,0.0,,,,22.0,,,PS,26258.0
417628,Kirksville Area Technical Center,Kirksville,MO,1,1,33.0,0.0,0.0,0.0,0.0,0.0,0.0,0.0,0.0,0.0,,0.6154,,22.0,,,PS,40517.0
417637,Southern Missouri Technical Institute,West Plains,MO,1,1,33.0,0.0,0.0,0.0,0.0,0.0,0.0,0.0,0.0,0.0,,,,90.0,,,PS,31460.0
417646,Saline County Career Center,Marshall,MO,1,1,33.0,0.0,0.0,0.0,0.0,0.0,0.0,0.0,0.0,0.0,,0.5,,23.0,,,14027,37200.0
417655,Warrensburg Area Career Center,Warrensburg,MO,1,1,32.0,0.0,0.0,0.0,0.0,0.0,0.0,0.0,0.0,0.0,,1.0,,31.0,,,PS,37242.0
417682,Cass Career Center,Harrisonville,MO,1,1,32.0,0.0,0.0,0.0,0.0,0.0,0.0,0.0,0.0,0.0,,1.0,,27.0,,,PS,52545.0
417716,Applied Tech,Sunset Hills,MO,1,1,21.0,0.0,0.0,0.0,0.0,0.0,0.0,0.0,0.0,0.0,,0.4074,,172.0,,,14750,56508.0
417725,Central College of Cosmetology,Saint Robert,MO,1,3,33.0,0.0,0.0,0.0,0.0,0.0,0.0,0.0,0.0,0.0,,,,61.0,,,PS,22821.0
417734,Southeast Missouri Hospital College of Nursing and Health Sciences,Cape Girardeau,MO,2,2,13.0,0.0,0.0,0.0,0.0,0.0,0.0,0.0,0.0,0.0,,1.0,1020.0,200.0,11064.0,11064.0,11500,60918.0
417752,Messenger College,Bedford,TX,3,2,21.0,0.0,0.0,0.0,0.0,0.0,0.0,0.0,0.0,0.0,79.0,0.375,,24.0,11620.0,11620.0,PS,29463.0
417831,Union County Vocational Technical School,Scotch Plains,NJ,1,1,21.0,0.0,0.0,0.0,0.0,0.0,0.0,0.0,0.0,0.0,,,,88.0,,,PS,37590.0
417840,Prism Career Institute-Philadelphia,Philadelphia,PA,1,3,11.0,0.0,0.0,0.0,0.0,0.0,0.0,0.0,0.0,0.0,,,,468.0,,,17200,32473.0
417868,Clinton Essex Warren Washington BOCES,Plattsburgh,NY,1,1,32.0,0.0,0.0,0.0,0.0,0.0,0.0,0.0,0.0,0.0,,0.3111,,31.0,,,PS,
417886,Jefferson Lewis BOCES-Practical Nursing Program,Watertown,NY,1,1,41.0,0.0,0.0,0.0,0.0,0.0,0.0,0.0,0.0,0.0,,,,23.0,22972.0,22972.0,8432,47886.0
417910,Veeb Nassau County School of Practical Nursing,Hicksville,NY,1,1,21.0,0.0,0.0,0.0,0.0,0.0,0.0,0.0,0.0,0.0,,,,193.0,20230.0,20230.0,9500,62185.0
417983,Cattaraugus Allegany BOCES-Practical Nursing Program,Olean,NY,1,1,41.0,0.0,0.0,0.0,0.0,0.0,0.0,0.0,0.0,0.0,,,,31.0,,,PS,39581.0
417992,Orange Ulster BOCES,Newburgh,NY,1,1,13.0,0.0,0.0,0.0,0.0,0.0,0.0,0.0,0.0,0.0,,1.0,,74.0,,,PS,57794.0
418010,Broome Delaware Tioga BOCES-Practical Nursing Program,Endicott,NY,1,1,22.0,0.0,0.0,0.0,0.0,0.0,0.0,0.0,0.0,0.0,,0.4231,,99.0,,,PS,53233.0
418029,Washington Saratoga Warren Hamilton Essex BOCES-Practical Nursing Program,Hudson Falls,NY,1,1,23.0,0.0,0.0,0.0,0.0,0.0,0.0,0.0,0.0,0.0,,0.8776,,35.0,,,PS,48129.0
418038,Albany BOCES-Adult Practical Nursing Program,Albany,NY,1,1,21.0,0.0,0.0,0.0,0.0,0.0,0.0,0.0,0.0,0.0,,,,187.0,,,9500,47733.0
418065,Eastern Suffolk BOCES,Sayville,NY,1,1,21.0,0.0,0.0,0.0,0.0,0.0,0.0,0.0,0.0,0.0,,0.7895,,310.0,,,9500,63394.0
418083,Rockland County BOCES-Practical Nursing Program,West Nyack,NY,1,1,21.0,0.0,0.0,0.0,0.0,0.0,0.0,0.0,0.0,0.0,,,,37.0,,,8756,68647.0
418126,New York College of Health Professions,Syosset,NY,3,2,21.0,0.0,0.0,0.0,0.0,0.0,0.0,0.0,0.0,0.0,,,,58.0,16395.0,16395.0,24867,31601.0
418171,Charles Stuart School of Diamond Setting,Brooklyn,NY,1,3,11.0,0.0,0.0,0.0,0.0,0.0,0.0,0.0,0.0,0.0,,,,38.0,,,PS,
418205,Career and Technology Education Centers of Licking County,Newark,OH,1,1,23.0,0.0,0.0,0.0,0.0,0.0,0.0,0.0,0.0,0.0,,,,237.0,,,6500,38002.0
418223,Northern Career Institute,Eastlake,OH,1,1,21.0,0.0,0.0,0.0,0.0,0.0,0.0,0.0,0.0,0.0,,,,150.0,16250.0,16250.0,9500,49073.0
418250,Washington County Career Center-Adult Technical Training,Marietta,OH,1,1,41.0,0.0,0.0,0.0,0.0,0.0,0.0,0.0,0.0,0.0,,,,193.0,,,PS,43749.0
418269,Ohio Media School-Cincinnati,Norwood,OH,1,3,21.0,0.0,0.0,0.0,0.0,0.0,0.0,0.0,0.0,0.0,,,,42.0,,,9500,28918.0
418278,Vantage Career Center,Van Wert,OH,1,1,32.0,0.0,0.0,0.0,0.0,0.0,0.0,0.0,0.0,0.0,,,,104.0,,,11978,33875.0
418296,Indian Capital Technology Center-Muskogee,Muskogee,OK,1,1,32.0,0.0,0.0,0.0,0.0,0.0,0.0,0.0,0.0,0.0,,,,1491.0,,,PS,33208.0
418302,Western Technology Center,Burns Flat,OK,1,1,43.0,0.0,0.0,0.0,0.0,0.0,0.0,0.0,0.0,0.0,,,,129.0,,,PS,29728.0
418320,Mid-America Technology Center,Wayne,OK,1,1,42.0,0.0,0.0,0.0,0.0,0.0,0.0,0.0,0.0,0.0,,,,173.0,,,PS,38465.0
418348,Eastern Oklahoma County Technology Center,Choctaw,OK,1,1,41.0,0.0,0.0,0.0,0.0,0.0,0.0,0.0,0.0,0.0,,,,115.0,,,PS,49311.0
418357,Wes Watkins Technology Center,Wetumka,OK,1,1,43.0,0.0,0.0,0.0,0.0,0.0,0.0,0.0,0.0,0.0,,,,195.0,,,PS,32209.0
418409,York County School of Technology-Adult & Continuing Education,York,PA,1,1,22.0,0.0,0.0,0.0,0.0,0.0,0.0,0.0,0.0,0.0,,,,229.0,,,9500,54322.0
418427,Chester County Intermediate Unit,Downingtown,PA,1,1,21.0,0.0,0.0,0.0,0.0,0.0,0.0,0.0,0.0,0.0,,0.5833,,82.0,,,18075,60347.0
418445,Jefferson County DuBois Area Vocational Technical School,Reynoldsville,PA,1,1,42.0,0.0,0.0,0.0,0.0,0.0,0.0,0.0,0.0,0.0,,0.8049,,39.0,,,PS,36531.0
418454,Greater Johnstown Career and Technology Center,Johnstown,PA,1,1,41.0,0.0,0.0,0.0,0.0,0.0,0.0,0.0,0.0,0.0,,,,105.0,,,8455,48881.0
418481,Mifflin County Academy of Science and Technology,Lewistown,PA,1,1,32.0,0.0,0.0,0.0,0.0,0.0,0.0,0.0,0.0,0.0,,,,56.0,,,PS,47765.0
418515,Lenape Technical School Practical Nursing Program,Ford City,PA,1,1,41.0,0.0,0.0,0.0,0.0,0.0,0.0,0.0,0.0,0.0,,,,58.0,,,17130,46756.0
418524,Venango County Area Vocational Technical School,Oil City,PA,1,1,33.0,0.0,0.0,0.0,0.0,0.0,0.0,0.0,0.0,0.0,,0.3846,,59.0,,,13500,38161.0
418533,Lancaster County Career and Technology Center,Willow Street,PA,1,1,21.0,0.0,0.0,0.0,0.0,0.0,0.0,0.0,0.0,0.0,,,,279.0,,,15250,44566.0
418560,Indiana County Technology Center,Indiana,PA,1,1,41.0,0.0,0.0,0.0,0.0,0.0,0.0,0.0,0.0,0.0,,,,109.0,,,10901,34858.0
418588,Northern Tier Career Center,Towanda,PA,1,1,41.0,0.0,0.0,0.0,0.0,0.0,0.0,0.0,0.0,0.0,,0.7451,,50.0,,,14750,38737.0
418612,Hazleton Area Career Center,Hazle TWP.,PA,1,1,23.0,0.0,0.0,0.0,0.0,0.0,0.0,0.0,0.0,0.0,,,,7.0,,,PS,49311.0
418658,All-State Career School-Pittsburgh,West Mifflin,PA,1,3,21.0,0.0,0.0,0.0,0.0,0.0,0.0,0.0,0.0,0.0,,,,410.0,,,9500,33193.0
418773,D'Mart Institute,Barranquitas,PR,1,3,21.0,0.0,0.0,0.0,0.0,0.0,0.0,0.0,0.0,0.0,,,,257.0,,,PS,17340.0
418782,Automeca Technical College-Aguadilla,Aguadilla,PR,1,3,22.0,0.0,0.0,0.0,0.0,0.0,0.0,0.0,0.0,0.0,,,,246.0,9095.0,9095.0,3030,24632.0
418889,North Central Institute,Clarksville,TN,1,3,12.0,0.0,0.0,0.0,0.0,0.0,0.0,0.0,0.0,0.0,,,,61.0,,,PS,55027.0
418968,Tint School of Makeup and Cosmetology-Dallas,Grand Prairie,TX,1,3,21.0,0.0,0.0,0.0,0.0,0.0,0.0,0.0,0.0,0.0,,,,220.0,,,6333,26381.0
419031,United Technical Center,Clarksburg,WV,1,1,32.0,0.0,0.0,0.0,0.0,0.0,0.0,0.0,0.0,0.0,,,,10.0,4700.0,4700.0,PS,49130.0
419095,Charles H McCann Technical School,North Adams,MA,1,1,41.0,0.0,0.0,0.0,0.0,0.0,0.0,0.0,0.0,0.0,,,,41.0,,,PS,
419183,Central California School of Continuing Education,San Luis Obispo,CA,1,3,13.0,0.0,0.0,0.0,0.0,0.0,0.0,0.0,0.0,0.0,,,,41.0,9895.0,9895.0,5150,41223.0
419217,HCA Florida Mercy Hospital School of Practical Nursing,Miami,FL,1,3,11.0,0.0,0.0,0.0,0.0,0.0,0.0,0.0,0.0,0.0,,1.0,,31.0,,,PS,72275.0
419226,Marion Technical College,Ocala,FL,1,1,13.0,0.0,0.0,0.0,0.0,0.0,0.0,0.0,0.0,0.0,,,,463.0,,,PS,36095.0
419235,Rivertown School of Beauty Barber Skin Care and Nails,Columbus,GA,1,3,12.0,0.0,0.0,0.0,0.0,0.0,0.0,0.0,0.0,0.0,,,,150.0,,,9500,22139.0
419244,Atlanta Institute of Music and Media,Duluth,GA,2,3,21.0,0.0,0.0,0.0,0.0,0.0,0.0,0.0,0.0,0.0,,,,248.0,,,15411,31186.0
419253,Illinois Media School,Chicago,IL,1,3,11.0,0.0,0.0,0.0,0.0,0.0,0.0,0.0,0.0,0.0,,,,32.0,,,9500,38284.0
419280,New Dimensions School,Joplin,MO,1,3,13.0,0.0,0.0,0.0,0.0,0.0,0.0,0.0,0.0,0.0,,,,38.0,,,PS,28050.0
419341,Jna Institute of Culinary Arts,Philadelphia,PA,1,3,11.0,0.0,0.0,0.0,0.0,0.0,0.0,0.0,0.0,0.0,,,,15.0,14575.0,14575.0,8209,32286.0
419420,Putnam Career and Technical Center,Eleanor,WV,1,1,22.0,0.0,0.0,0.0,0.0,0.0,0.0,0.0,0.0,0.0,,,,27.0,,,PS,36203.0
419633,Texas College of Cosmetology-San Angelo,San Angelon,TX,1,3,13.0,0.0,0.0,0.0,0.0,0.0,0.0,0.0,0.0,0.0,,,,72.0,,,6333,21685.0
419703,Automeca Technical College-Bayamon,Bayamon,PR,1,3,12.0,0.0,0.0,0.0,0.0,0.0,0.0,0.0,0.0,0.0,,,,482.0,9095.0,9095.0,3030,24632.0
419712,Automeca Technical College-Caguas,Caguas,PR,1,3,13.0,0.0,0.0,0.0,0.0,0.0,0.0,0.0,0.0,0.0,,,,186.0,9095.0,9095.0,3030,24632.0
419721,Automeca Technical College-Ponce,Ponce,PR,1,3,12.0,0.0,0.0,0.0,0.0,0.0,0.0,0.0,0.0,0.0,,,,310.0,9095.0,9095.0,3030,24632.0
420130,Prism Career Institute-Cherry Hill,Cherry Hill,NJ,1,3,21.0,0.0,0.0,0.0,0.0,0.0,0.0,0.0,0.0,0.0,,,,269.0,,,17200,32473.0
420246,Sonoran University of Health Sciences,Tempe,AZ,4,2,12.0,0.0,0.0,0.0,0.0,0.0,0.0,0.0,0.0,0.0,,,,,,,PS,
420325,Yeshiva D'monsey Rabbinical College,Monsey,NY,3,2,21.0,0.0,0.0,0.0,0.0,0.0,0.0,0.0,1.0,0.0,,0.3684,,84.0,9200.0,9200.0,PS,
420343,Lincoln Technical Institute-Mahwah,Mahwah,NJ,1,3,21.0,0.0,0.0,0.0,0.0,0.0,0.0,0.0,0.0,0.0,,,,1080.0,,,11730,46396.0
420398,Northwest Vista College,San Antonio,TX,2,1,11.0,0.0,0.0,0.0,0.0,0.0,1.0,0.0,0.0,0.0,,,,13993.0,3412.0,9952.0,9400,42490.0
420431,Oconee Fall Line Technical College,Sandersville,GA,1,1,41.0,0.0,1.0,0.0,0.0,0.0,0.0,0.0,0.0,0.0,,,,1708.0,3380.0,5948.0,6514,30899.0
420440,York County Community College,Wells,ME,2,1,23.0,0.0,0.0,0.0,0.0,0.0,0.0,0.0,0.0,0.0,,,,1133.0,4156.0,7036.0,8861,44873.0
420468,Western Suffolk BOCES,Northport,NY,1,1,21.0,0.0,0.0,0.0,0.0,0.0,0.0,0.0,0.0,0.0,,,,286.0,,,11339,49667.0
420538,Arkansas State University-Mountain Home,Mountain Home,AR,1,1,33.0,0.0,0.0,0.0,0.0,0.0,0.0,0.0,0.0,0.0,,,,925.0,3312.0,4776.0,10500,34238.0
420556,Columbia Gorge Community College,The Dalles,OR,2,1,33.0,0.0,0.0,0.0,0.0,0.0,1.0,0.0,0.0,0.0,,,,543.0,5940.0,10260.0,19397,44440.0
420705,Bakke Graduate University,Dallas,TX,4,2,11.0,0.0,0.0,0.0,0.0,0.0,0.0,0.0,0.0,0.0,,,,,,,PS,
420723,Tillamook Bay Community College,Tillamook,OR,2,1,32.0,0.0,0.0,0.0,0.0,0.0,0.0,0.0,0.0,0.0,,,,294.0,4896.0,5616.0,PS,
420981,Manhattan School of Computer Technology,Brooklyn,NY,1,2,11.0,0.0,0.0,0.0,0.0,0.0,0.0,0.0,0.0,0.0,,,,1002.0,,,PS,26020.0
421513,Ross College-Hopkinsville,Hopkinsville,KY,1,3,32.0,0.0,0.0,0.0,0.0,0.0,0.0,0.0,0.0,0.0,,,,90.0,,,9500,29898.0
421610,Paul Mitchell the School-St. George,Saint George,UT,1,3,12.0,0.0,0.0,0.0,0.0,0.0,0.0,0.0,0.0,0.0,,,,109.0,,,10556,38043.0
421665,Cadillac Institute of Cosmetology,Cadillac,MI,1,3,32.0,0.0,0.0,0.0,0.0,0.0,0.0,0.0,0.0,0.0,,,,43.0,,,PS,16514.0
421708,Arizona College of Nursing-Tempe,Tempe,AZ,3,3,12.0,0.0,0.0,0.0,0.0,0.0,0.0,0.0,0.0,0.0,,1.0,,1202.0,26091.0,26091.0,9500,34657.0
421717,Vanguard-Sentinel Adult Career and Technology Center,Fremont,OH,1,1,32.0,0.0,0.0,0.0,0.0,0.0,0.0,0.0,0.0,0.0,,,,7.0,,,PS,33907.0
421771,Academy of Beauty Professionals,Raymore,MO,1,3,21.0,0.0,0.0,0.0,0.0,0.0,0.0,0.0,0.0,0.0,,,,31.0,,,6333,25117.0
421878,Eastern International College-Jersey City,Jersey City,NJ,3,3,11.0,0.0,0.0,0.0,0.0,0.0,0.0,0.0,0.0,0.0,,0.6963,,495.0,18383.0,18383.0,24751,35008.0
421896,Academia Serrant Inc,Ponce,PR,1,3,12.0,0.0,0.0,0.0,0.0,0.0,0.0,0.0,0.0,0.0,,,,156.0,,,PS,18422.0
422020,San Joaquin Valley College-Trades Education Center,Fresno,CA,1,3,11.0,0.0,0.0,0.0,0.0,0.0,0.0,0.0,0.0,0.0,,,,364.0,,,10674,38317.0
422695,Pacific College,Costa Mesa,CA,2,3,12.0,0.0,0.0,0.0,0.0,0.0,0.0,0.0,0.0,0.0,,0.56,,225.0,,,22469,70064.0
422835,American College of Healthcare and Technology,Riverside,CA,1,3,11.0,0.0,0.0,0.0,0.0,0.0,0.0,0.0,0.0,0.0,,,,272.0,,,9500,31109.0
423120,Compu-Med Vocational Careers Corp,Hialeah,FL,1,3,21.0,0.0,0.0,0.0,0.0,0.0,0.0,0.0,0.0,0.0,,,,169.0,,,PS,22226.0
423397,Advantage Technical College,Manati,PR,1,3,21.0,0.0,0.0,0.0,0.0,0.0,0.0,0.0,0.0,0.0,,,,584.0,,,PS,26905.0
423412,Mid Cities Barber College,Grand Prairie,TX,1,3,21.0,0.0,0.0,0.0,0.0,0.0,0.0,0.0,0.0,0.0,,,,22.0,,,PS,24664.0
423643,Midwestern University-Glendale,Glendale,AZ,4,2,21.0,0.0,0.0,0.0,0.0,0.0,0.0,0.0,0.0,0.0,,,,,,,PS,
423652,Oregon Coast Community College,Newport,OR,2,1,32.0,0.0,0.0,0.0,0.0,0.0,0.0,0.0,0.0,0.0,,,,376.0,5544.0,5544.0,PS,
425250,Gwinnett College,Roswell,GA,1,3,12.0,0.0,0.0,0.0,0.0,0.0,0.0,0.0,0.0,0.0,,,,94.0,,,9500,31206.0
426314,Embry-Riddle Aeronautical University-Worldwide,Daytona Beach,FL,3,2,13.0,0.0,0.0,0.0,0.0,0.0,0.0,0.0,0.0,0.0,,0.5791,1148.0,9139.0,12097.0,12097.0,23666,84131.0
427308,Merkaz Bnos-Business School,Brooklyn,NY,1,2,11.0,0.0,0.0,0.0,0.0,0.0,0.0,0.0,0.0,0.0,80.0,,,110.0,,,PS,27249.0
427335,Lia Schorr Institute of Cosmetic Skin Care Training,New York,NY,1,3,11.0,0.0,0.0,0.0,0.0,0.0,0.0,0.0,0.0,0.0,,,,34.0,,,PS,
427973,Aviation Institute of Maintenance-Norfolk,Norfolk,VA,1,3,12.0,0.0,0.0,0.0,0.0,0.0,0.0,0.0,0.0,0.0,,,,270.0,16757.0,16757.0,29375,44173.0
427991,Osceola Technical College,Kissimmee,FL,1,1,21.0,0.0,0.0,0.0,0.0,0.0,0.0,0.0,0.0,0.0,,,,519.0,,,PS,38484.0
428000,Miami Ad School,Miami,FL,1,3,11.0,0.0,0.0,0.0,0.0,0.0,0.0,0.0,0.0,0.0,,,,32.0,19400.0,19400.0,25967,106192.0
428019,Green Country Technology Center,Okmulgee,OK,1,1,41.0,0.0,0.0,0.0,0.0,0.0,0.0,0.0,0.0,0.0,,,,89.0,,,PS,51375.0
428055,Nova College de Puerto Rico,Bayamon,PR,1,3,12.0,0.0,0.0,0.0,0.0,0.0,0.0,0.0,0.0,0.0,,,,144.0,,,PS,20251.0
428125,John Wesley International Barber and Beauty College,Long Beach,CA,1,3,11.0,0.0,0.0,0.0,0.0,0.0,0.0,0.0,0.0,0.0,,,,57.0,,,PS,23643.0
428170,Southeastern College-Boynton Beach,Boynton Beach,FL,2,3,21.0,0.0,0.0,0.0,0.0,0.0,0.0,0.0,0.0,0.0,,0.8704,,563.0,24480.0,24480.0,19000,41200.0
428259,Ottawa University-Milwaukee,Brookfield,WI,3,2,21.0,0.0,0.0,0.0,0.0,0.0,0.0,0.0,0.0,0.0,52.0,,,41.0,,,21500,55552.0
428392,Klamath Community College,Klamath Falls,OR,1,1,33.0,0.0,0.0,0.0,0.0,0.0,0.0,0.0,0.0,0.0,,,,1130.0,4965.0,8025.0,17480,34357.0
429085,American College of Acupuncture and Oriental Med,Houston,TX,4,3,11.0,0.0,0.0,0.0,0.0,0.0,0.0,0.0,0.0,0.0,,,,,,,PS,
429128,Urban College of Boston,Boston,MA,2,2,11.0,0.0,0.0,0.0,0.0,0.0,1.0,0.0,0.0,0.0,,,,438.0,7608.0,7608.0,PS,35472.0
430184,Strayer University-Maryland,Baltimore,MD,3,3,21.0,0.0,0.0,0.0,0.0,0.0,0.0,0.0,0.0,0.0,,,,1043.0,13920.0,13920.0,40621,40092.0
430227,Empire Beauty School-Monroeville,Monroeville,PA,1,3,21.0,0.0,0.0,0.0,0.0,0.0,0.0,0.0,0.0,0.0,,,,84.0,,,13000,25073.0
430245,Southern Careers Institute-San Antonio,San Antonio,TX,1,3,11.0,0.0,0.0,0.0,0.0,0.0,0.0,0.0,0.0,0.0,,,,584.0,,,8708,27035.0
430306,Cayce/Reilly School of Massage,Virginia Beach,VA,1,2,11.0,0.0,0.0,0.0,0.0,0.0,0.0,0.0,0.0,0.0,,,,19.0,,,PS,19338.0
430403,Prism Career Institute-West Atlantic City,West  Atlantic City,NJ,1,3,21.0,0.0,0.0,0.0,0.0,0.0,0.0,0.0,0.0,0.0,,,,235.0,,,17200,32473.0
430564,Studio Jewelers,New York,NY,1,3,11.0,0.0,0.0,0.0,0.0,0.0,0.0,0.0,0.0,0.0,,,,74.0,,,PS,
430582,Praxis Institute,Miami,FL,1,3,21.0,0.0,0.0,0.0,0.0,0.0,0.0,0.0,0.0,0.0,,,,422.0,,,8905,22300.0
430670,San Juan Bautista School of Medicine,Caguas,PR,3,2,13.0,0.0,0.0,0.0,0.0,0.0,1.0,0.0,0.0,0.0,,1.0,,94.0,6750.0,12747.0,PS,
430704,Texas Health and Science University,Austin,TX,4,3,11.0,0.0,0.0,0.0,0.0,0.0,0.0,0.0,0.0,0.0,,,,,,,PS,
430795,Carver Career Center,Charleston,WV,1,1,22.0,0.0,0.0,0.0,0.0,0.0,0.0,0.0,0.0,0.0,,,,169.0,,,PS,33739.0
430883,Cayuga Onondaga BOCES-Practical Nursing Program,Auburn,NY,1,1,32.0,0.0,0.0,0.0,0.0,0.0,0.0,0.0,0.0,0.0,,0.4286,,32.0,14085.0,14085.0,11426,45439.0
430908,Clearfield County Career and Technology Center,Clearfield,PA,1,1,41.0,0.0,0.0,0.0,0.0,0.0,0.0,0.0,0.0,0.0,,,,31.0,,,8750,41559.0
430935,Colegio de Cinematografia Artes y Television,Bayamon,PR,2,3,12.0,0.0,0.0,0.0,0.0,0.0,0.0,0.0,0.0,0.0,,,,556.0,7796.0,7796.0,PS,25707.0
430971,Delaware County Technical School-Practical Nursing Program,Broomall,PA,1,1,21.0,0.0,0.0,0.0,0.0,0.0,0.0,0.0,0.0,0.0,,1.0,,48.0,,,16500,55120.0
431017,Mid-Del Technology Center,Midwest City,OK,1,1,21.0,0.0,0.0,0.0,0.0,0.0,0.0,0.0,0.0,0.0,,,,84.0,,,PS,33238.0
431071,New York Institute of Massage Inc,Williamsville,NY,1,3,21.0,0.0,0.0,0.0,0.0,0.0,0.0,0.0,0.0,0.0,,,,30.0,,,10322,26379.0
431105,Dutchess BOCES-Practical Nursing Program,Poughkeepsie,NY,1,1,41.0,0.0,0.0,0.0,0.0,0.0,0.0,0.0,0.0,0.0,,,,81.0,,,7063,48363.0
431123,Escuela Tecnica de Electricidad,Ponce,PR,1,3,12.0,0.0,0.0,0.0,0.0,0.0,0.0,0.0,0.0,0.0,,,,183.0,,,PS,26398.0
431141,Institute of Technology,Clovis,CA,1,3,21.0,0.0,0.0,0.0,0.0,0.0,0.0,0.0,0.0,0.0,,,,1377.0,,,9500,35095.0
431196,Genesee Valley BOCES-Practical Nursing Program,Batavia,NY,1,1,32.0,0.0,0.0,0.0,0.0,0.0,0.0,0.0,0.0,0.0,,,,93.0,,,13000,46695.0
431266,Henrico County-Saint Marys Hospital School of Practical Nursing,Richmond,VA,1,1,21.0,0.0,0.0,0.0,0.0,0.0,0.0,0.0,0.0,0.0,,0.704,,79.0,,,PS,56618.0
431275,Herkimer County BOCES-Practical Nursing Program,Herkimer,NY,1,1,31.0,0.0,0.0,0.0,0.0,0.0,0.0,0.0,0.0,0.0,,,,58.0,,,8975,41763.0
431284,Graduate America College,Garland,TX,1,3,21.0,0.0,0.0,0.0,0.0,0.0,0.0,0.0,0.0,0.0,,,,62.0,,,PS,22178.0
431558,Cape Coral Technical College,Cape Coral,FL,1,1,12.0,0.0,0.0,0.0,0.0,0.0,0.0,0.0,0.0,0.0,,,,278.0,,,PS,36080.0
431600,UPMC Mercy School of Nursing,Pittsburgh,PA,1,2,11.0,0.0,0.0,0.0,0.0,0.0,0.0,0.0,0.0,0.0,30.0,0.8789,,308.0,16190.0,16190.0,14750,68337.0
431716,Ocean County Vocational-Technical School,Toms River,NJ,1,1,21.0,0.0,0.0,0.0,0.0,0.0,0.0,0.0,0.0,0.0,,,,497.0,,,5500,47122.0
431983,Yeshiva of the Telshe Alumni,Riverdale,NY,2,2,11.0,0.0,0.0,0.0,0.0,0.0,0.0,0.0,1.0,0.0,,1.0,,73.0,9600.0,9600.0,PS,
432117,Kenneth Shuler School of Cosmetology-Rock Hill,Rock Hill,SC,1,3,13.0,0.0,0.0,0.0,0.0,0.0,0.0,0.0,0.0,0.0,,,,181.0,,,6333,23193.0
432269,CET-El Paso,El Paso,TX,1,2,11.0,0.0,0.0,0.0,0.0,0.0,0.0,0.0,0.0,0.0,,,,67.0,,,7041,32986.0
432348,Appalachian School of Law,Grundy,VA,4,2,43.0,0.0,0.0,0.0,0.0,0.0,0.0,0.0,0.0,0.0,,,,,,,PS,
432384,Platt College-Ontario,Ontario,CA,2,3,12.0,0.0,0.0,0.0,0.0,0.0,0.0,0.0,0.0,0.0,,,,500.0,14922.0,14922.0,18685,40669.0
433004,American University of Health Sciences,Signal Hill,CA,3,3,21.0,0.0,0.0,0.0,0.0,0.0,0.0,0.0,0.0,0.0,,0.5,,351.0,24575.0,24575.0,40326,93610.0
433013,Career Networks Institute,Santa Ana,CA,2,3,11.0,0.0,0.0,0.0,0.0,0.0,0.0,0.0,0.0,0.0,,,,1133.0,,,25899,45256.0
433040,Monty Tech,Fitchburg,MA,1,1,22.0,0.0,0.0,0.0,0.0,0.0,0.0,0.0,0.0,0.0,,0.8305,,48.0,,,9500,
433068,Okaloosa Technical College,Fort Walton Beach,FL,1,1,13.0,0.0,0.0,0.0,0.0,0.0,0.0,0.0,0.0,0.0,,,,421.0,,,PS,32577.0
433101,Lincoln Technical Institute-Lincoln,Lincoln,RI,1,3,21.0,0.0,0.0,0.0,0.0,0.0,0.0,0.0,0.0,0.0,,,,659.0,,,10521,31914.0
433138,Wayne County Schools Career Center,Smithville,OH,1,1,32.0,0.0,0.0,0.0,0.0,0.0,0.0,0.0,0.0,0.0,,,,146.0,,,7574,42774.0
433174,Carolinas College of Health Sciences,Charlotte,NC,1,1,11.0,0.0,0.0,0.0,0.0,0.0,0.0,0.0,0.0,0.0,,0.599,1130.0,533.0,18882.0,18882.0,15337,64624.0
433387,Western Governors University,Salt Lake City,UT,3,2,21.0,0.0,0.0,0.0,0.0,0.0,0.0,0.0,0.0,0.0,,,,155088.0,8658.0,8658.0,11116,60615.0
433420,California Aeronautical University,Bakersfield,CA,3,3,21.0,0.0,0.0,0.0,0.0,0.0,0.0,0.0,0.0,0.0,,,,347.0,37667.0,37667.0,30705,38361.0
433536,Herzing University-New Orleans,Metairie,LA,2,2,12.0,0.0,0.0,0.0,0.0,0.0,0.0,0.0,0.0,0.0,,0.92,,346.0,13450.0,13450.0,21500,36909.0
433660,Florida Gulf Coast University,Fort Myers,FL,3,1,21.0,0.0,0.0,0.0,0.0,0.0,0.0,0.0,0.0,0.0,,0.6344,1114.0,13874.0,6118.0,25162.0,17622,54560.0
434016,Little Priest Tribal College,Winnebago,NE,2,1,42.0,0.0,0.0,0.0,1.0,0.0,0.0,0.0,0.0,0.0,,,,182.0,5400.0,5400.0,PS,
434061,South Louisiana Community College,Lafayette,LA,1,1,12.0,0.0,1.0,0.0,0.0,0.0,0.0,0.0,0.0,0.0,,,,5035.0,4210.0,4210.0,11000,31432.0
434140,Pima Medical Institute-Chula Vista,Chula Vista,CA,1,3,11.0,0.0,0.0,0.0,0.0,0.0,0.0,0.0,0.0,0.0,,,,537.0,,,9500,38673.0
434159,Lincoln College of Technology-Marietta,Marietta,GA,1,3,21.0,0.0,0.0,0.0,0.0,0.0,0.0,0.0,0.0,0.0,,,,538.0,,,10521,31914.0
434274,Academy of Hair Design-Lufkin,Lufkin,TX,1,3,33.0,0.0,0.0,0.0,0.0,0.0,0.0,0.0,0.0,0.0,,,,74.0,,,11125,20892.0
434308,Cortiva Institute,Linthicum,MD,1,3,21.0,0.0,0.0,0.0,0.0,0.0,0.0,0.0,0.0,0.0,,,,225.0,,,7785,30474.0
434344,COLLECTIV Academy-Worcester,Worcester,MA,1,3,12.0,0.0,0.0,0.0,0.0,0.0,0.0,0.0,0.0,0.0,,,,192.0,,,6222,
434362,Northwest HVAC/R Training Center,Spokane,WA,1,2,12.0,0.0,0.0,0.0,0.0,0.0,0.0,0.0,0.0,0.0,,,,50.0,,,9500,60551.0
434432,Myotherapy Institute,Lincoln,NE,2,3,11.0,0.0,0.0,0.0,0.0,0.0,0.0,0.0,0.0,0.0,,,,12.0,16750.0,16750.0,PS,27531.0
434441,Florida College of Integrative Medicine,Orlando,FL,4,3,21.0,0.0,0.0,0.0,0.0,0.0,0.0,0.0,0.0,0.0,,,,,,,PS,
434469,New Professions Technical Institute,Miami,FL,2,3,11.0,0.0,0.0,0.0,0.0,0.0,0.0,0.0,0.0,0.0,,,,514.0,,,PS,25962.0
434496,Strand College of Hair Design,Myrtle Beach,SC,1,3,13.0,0.0,0.0,0.0,0.0,0.0,0.0,0.0,0.0,0.0,,,,70.0,,,6333,21301.0
434584,Ilisagvik College,Barrow,AK,1,1,43.0,0.0,0.0,0.0,1.0,1.0,0.0,0.0,0.0,0.0,,,,126.0,5260.0,5260.0,PS,39541.0
434672,Community College of Baltimore County,Baltimore,MD,2,1,21.0,0.0,0.0,0.0,0.0,0.0,0.0,0.0,0.0,0.0,,,,13872.0,4432.0,11010.0,11528,43729.0
434751,White Earth Tribal and Community College,Mahnomen,MN,2,2,43.0,0.0,0.0,0.0,1.0,0.0,0.0,0.0,0.0,0.0,,,,110.0,5490.0,5490.0,PS,18044.0
434821,Blue Cliff College-Metairie,Metairie,LA,1,3,12.0,0.0,0.0,0.0,0.0,0.0,0.0,0.0,0.0,0.0,,,,291.0,,,9500,22177.0
434830,Creative Images Institute of Cosmetology-North Dayton,Dayton,OH,1,3,21.0,0.0,0.0,0.0,0.0,0.0,0.0,0.0,0.0,0.0,,,,210.0,,,9731,22271.0
434900,Dewey University-Carolina,Carolina,PR,2,2,21.0,0.0,0.0,0.0,0.0,0.0,1.0,0.0,0.0,0.0,,,,292.0,7630.0,7630.0,5185,19761.0
434937,Yeshiva College of the Nations Capital,Silver  Spring,MD,3,2,21.0,0.0,0.0,0.0,0.0,0.0,0.0,0.0,1.0,0.0,80.0,,,56.0,11500.0,11500.0,PS,
435000,Louisiana State University Health Sciences Center-Shreveport,Shreveport,LA,3,1,12.0,0.0,0.0,0.0,0.0,0.0,0.0,0.0,0.0,0.0,,,,21.0,,,PS,74671.0
436030,Hair Academy II,Hillcrest Heights,MD,1,3,21.0,0.0,0.0,0.0,0.0,0.0,0.0,0.0,0.0,0.0,,,,218.0,,,6333,43383.0
436304,River Parishes Community College,Gonzales,LA,1,1,41.0,0.0,1.0,0.0,0.0,0.0,0.0,0.0,0.0,0.0,,,,1880.0,4079.0,4079.0,12000,37848.0
436429,Los Angeles Film School,Hollywood,CA,3,3,11.0,0.0,0.0,0.0,0.0,0.0,0.0,0.0,0.0,0.0,,,,5472.0,,,25250,31632.0
436553,Century College,San Juan,PR,1,3,11.0,0.0,0.0,0.0,0.0,0.0,0.0,0.0,0.0,0.0,,,,678.0,9100.0,9100.0,PS,19462.0
436599,FINE Mortuary College,Norwood,MA,2,3,21.0,0.0,0.0,0.0,0.0,0.0,0.0,0.0,0.0,0.0,,,,185.0,19450.0,19450.0,30312,
436614,International Baptist College and Seminary,Chandler,AZ,3,2,11.0,0.0,0.0,0.0,0.0,0.0,0.0,0.0,0.0,0.0,54.0,,,43.0,13800.0,13800.0,PS,39556.0
436632,Gwinnett College,Raleigh,NC,1,3,11.0,0.0,0.0,0.0,0.0,0.0,0.0,0.0,0.0,0.0,,,,146.0,,,7917,29234.0
436650,Delta College South,Baton Rouge,LA,1,3,12.0,0.0,0.0,0.0,0.0,0.0,0.0,0.0,0.0,0.0,,,,164.0,,,5845,30894.0
436818,University of Connecticut-Waterbury Campus,Waterbury,CT,3,1,12.0,0.0,0.0,0.0,0.0,1.0,1.0,0.0,0.0,0.0,,0.8666,1060.0,733.0,18140.0,40808.0,21500,73997.0
436827,University of Connecticut-Avery Point,Groton,CT,3,1,22.0,0.0,0.0,0.0,0.0,0.0,0.0,0.0,0.0,0.0,,0.8818,1090.0,454.0,18140.0,40808.0,21500,73997.0
436836,University of Connecticut-Stamford,Stamford,CT,3,1,12.0,0.0,0.0,0.0,0.0,1.0,1.0,0.0,0.0,0.0,,0.8298,1094.0,2432.0,18150.0,40818.0,21500,73997.0
437097,University of Management and Technology,Arlington,VA,3,3,12.0,0.0,0.0,0.0,0.0,0.0,0.0,0.0,0.0,0.0,,,,294.0,9450.0,9450.0,PS,68530.0
437103,Baton Rouge Community College,Baton Rouge,LA,1,1,12.0,0.0,1.0,0.0,0.0,0.0,0.0,0.0,0.0,0.0,,,,8362.0,4321.0,4321.0,12450,34581.0
437237,IYRS School of Technology & Trades,Newport,RI,1,2,21.0,0.0,0.0,0.0,0.0,0.0,0.0,0.0,0.0,0.0,,0.8889,,68.0,,,9500,
437556,Midwest Technical Institute-Illinois,Springfield,IL,1,3,12.0,0.0,0.0,0.0,0.0,0.0,0.0,0.0,0.0,0.0,,,,1326.0,,,9500,33601.0
437608,Advanced Barber College and Hair Design,Weslaco,TX,1,3,21.0,0.0,0.0,0.0,0.0,0.0,0.0,0.0,0.0,0.0,,,,91.0,,,PS,18519.0
437635,The College of Health Care Professions-Austin,Austin,TX,1,3,11.0,0.0,0.0,0.0,0.0,0.0,0.0,0.0,0.0,0.0,,,,974.0,,,9120,38922.0
437723,New Community Career & Technical Institute,Newark,NJ,1,2,11.0,0.0,0.0,0.0,0.0,0.0,0.0,0.0,0.0,0.0,,,,11.0,,,2808,40200.0
437732,The Chicago School-College of Nursing,Richardson,TX,1,2,12.0,0.0,0.0,0.0,0.0,0.0,0.0,0.0,0.0,0.0,,,,2.0,,,20000,56899.0
437750,Professional Golfers Career College,Temecula,CA,2,3,12.0,0.0,0.0,0.0,0.0,0.0,0.0,0.0,0.0,0.0,,,,70.0,18840.0,18840.0,12000,46079.0
437769,Chester Career College,CHESTER,VA,1,3,21.0,0.0,0.0,0.0,0.0,0.0,0.0,0.0,0.0,0.0,,,,79.0,,,19879,32650.0
437778,Milan Institute-San Antonio Ingram,San Antonio,TX,1,3,11.0,0.0,0.0,0.0,0.0,0.0,0.0,0.0,0.0,0.0,,,,379.0,,,6333,24879.0
437857,Rudae's School of Beauty Culture-Ft Wayne,Fort Wayne,IN,1,3,11.0,0.0,0.0,0.0,0.0,0.0,0.0,0.0,0.0,0.0,,,,91.0,,,9500,25749.0
437936,Carrington College-San Jose,San Jose,CA,1,3,11.0,0.0,0.0,0.0,0.0,0.0,0.0,0.0,0.0,0.0,,,,644.0,,,11537,39633.0
438179,Brookline College-Tucson,Tucson,AZ,1,3,11.0,0.0,0.0,0.0,0.0,0.0,0.0,0.0,0.0,0.0,,,,218.0,,,9500,29576.0
438221,Miller-Motte College-Berks Technical Institute-Lewisburg,Lewisburg,PA,1,3,32.0,0.0,0.0,0.0,0.0,0.0,0.0,0.0,0.0,0.0,,,,126.0,,,15917,31102.0
438258,Carrington College-Pleasant Hill Campus,Pleasant Hill,CA,1,3,21.0,0.0,0.0,0.0,0.0,0.0,0.0,0.0,0.0,0.0,,,,412.0,,,11537,39633.0
438285,Cortiva Institute,Maitland,FL,1,3,21.0,0.0,0.0,0.0,0.0,0.0,0.0,0.0,0.0,0.0,,,,159.0,,,7521,27193.0
438337,Modern Hairstyling Institute-Carolina,Carolina,PR,1,3,21.0,0.0,0.0,0.0,0.0,0.0,0.0,0.0,0.0,0.0,,0.8958,,189.0,,,PS,17666.0
438504,Universal Technical Institute of California Inc,Rancho Cucamonga,CA,2,3,21.0,0.0,0.0,0.0,0.0,0.0,0.0,0.0,0.0,0.0,,,,1553.0,,,13124,52873.0
438586,American InterContinental University-Atlanta,Atlanta,GA,3,3,12.0,0.0,0.0,0.0,0.0,0.0,0.0,0.0,0.0,0.0,,,,734.0,13527.0,13527.0,31000,36144.0
438674,The Academy of Hair Design Six,Hattiesburg,MS,1,3,13.0,0.0,0.0,0.0,0.0,0.0,0.0,0.0,0.0,0.0,,,,37.0,,,9500,22706.0
438708,Eastern West Virginia Community and Technical College,Moorefield,WV,2,1,43.0,0.0,0.0,0.0,0.0,0.0,0.0,0.0,0.0,0.0,,,,225.0,4722.0,4722.0,8500,31636.0
438735,Aviation Institute of Maintenance-Indianapolis,Indianapolis,IN,1,3,11.0,0.0,0.0,0.0,0.0,0.0,0.0,0.0,0.0,0.0,,,,172.0,16757.0,16757.0,29773,42759.0
438984,IVAEM College,Caguas,PR,1,3,13.0,0.0,0.0,0.0,0.0,0.0,0.0,0.0,0.0,0.0,,,,195.0,,,PS,19686.0
439020,Midwest College of Oriental Medicine-Skokie,Skokie,IL,4,3,13.0,0.0,0.0,0.0,0.0,0.0,0.0,0.0,0.0,0.0,,,,0.0,,,PS,44136.0
439118,Carrington College-Spokane,Spokane,WA,1,3,12.0,0.0,0.0,0.0,0.0,0.0,0.0,0.0,0.0,0.0,,,,352.0,,,9295,36625.0
439190,Cascadia College,Bothell,WA,2,1,21.0,0.0,0.0,0.0,0.0,0.0,0.0,0.0,0.0,0.0,,,,1032.0,5157.0,11296.0,6368,54133.0
439367,CBD College,Los Angeles,CA,2,2,11.0,0.0,0.0,0.0,0.0,1.0,1.0,0.0,0.0,0.0,,,,1581.0,,,19309,37237.0
439446,Atlantic Institute of Oriental Medicine,Fort Lauderdale,FL,3,2,12.0,0.0,0.0,0.0,0.0,0.0,0.0,0.0,0.0,0.0,,,,,,,PS,
439455,MDT College of Health Sciences,Chicago,IL,1,3,11.0,0.0,0.0,0.0,0.0,0.0,0.0,0.0,0.0,0.0,,0.6421,,575.0,21870.0,21870.0,19500,43946.0
439473,Bennett Career Institute,Washington,DC,1,3,11.0,0.0,0.0,0.0,0.0,0.0,0.0,0.0,0.0,0.0,,,,176.0,,,6333,22568.0
439491,Blue Cliff College-Lafayette,Lafayette,LA,1,3,12.0,0.0,0.0,0.0,0.0,0.0,0.0,0.0,0.0,0.0,,,,62.0,,,9500,22177.0
439570,Community Care College,Tulsa,OK,1,2,11.0,0.0,0.0,0.0,0.0,0.0,0.0,1.0,0.0,0.0,,,,493.0,,,8898,28954.0
439622,Erie 1 BOCES,West Seneca,NY,1,1,21.0,0.0,0.0,0.0,0.0,0.0,0.0,0.0,0.0,0.0,,,,383.0,,,9500,47114.0
439668,HDS Truck Driving Institute,Tucson,AZ,1,3,41.0,0.0,0.0,0.0,0.0,0.0,0.0,0.0,0.0,0.0,,,,200.0,,,PS,40059.0
439701,The King's University,Southlake,TX,3,2,21.0,0.0,0.0,0.0,0.0,0.0,0.0,0.0,0.0,0.0,42.0,0.6064,,251.0,12480.0,12480.0,27000,41471.0
439738,Fortis College-Baton Rouge,Baton Rouge,LA,1,3,21.0,0.0,0.0,0.0,0.0,0.0,0.0,0.0,0.0,0.0,,,,482.0,16467.0,16467.0,12346,32886.0
439747,My Le's Beauty College,Sacramento,CA,1,3,21.0,0.0,0.0,0.0,0.0,0.0,0.0,0.0,0.0,0.0,,,,150.0,,,PS,15070.0
439774,New Concept Massage and Beauty School,Miami,FL,1,3,21.0,0.0,0.0,0.0,0.0,0.0,0.0,0.0,0.0,0.0,,,,123.0,,,6000,20421.0
439783,New York College of Traditional Chinese Medicine,Mineola,NY,4,2,21.0,0.0,0.0,0.0,0.0,0.0,0.0,0.0,0.0,0.0,,,,3.0,,,PS,
439792,Fortis College-Orange Park,Orange Park,FL,1,3,21.0,0.0,0.0,0.0,0.0,0.0,0.0,0.0,0.0,0.0,,,,399.0,14946.0,14946.0,11238,28506.0
439817,Northeastern Seminary,Rochester,NY,4,2,21.0,0.0,0.0,0.0,0.0,0.0,0.0,0.0,0.0,0.0,42.0,,,,,,PS,
439844,Omega Institute of Cosmetology,Houma,LA,1,3,13.0,0.0,0.0,0.0,0.0,0.0,0.0,0.0,0.0,0.0,,,,55.0,,,PS,14923.0
439862,Pacific Islands University,Mangilao,GU,2,2,22.0,0.0,0.0,0.0,0.0,1.0,0.0,0.0,0.0,0.0,42.0,1.0,,61.0,7203.0,7516.0,PS,20902.0
439871,PCI College,Cerritos,CA,2,3,21.0,0.0,0.0,0.0,0.0,0.0,0.0,0.0,0.0,0.0,,,,149.0,,,17542,36141.0
439899,Rosedale Bible College,Irwin,OH,2,2,42.0,0.0,0.0,0.0,0.0,0.0,0.0,0.0,0.0,0.0,69.0,,,96.0,10088.0,10088.0,PS,35558.0
439914,Seattle Institute of East Asian Medicine,Seattle,WA,4,2,11.0,0.0,0.0,0.0,0.0,0.0,0.0,0.0,0.0,0.0,,,,,,,PS,
439932,Shawnee Beauty College,Shawnee,OK,1,3,32.0,0.0,0.0,0.0,0.0,0.0,0.0,0.0,0.0,0.0,,,,60.0,,,PS,18636.0
440004,Upper Valley Educators Institute,Lebanon,NH,4,2,33.0,0.0,0.0,0.0,0.0,0.0,0.0,0.0,0.0,0.0,,,,,,,PS,
440031,Keck Graduate Institute,Claremont,CA,4,2,21.0,0.0,0.0,0.0,0.0,0.0,0.0,0.0,0.0,0.0,,,,,,,PS,
440059,Aviation Institute of Maintenance-Atlanta,Duluth,GA,1,3,21.0,0.0,0.0,0.0,0.0,0.0,0.0,0.0,0.0,0.0,,,,824.0,16657.0,16657.0,31500,48191.0
440101,Empire Beauty School-Kennesaw,Kennesaw,GA,1,3,21.0,0.0,0.0,0.0,0.0,0.0,0.0,0.0,0.0,0.0,,,,161.0,,,10231,23589.0
440262,New York Automotive and Diesel Institute,Jamaica,NY,1,3,11.0,0.0,0.0,0.0,0.0,0.0,0.0,0.0,0.0,0.0,,,,470.0,,,16064,50963.0
440271,Remington College-Baton Rouge Campus,Baton Rouge,LA,1,2,12.0,0.0,0.0,0.0,0.0,0.0,0.0,0.0,0.0,0.0,,,,210.0,15837.0,15837.0,13271,31349.0
440396,New Saint Andrews College,Moscow,ID,3,2,32.0,0.0,0.0,0.0,0.0,0.0,0.0,0.0,0.0,0.0,79.0,0.8389,1262.0,305.0,16800.0,16800.0,,
440402,Arkansas State University-Newport,Newport,AR,1,1,41.0,0.0,0.0,0.0,0.0,0.0,0.0,0.0,0.0,0.0,,,,1236.0,3312.0,4752.0,8002,41524.0
440651,Atenas University,Manati,PR,2,2,21.0,0.0,0.0,0.0,0.0,0.0,1.0,0.0,0.0,0.0,,,,597.0,8954.0,8954.0,6525,20231.0
440730,Onondaga Cortland Madison BOCES,Liverpool,NY,1,1,21.0,0.0,0.0,0.0,0.0,0.0,0.0,0.0,0.0,0.0,,,,354.0,,,6419,40658.0
440776,Interactive College of Technology,Pasadena,TX,1,3,12.0,0.0,0.0,0.0,0.0,0.0,0.0,0.0,0.0,0.0,,,,86.0,10970.0,10970.0,5353,27182.0
440794,Pillar College,Newark,NJ,3,2,11.0,0.0,0.0,0.0,0.0,0.0,1.0,0.0,0.0,0.0,108.0,,,498.0,25900.0,25900.0,21483,45577.0
440828,Oregon State University-Cascades Campus,Bend,OR,3,1,12.0,0.0,0.0,0.0,0.0,0.0,0.0,0.0,0.0,0.0,,0.6311,1255.0,1044.0,13566.0,37356.0,21221,64010.0
440855,Milan Institute-Amarillo,Amarillo,TX,1,3,12.0,0.0,0.0,0.0,0.0,0.0,0.0,0.0,0.0,0.0,,,,271.0,,,7702,29491.0
440916,Southern University Law Center,Baton Rouge,LA,3,1,12.0,1.0,0.0,0.0,0.0,0.0,0.0,0.0,0.0,0.0,,,,607.0,,,29251,43371.0
440989,Career Schools of Texas,Houston,TX,1,3,11.0,0.0,0.0,0.0,0.0,0.0,0.0,0.0,0.0,0.0,,,,518.0,,,13000,21262.0
441052,American Career College-Anaheim,Anaheim,CA,1,3,11.0,0.0,0.0,0.0,0.0,0.0,0.0,0.0,0.0,0.0,,,,1644.0,,,9500,38430.0
441070,Saginaw Chippewa Tribal College,Mount Pleasant,MI,2,1,32.0,0.0,0.0,0.0,1.0,0.0,0.0,0.0,0.0,0.0,,,,164.0,2730.0,2730.0,PS,
441104,Richmont Graduate University,Chattanooga,TN,4,2,12.0,0.0,0.0,0.0,0.0,0.0,0.0,0.0,0.0,0.0,,,,,,,PS,
441131,The Seattle School of Theology & Psychology,Seattle,WA,4,2,11.0,0.0,0.0,0.0,0.0,0.0,0.0,0.0,0.0,0.0,,,,,,,PS,
441210,East Valley Institute of Technology,Mesa,AZ,1,1,11.0,0.0,0.0,0.0,0.0,0.0,0.0,0.0,0.0,0.0,,,,377.0,,,PS,35086.0
441229,Smith Chason College,Los Angeles,CA,2,3,11.0,0.0,0.0,0.0,0.0,0.0,0.0,0.0,0.0,0.0,,,,2447.0,19040.0,19040.0,21397,58004.0
441256,Design's School of Cosmetology,Paso Robles,CA,1,3,13.0,0.0,0.0,0.0,0.0,0.0,0.0,0.0,0.0,0.0,,,,73.0,,,6333,23937.0
441371,Ultimate Medical Academy,Clearwater,FL,2,2,12.0,0.0,1.0,0.0,0.0,0.0,0.0,0.0,0.0,0.0,,,,8932.0,,,14743,29194.0
441414,M-DCPS The English Center,Miami,FL,1,1,11.0,0.0,0.0,0.0,0.0,0.0,0.0,0.0,0.0,0.0,,,,203.0,,,PS,30739.0
441423,Florida Education Institute,Miami,FL,1,3,21.0,0.0,0.0,0.0,0.0,0.0,0.0,0.0,0.0,0.0,,,,318.0,,,9500,24588.0
441487,Texas County Technical College,Houston,MO,1,3,43.0,0.0,0.0,0.0,0.0,0.0,0.0,0.0,0.0,0.0,,1.0,,96.0,19025.0,19025.0,13195,40843.0
441496,Aviation Institute of Maintenance-Kansas City,Kansas City,MO,1,3,11.0,0.0,0.0,0.0,0.0,0.0,0.0,0.0,0.0,0.0,,,,253.0,16757.0,16757.0,30416,40743.0
441502,Blue Cliff College-Gulfport,Gulfport,MS,1,3,13.0,0.0,0.0,0.0,0.0,0.0,0.0,0.0,0.0,0.0,,,,200.0,,,9500,22177.0
441575,Metropolitan Learning Institute,Rego Park,NY,1,2,11.0,0.0,0.0,0.0,0.0,0.0,0.0,0.0,0.0,0.0,,,,357.0,,,PS,25916.0
441593,Orleans Niagara BOCES-Practical Nursing Program,Lockport,NY,1,1,31.0,0.0,0.0,0.0,0.0,0.0,0.0,0.0,0.0,0.0,,,,30.0,,,13198,
441609,Yeshiva Shaarei Torah of Rockland,Suffern,NY,2,2,21.0,0.0,0.0,0.0,0.0,0.0,0.0,0.0,1.0,0.0,80.0,0.3667,,152.0,13000.0,13000.0,PS,89548.0
441618,Leon Studio One School of Beauty Knowledge,Williamsville,NY,1,3,21.0,0.0,0.0,0.0,0.0,0.0,0.0,0.0,0.0,0.0,,,,22.0,,,PS,26249.0
441636,American Institute of Alternative Medicine,Columbus,OH,1,3,11.0,0.0,0.0,0.0,0.0,0.0,0.0,0.0,0.0,0.0,,0.7829,,231.0,22947.0,22947.0,9500,40805.0
441645,Brown Aveda Institute-Mentor,Mentor,OH,1,3,21.0,0.0,0.0,0.0,0.0,0.0,0.0,0.0,0.0,0.0,,,,115.0,,,7267,27446.0
441663,Institute of Technology,Salem,OR,1,3,21.0,0.0,0.0,0.0,0.0,0.0,0.0,0.0,0.0,0.0,,,,267.0,,,9500,37507.0
441672,Susquehanna County Career and Technology Center,Springville,PA,1,1,42.0,0.0,0.0,0.0,0.0,0.0,0.0,0.0,0.0,0.0,,,,23.0,,,PS,
441690,Universidad Pentecostal Mizpa,Rio Piedras,PR,2,2,11.0,0.0,0.0,0.0,0.0,0.0,1.0,0.0,0.0,0.0,99.0,,,137.0,4560.0,4560.0,PS,21410.0
441706,Caribbean Forensic and Technical College,San Juan,PR,1,3,11.0,0.0,0.0,0.0,0.0,0.0,0.0,0.0,0.0,0.0,,,,381.0,8700.0,8700.0,PS,20691.0
441742,Concorde Career College-Grand Prairie,Grand Prairie,TX,1,3,21.0,0.0,0.0,0.0,0.0,0.0,0.0,0.0,0.0,0.0,,1.0,,268.0,,,9500,40648.0
441760,Lamar Institute of Technology,Beaumont,TX,1,1,12.0,0.0,0.0,0.0,0.0,0.0,1.0,0.0,0.0,0.0,,,,3055.0,2844.0,12924.0,13076,38991.0
441788,Aviation Institute of Maintenance-Dallas,Irving,TX,1,3,11.0,0.0,0.0,0.0,0.0,0.0,0.0,0.0,0.0,0.0,,,,495.0,16757.0,16757.0,32229,42375.0
441830,Healing Mountain Massage School,Salt Lake City,UT,1,3,12.0,0.0,0.0,0.0,0.0,0.0,0.0,0.0,0.0,0.0,,,,43.0,,,8217,22160.0
441858,Eastern Virginia Career College,Fredericksburg,VA,1,3,22.0,0.0,0.0,0.0,0.0,0.0,0.0,0.0,0.0,0.0,,0.9596,,177.0,,,10500,37304.0
441876,Rudy & Kelly Academy A Paul Mitchell Partner School,Virginia Beach,VA,1,3,11.0,0.0,0.0,0.0,0.0,0.0,0.0,0.0,0.0,0.0,,,,155.0,,,12500,24176.0
441900,Nevada State University,Henderson,NV,3,1,41.0,0.0,0.0,0.0,0.0,1.0,1.0,0.0,0.0,0.0,,0.8682,,3762.0,6765.0,21833.0,19691,53166.0
441937,California State University-Channel Islands,Camarillo,CA,3,1,41.0,0.0,0.0,0.0,0.0,0.0,1.0,0.0,0.0,0.0,,0.9481,,5013.0,7159.0,19759.0,15000,62152.0
441982,Franklin W Olin College of Engineering,Needham,MA,3,2,21.0,0.0,0.0,0.0,0.0,0.0,0.0,0.0,0.0,0.0,,0.252,1520.0,377.0,66398.0,66398.0,19500,129455.0
442064,Won Institute of Graduate Studies,Warminster,PA,4,2,21.0,0.0,0.0,0.0,0.0,0.0,0.0,0.0,0.0,0.0,,,,,,,PS,
442073,Lincoln Technical Institute-Paramus,Paramus,NJ,1,3,21.0,0.0,0.0,0.0,0.0,0.0,0.0,0.0,0.0,0.0,,,,495.0,,,10521,31914.0
442134,Pima Medical Institute-Colorado Springs,Colorado Springs,CO,1,3,11.0,0.0,0.0,0.0,0.0,0.0,0.0,0.0,0.0,0.0,,,,305.0,,,9500,38673.0
442240,Paul Mitchell the School-Costa Mesa,Costa Mesa,CA,1,3,12.0,0.0,0.0,0.0,0.0,0.0,0.0,0.0,0.0,0.0,,,,395.0,,,13000,26897.0
442295,Ave Maria School of Law,Naples,FL,4,2,21.0,0.0,0.0,0.0,0.0,0.0,0.0,0.0,0.0,0.0,30.0,,,,,,PS,
442329,Tulsa Welding School-Jacksonville,Jacksonville,FL,1,3,11.0,0.0,0.0,0.0,0.0,0.0,0.0,0.0,0.0,0.0,,,,968.0,,,9500,41067.0
442356,Saint Joseph's University - Lancaster,Lancaster,PA,2,2,41.0,0.0,0.0,0.0,0.0,0.0,0.0,0.0,0.0,0.0,30.0,0.4121,,1280.0,32933.0,32933.0,25500,86881.0
442383,West Virginia Junior College-Bridgeport,Bridgeport,WV,2,3,32.0,0.0,0.0,0.0,0.0,0.0,0.0,0.0,0.0,0.0,,,,146.0,14798.0,14798.0,8270,27472.0
442426,St Louis College of Health Careers-Fenton,Fenton,MO,2,3,21.0,0.0,0.0,0.0,0.0,0.0,0.0,0.0,0.0,0.0,,0.8,,399.0,,,11750,32217.0
442435,Interactive College of Technology-Gainesville,Gainesville,GA,1,3,13.0,0.0,0.0,0.0,0.0,0.0,0.0,0.0,0.0,0.0,,,,50.0,11210.0,11210.0,10555,27065.0
442444,San Joaquin Valley College-Ontario,Ontario,CA,1,3,12.0,0.0,0.0,0.0,0.0,0.0,0.0,0.0,0.0,0.0,,,,895.0,,,10674,38317.0
442523,Alaska Christian College,Soldotna,AK,2,2,41.0,0.0,0.0,1.0,0.0,0.0,0.0,0.0,0.0,0.0,37.0,0.925,,44.0,9660.0,9660.0,PS,25787.0
442569,University of Arkansas Grantham,LIttle Rock,AR,3,1,12.0,0.0,0.0,0.0,0.0,0.0,0.0,0.0,0.0,0.0,,,,2833.0,8520.0,8520.0,21956,63496.0
442602,Carrington College-Albuquerque,Albuquerque,NM,1,3,11.0,0.0,0.0,0.0,0.0,0.0,0.0,0.0,0.0,0.0,,,,357.0,,,9500,36718.0
442611,Universal Technical Institute-Mooresville,Mooresville,NC,2,3,13.0,0.0,0.0,0.0,0.0,0.0,0.0,0.0,0.0,0.0,,,,1345.0,,,13124,52873.0
442639,University of the Potomac-VA Campus,FALLS CHURCH,VA,3,3,21.0,0.0,0.0,0.0,0.0,0.0,0.0,0.0,0.0,0.0,,,,157.0,6660.0,6660.0,8769,34961.0
442657,Milan Institute-Palm Desert,Palm Desert,CA,1,3,13.0,0.0,0.0,0.0,0.0,0.0,0.0,0.0,0.0,0.0,,,,356.0,,,7702,29491.0
442781,Tohono O'odham Community College,Sells,AZ,2,1,43.0,0.0,0.0,0.0,1.0,0.0,0.0,0.0,0.0,0.0,,,,998.0,932.0,932.0,PS,39229.0
442806,Edward Via College of Osteopathic Medicine,Blacksburg,VA,4,2,13.0,0.0,0.0,0.0,0.0,0.0,0.0,0.0,0.0,0.0,,,,,,,PS,
442842,Pacific College of Health and Science,Chicago,IL,1,3,11.0,0.0,0.0,0.0,0.0,0.0,0.0,0.0,0.0,0.0,,,,2.0,7508.0,7508.0,12271,26209.0
442879,Southwest Institute of Healing Arts,Tempe,AZ,1,3,12.0,0.0,0.0,0.0,0.0,0.0,0.0,0.0,0.0,0.0,,,,534.0,,,9500,29544.0
442888,InterCoast Colleges-Riverside,Riverside,CA,1,3,21.0,0.0,0.0,0.0,0.0,0.0,0.0,0.0,0.0,0.0,,,,65.0,,,10313,36089.0
442976,Brighton Center's Center for Employment Training,Newport,KY,1,2,21.0,0.0,0.0,0.0,0.0,0.0,0.0,0.0,0.0,0.0,,,,53.0,,,PS,24540.0
442985,California Healing Arts College,Carson,CA,1,3,13.0,0.0,0.0,0.0,0.0,0.0,0.0,0.0,0.0,0.0,,,,243.0,,,9476,25151.0
443021,Dallas Barber & Stylist College,Dallas,TX,1,3,11.0,0.0,0.0,0.0,0.0,0.0,0.0,0.0,0.0,0.0,,,,8.0,,,PS,20142.0
443030,Endeavor Health School of Nurse Anesthesia-DePaul University,Evanston,IL,4,2,13.0,0.0,0.0,0.0,0.0,0.0,0.0,0.0,0.0,0.0,,,,,,,,
443049,Faith International University,Tacoma,WA,3,2,12.0,0.0,0.0,0.0,0.0,0.0,0.0,0.0,0.0,0.0,79.0,,,276.0,8850.0,8850.0,17650,51006.0
443058,Family of Faith Christian University,Shawnee,OK,3,2,42.0,0.0,0.0,0.0,0.0,0.0,0.0,0.0,0.0,0.0,88.0,0.76,,82.0,9600.0,9600.0,PS,
443076,Hood Theological Seminary,Salisbury,NC,4,2,21.0,0.0,0.0,0.0,0.0,0.0,0.0,0.0,0.0,0.0,24.0,,,,,,PS,
443100,Colegio Educativo Tecnologico Industrial Inc,Arecibo,PR,1,2,13.0,0.0,0.0,0.0,0.0,0.0,0.0,0.0,0.0,0.0,,,,76.0,,,PS,19432.0
443137,Irene's Myomassology Institute,Southfield,MI,1,3,13.0,0.0,0.0,0.0,0.0,0.0,0.0,0.0,0.0,0.0,,,,285.0,,,7389,26551.0
443146,Jay's Technical Institute,Houston,TX,1,3,11.0,0.0,0.0,0.0,0.0,0.0,0.0,0.0,0.0,0.0,,,,79.0,,,11000,15511.0
443216,P C Age-Jersey City,Jersey City,NJ,1,3,11.0,0.0,0.0,0.0,0.0,0.0,0.0,0.0,0.0,0.0,,,,106.0,,,12966,54323.0
443225,PC AGE-Metropark,Iselin,NJ,1,3,21.0,0.0,0.0,0.0,0.0,0.0,0.0,0.0,0.0,0.0,,,,46.0,,,12966,54323.0
443234,Hollywood Institute,Margate,FL,1,3,21.0,0.0,0.0,0.0,0.0,0.0,0.0,0.0,0.0,0.0,,,,215.0,,,6038,22285.0
443252,South Florida Institute of Technology,Miami,FL,1,3,11.0,0.0,0.0,0.0,0.0,0.0,0.0,0.0,0.0,0.0,,,,9747.0,,,9500,28570.0
443261,Southeastern College-Charleston,North Charleston,SC,1,3,12.0,0.0,0.0,0.0,0.0,0.0,0.0,0.0,0.0,0.0,,0.9808,,225.0,25080.0,25080.0,9500,30737.0
443289,TIGI Hairdressing Academy Legacy,Colorado Springs,CO,1,3,11.0,0.0,0.0,0.0,0.0,0.0,0.0,0.0,0.0,0.0,,,,72.0,,,11008,22480.0
443298,Trend Barber College,Houston,TX,1,3,11.0,0.0,0.0,0.0,0.0,0.0,0.0,0.0,0.0,0.0,,,,30.0,,,12794,16575.0
443322,Valley Grande Institute for Academic Studies,Weslaco,TX,1,2,21.0,0.0,0.0,0.0,0.0,0.0,0.0,0.0,0.0,0.0,,,,84.0,,,9500,33472.0
443331,West Coast University-Texas,Richardson,TX,3,3,11.0,0.0,0.0,0.0,0.0,0.0,0.0,0.0,0.0,0.0,,,,2673.0,36854.0,36854.0,32946,102672.0
443340,Williamson Christian College,Franklin,TN,3,2,13.0,0.0,0.0,0.0,0.0,0.0,0.0,0.0,0.0,0.0,42.0,,,41.0,16090.0,16090.0,PS,37474.0
443410,DigiPen Institute of Technology,Redmond,WA,3,3,13.0,0.0,0.0,0.0,0.0,0.0,0.0,0.0,0.0,0.0,,0.6442,1297.0,995.0,38950.0,38950.0,27000,79878.0
443492,Pierpont Community and Technical College,Fairmont,WV,2,1,32.0,0.0,0.0,0.0,0.0,0.0,0.0,0.0,0.0,0.0,,,,959.0,5762.0,13660.0,12110,35132.0
443562,Dewey University-Hato Rey,Hato Rey,PR,3,2,11.0,0.0,0.0,0.0,0.0,0.0,1.0,0.0,0.0,0.0,,,,244.0,8180.0,8180.0,5185,19761.0
443571,InterCoast Colleges-West Covina,West Covina,CA,1,3,21.0,0.0,0.0,0.0,0.0,0.0,0.0,0.0,0.0,0.0,,,,535.0,,,10313,36089.0
443599,American College of Healthcare Sciences,Portland,OR,1,3,11.0,0.0,0.0,0.0,0.0,0.0,0.0,0.0,0.0,0.0,,0.5349,,759.0,13040.0,13040.0,13523,
443632,Colorado Media School,Denver,CO,1,3,11.0,0.0,0.0,0.0,0.0,0.0,0.0,0.0,0.0,0.0,,,,38.0,,,9500,37423.0
443641,Paul Mitchell the School-Rhode Island,Cranston,RI,1,3,21.0,0.0,0.0,0.0,0.0,0.0,0.0,0.0,0.0,0.0,,,,181.0,,,13000,26897.0
443650,Miller-Motte College-Chattanooga,Chattanooga,TN,2,3,12.0,0.0,0.0,0.0,0.0,0.0,0.0,0.0,0.0,0.0,,,,4462.0,,,15917,31102.0
443669,Milan Institute-Sparks,Sparks,NV,1,3,21.0,0.0,0.0,0.0,0.0,0.0,0.0,0.0,0.0,0.0,,,,171.0,,,8124,32493.0
443696,Interactive College of Technology,Houston,TX,1,3,11.0,0.0,0.0,0.0,0.0,0.0,0.0,0.0,0.0,0.0,,,,55.0,10970.0,10970.0,5353,27182.0
443702,Bexley Hall Seabury Western Theological Seminary Federation Inc.,Chicago,IL,4,2,11.0,0.0,0.0,0.0,0.0,0.0,0.0,0.0,0.0,0.0,73.0,,,,,,PS,
443766,Strayer University-Tennessee,Nashville,TN,3,3,11.0,0.0,0.0,0.0,0.0,0.0,0.0,0.0,0.0,0.0,,,,1784.0,13920.0,13920.0,40621,40092.0
443784,Strayer University-Pennsylvania,Philadelphia,PA,3,3,21.0,0.0,0.0,0.0,0.0,0.0,0.0,0.0,0.0,0.0,,,,1226.0,13920.0,13920.0,40621,40092.0
443951,Charlie's Guard-Detective Bureau and Academy Inc,Aguadilla,PR,1,3,22.0,0.0,0.0,0.0,0.0,0.0,0.0,0.0,0.0,0.0,,,,57.0,,,PS,21241.0
443979,PCI Academy-Plymouth,Plymouth,MN,1,3,13.0,0.0,0.0,0.0,0.0,0.0,0.0,0.0,0.0,0.0,,,,165.0,,,5828,31330.0
444051,Creative Images Institute of Cosmetology-South Dayton,Dayton,OH,1,3,21.0,0.0,0.0,0.0,0.0,0.0,0.0,0.0,0.0,0.0,,,,69.0,,,9731,22271.0
444088,Brookline College-Albuquerque,Albuquerque,NM,3,3,11.0,0.0,0.0,0.0,0.0,0.0,0.0,0.0,0.0,0.0,,,,542.0,,,9500,29576.0
444103,Byzantine Catholic Seminary of Saints Cyril and Methodius,Pittsburgh,PA,4,2,11.0,0.0,0.0,0.0,0.0,0.0,0.0,0.0,0.0,0.0,99.0,,,,,,,
444130,Northcentral University,San Diego,CA,3,2,11.0,0.0,0.0,0.0,0.0,0.0,0.0,0.0,0.0,0.0,,,,60.0,,,12500,48414.0
444194,Bayamon Community College,Bayamon,PR,1,3,12.0,0.0,0.0,0.0,0.0,0.0,0.0,0.0,0.0,0.0,,,,130.0,8695.0,8695.0,PS,18580.0
444219,Folsom Lake College,Folsom,CA,2,1,13.0,0.0,0.0,0.0,0.0,1.0,0.0,0.0,0.0,0.0,,,,9414.0,1288.0,12616.0,PS,42568.0
444228,LeGrand Institute of Cosmetology Inc,Camden,SC,1,3,31.0,0.0,0.0,0.0,0.0,0.0,0.0,0.0,0.0,0.0,,,,33.0,,,PS,22831.0
444282,Empire Beauty School-Midlothian,Midlothian,VA,1,3,21.0,0.0,0.0,0.0,0.0,0.0,0.0,0.0,0.0,0.0,,,,125.0,,,10667,23921.0
444291,Empire Beauty School-Owings Mills,Owings Mills,MD,1,3,21.0,0.0,0.0,0.0,0.0,0.0,0.0,0.0,0.0,0.0,,,,121.0,,,13000,25073.0
444307,Empire Beauty School-West Mifflin,West Mifflin,PA,1,3,21.0,0.0,0.0,0.0,0.0,0.0,0.0,0.0,0.0,0.0,,,,82.0,,,13000,25073.0
444325,ATI College-Whittier,Whitter,CA,1,3,21.0,0.0,0.0,0.0,0.0,0.0,0.0,0.0,0.0,0.0,,,,149.0,,,28428,38938.0
444334,Advance Science International College,Miami Lakes,FL,2,3,21.0,0.0,0.0,0.0,0.0,0.0,0.0,0.0,0.0,0.0,,,,0.0,,,PS,24047.0
444361,ATA College,El Cajon,CA,1,3,21.0,0.0,0.0,0.0,0.0,0.0,0.0,0.0,0.0,0.0,,,,80.0,,,5500,35017.0
444370,American Advanced Technicians Institute,Hialeah,FL,1,3,21.0,0.0,0.0,0.0,0.0,0.0,0.0,0.0,0.0,0.0,,,,23.0,,,PS,39494.0
444398,Baptist University of the Americas,San Antonio,TX,3,2,11.0,0.0,0.0,0.0,0.0,0.0,0.0,0.0,0.0,0.0,54.0,,,99.0,9180.0,9180.0,PS,37709.0
444404,The Beauty Institute,West  Palm Beach,FL,1,3,21.0,0.0,0.0,0.0,0.0,0.0,0.0,0.0,0.0,0.0,,,,18.0,,,PS,23023.0
444413,Beis Medrash Heichal Dovid,Far Rockaway,NY,3,2,11.0,0.0,0.0,0.0,0.0,0.0,0.0,0.0,1.0,0.0,80.0,0.7895,,206.0,10480.0,10480.0,PS,
444440,Blue Cliff Career College,Mobile,AL,1,3,12.0,0.0,0.0,0.0,0.0,0.0,0.0,0.0,0.0,0.0,,,,107.0,,,7917,21365.0
444468,Lawrenceburg Technical College,Lawrenceburg,TN,1,3,32.0,0.0,0.0,0.0,0.0,0.0,0.0,0.0,0.0,0.0,,,,128.0,,,PS,25089.0
444486,Paul Mitchell the School-Charlotte,Charlotte,NC,1,3,11.0,0.0,0.0,0.0,0.0,0.0,0.0,0.0,0.0,0.0,,,,97.0,,,12874,23966.0
444510,CES College,Burbank,CA,1,2,12.0,0.0,0.0,0.0,0.0,0.0,0.0,0.0,0.0,0.0,,0.68,,118.0,,,16821,22916.0
444529,Stellar Career College,Modesto,CA,1,3,21.0,0.0,0.0,0.0,0.0,0.0,0.0,0.0,0.0,0.0,,,,46.0,,,4834,30337.0
444556,Auguste Escoffier School of Culinary Arts-Austin,Austin,TX,2,3,11.0,0.0,0.0,0.0,0.0,0.0,0.0,0.0,0.0,0.0,,,,305.0,,,16000,36330.0
444565,Culinary Institute Inc,Houston,TX,2,3,11.0,0.0,0.0,0.0,0.0,0.0,0.0,0.0,0.0,0.0,,,,313.0,18827.0,18827.0,16004,32195.0
444583,Escuela Hotelera de San Juan,Hato Rey,PR,1,3,11.0,0.0,0.0,0.0,0.0,0.0,0.0,0.0,0.0,0.0,,,,397.0,15462.0,15462.0,3500,20854.0
444635,Orion Institute,Perrysburg,OH,1,3,21.0,0.0,0.0,0.0,0.0,0.0,0.0,0.0,0.0,0.0,,,,44.0,,,7885,25847.0
444671,Industrial Technical College,Humacao,PR,1,3,21.0,0.0,0.0,0.0,0.0,0.0,0.0,0.0,0.0,0.0,,,,109.0,8400.0,8400.0,PS,17162.0
444699,Institute of Clinical Acupuncture & Oriental Medicine,Honolulu,HI,4,3,11.0,0.0,0.0,0.0,0.0,0.0,0.0,0.0,0.0,0.0,,,,,,,PS,
444714,Gwinnett College-Marietta Campus,Marietta,GA,1,3,13.0,0.0,0.0,0.0,0.0,0.0,0.0,0.0,0.0,0.0,,,,205.0,,,12498,25373.0
444732,Leston College,Bayamon,PR,1,3,12.0,0.0,0.0,0.0,0.0,0.0,0.0,0.0,0.0,0.0,,,,49.0,,,PS,16002.0
444778,Charlotte Christian College and Theological Seminary,Charlotte,NC,2,2,11.0,0.0,0.0,0.0,0.0,0.0,0.0,0.0,0.0,0.0,,,,24.0,12858.0,12858.0,18000,33696.0
444787,Nightingale College,Salt Lake City,UT,3,3,12.0,0.0,0.0,0.0,0.0,0.0,0.0,0.0,0.0,0.0,,,,5986.0,,,25250,27126.0
444811,PITC Institute,Wyncote,PA,2,3,21.0,0.0,0.0,0.0,0.0,0.0,0.0,0.0,0.0,0.0,,,,282.0,,,16722,58389.0
444857,Skinworks School of Advanced Skincare,Salt Lake City,UT,1,3,21.0,0.0,0.0,0.0,0.0,0.0,0.0,0.0,0.0,0.0,,,,117.0,,,6333,35562.0
444866,Southeastern College-Columbia,Columbia,SC,1,3,21.0,0.0,0.0,0.0,0.0,0.0,0.0,0.0,0.0,0.0,,0.9732,,267.0,25080.0,25080.0,9500,31156.0
444936,Turning Point Beauty College,Chandler,AZ,1,3,41.0,0.0,0.0,0.0,0.0,0.0,0.0,0.0,0.0,0.0,,,,106.0,,,6000,17556.0
444945,Unitech Training Academy-Lafayette,Lafayette,LA,1,3,12.0,0.0,0.0,0.0,0.0,0.0,0.0,0.0,0.0,0.0,,,,229.0,,,8721,24707.0
444954,Mountwest Community and Technical College,Huntington,WV,2,1,22.0,0.0,0.0,0.0,0.0,0.0,0.0,0.0,0.0,0.0,,,,1160.0,4938.0,12304.0,7446,28951.0
445027,American InterContinental University System,Chandler,AZ,3,3,11.0,0.0,0.0,0.0,0.0,0.0,0.0,0.0,0.0,0.0,,,,7111.0,12397.0,12397.0,31000,36144.0
445054,Toyota Technological Institute at Chicago,Chicago,IL,4,2,11.0,0.0,0.0,0.0,0.0,0.0,0.0,0.0,0.0,0.0,,,,,,,,
445133,American InterContinental University-Houston,Houston,TX,3,3,11.0,0.0,0.0,0.0,0.0,0.0,0.0,0.0,0.0,0.0,,,,94.0,14829.0,14829.0,31000,36144.0
445188,University of California-Merced,Merced,CA,3,1,22.0,0.0,0.0,0.0,0.0,1.0,1.0,0.0,0.0,0.0,,0.9053,,8372.0,15623.0,49823.0,16144,64368.0
445212,Paul Mitchell the School-Orlando,Oviedo,FL,1,3,21.0,0.0,0.0,0.0,0.0,0.0,0.0,0.0,0.0,0.0,,,,174.0,,,13000,26897.0
445230,Pima Medical Institute-Las Vegas,Las Vegas,NV,1,3,12.0,0.0,0.0,0.0,0.0,0.0,0.0,0.0,0.0,0.0,,,,678.0,,,9500,38673.0
445249,Remington College-Nashville Campus,Nashville,TN,1,2,11.0,0.0,0.0,0.0,0.0,0.0,0.0,0.0,0.0,0.0,,,,280.0,16258.0,16258.0,13271,31349.0
445267,Central Methodist University-College of Graduate and Extended Studies,Fayette,MO,3,2,42.0,0.0,0.0,0.0,0.0,0.0,0.0,0.0,0.0,0.0,71.0,0.8753,1120.0,2092.0,7440.0,7440.0,17619,48991.0
445364,North-West College-Riverside,Riverside,CA,1,3,11.0,0.0,0.0,0.0,0.0,0.0,0.0,0.0,0.0,0.0,,,,717.0,,,9500,39876.0
445498,Colegio Tecnico de Electricidad Galloza,Aguada,PR,1,3,22.0,0.0,0.0,0.0,0.0,0.0,0.0,0.0,0.0,0.0,,,,7.0,,,PS,22859.0
445540,Arthur's Beauty College,Conway,AR,1,3,13.0,0.0,0.0,0.0,0.0,0.0,0.0,0.0,0.0,0.0,,,,66.0,,,9833,21954.0
445647,Spa Tech Institute-Westboro,Westborough,MA,1,3,21.0,0.0,0.0,0.0,0.0,0.0,0.0,0.0,0.0,0.0,,,,182.0,,,6333,27803.0
445656,Spa Tech Institute-Plymouth,Plymouth,MA,1,3,21.0,0.0,0.0,0.0,0.0,0.0,0.0,0.0,0.0,0.0,,,,233.0,,,6333,27803.0
445692,Neumont College of Computer Science,Salt Lake City,UT,3,3,12.0,0.0,0.0,0.0,0.0,0.0,0.0,0.0,0.0,0.0,,0.8678,1093.0,453.0,27360.0,27360.0,,97827.0
445708,Johnson & Wales University-Charlotte,Charlotte,NC,2,2,11.0,0.0,1.0,0.0,0.0,0.0,0.0,0.0,0.0,0.0,,0.7988,1007.0,1184.0,42419.0,42419.0,26000,43418.0
445735,Roseman University of Health Sciences,Henderson,NV,3,2,11.0,0.0,0.0,0.0,0.0,0.0,0.0,0.0,0.0,0.0,,,,536.0,,,25000,120163.0
445744,Fortis Institute-Port Saint Lucie,Port Saint Lucie,FL,1,3,12.0,0.0,0.0,0.0,0.0,0.0,0.0,0.0,0.0,0.0,,,,546.0,14839.0,14839.0,12346,32886.0
445762,Aviation Institute of Maintenance-Manassas,Manassas,VA,1,3,21.0,0.0,0.0,0.0,0.0,0.0,0.0,0.0,0.0,0.0,,,,272.0,16757.0,16757.0,31959,46441.0
445780,Cosmetology School of Arts & Sciences,Burley,ID,1,3,32.0,0.0,0.0,0.0,0.0,0.0,0.0,0.0,0.0,0.0,,,,40.0,,,10556,19120.0
445799,Universal Technical Institute of Pennsylvania Inc,Exton,PA,1,3,21.0,0.0,0.0,0.0,0.0,0.0,0.0,0.0,0.0,0.0,,,,954.0,,,14267,51222.0
445841,Kenneth Shuler School of Cosmetology-Spartanburg,Spartanburg,SC,1,3,13.0,0.0,0.0,0.0,0.0,0.0,0.0,0.0,0.0,0.0,,,,113.0,,,5858,25088.0
445869,Divine Mercy University,Sterling,VA,4,2,21.0,0.0,0.0,0.0,0.0,0.0,0.0,0.0,0.0,0.0,30.0,,,,,,,
445911,Lincoln Technical Institute-Shelton,Shelton,CT,1,3,13.0,0.0,0.0,0.0,0.0,0.0,0.0,0.0,0.0,0.0,,,,875.0,,,11250,38683.0
445948,Northwest Career College,Las Vegas,NV,1,3,11.0,0.0,0.0,0.0,0.0,0.0,0.0,0.0,0.0,0.0,,,,2937.0,,,9500,27530.0
445957,Soma Institute-The National School of Clinical Massage Therapy,Chicago,IL,1,3,11.0,0.0,0.0,0.0,0.0,0.0,0.0,0.0,0.0,0.0,,,,233.0,,,7916,32349.0
446002,American Academy of Health and Wellness,Roseville,MN,4,3,21.0,0.0,0.0,0.0,0.0,0.0,0.0,0.0,0.0,0.0,,,,,,,PS,
446039,Arizona School of Acupuncture and Oriental Medicine,Tucson,AZ,4,3,11.0,0.0,0.0,0.0,0.0,0.0,0.0,0.0,0.0,0.0,,,,,,,PS,
446048,Ave Maria University,Ave Maria,FL,3,2,42.0,0.0,0.0,0.0,0.0,0.0,0.0,0.0,0.0,0.0,30.0,0.4139,,1298.0,30198.0,30198.0,20776,49520.0
446084,CALC Institute of Technology,Alton,IL,1,3,23.0,0.0,0.0,0.0,0.0,0.0,0.0,0.0,0.0,0.0,,,,83.0,,,9500,32088.0
446093,Sutter County Career Training Center,Yuba City,CA,1,1,13.0,0.0,0.0,0.0,0.0,0.0,0.0,0.0,0.0,0.0,,,,54.0,,,9500,34846.0
446109,Cambridge College of Healthcare & Technology,Altamonte Springs,FL,1,3,21.0,0.0,0.0,0.0,0.0,0.0,0.0,0.0,0.0,0.0,,,,381.0,18168.0,18168.0,14656,28190.0
446118,Career Care Institute,Lancaster,CA,1,3,21.0,0.0,0.0,0.0,0.0,0.0,0.0,0.0,0.0,0.0,,,,620.0,,,16625,39888.0
446127,ATA Career Education,Spring Hill,FL,1,3,22.0,0.0,0.0,0.0,0.0,0.0,0.0,0.0,0.0,0.0,,,,201.0,14895.0,14895.0,21030,34577.0
446163,Community Christian College,Quartzsite,AZ,2,2,13.0,0.0,0.0,0.0,0.0,0.0,0.0,0.0,0.0,0.0,,,,424.0,9675.0,9675.0,PS,39217.0
446206,Culpeper Cosmetology Training Center,Culpeper,VA,1,1,32.0,0.0,0.0,0.0,0.0,0.0,0.0,0.0,0.0,0.0,,,,34.0,,,PS,
446224,Eastern School of Acupuncture and Traditional Medicine,Bloomfield,NJ,1,3,21.0,0.0,0.0,0.0,0.0,0.0,0.0,0.0,0.0,0.0,,,,2.0,,,PS,48962.0
446233,Ecclesia College,Springdale,AR,3,2,41.0,0.0,0.0,0.0,0.0,0.0,0.0,0.0,0.0,0.0,42.0,0.7381,,108.0,16850.0,16850.0,13019,40650.0
446242,Employment Solutions-College for Technical Education,Lexington,KY,1,2,11.0,0.0,0.0,0.0,0.0,0.0,0.0,0.0,0.0,0.0,,,,203.0,,,11600,20156.0
446251,Estelle Medical Academy,Skokie,IL,1,3,13.0,0.0,0.0,0.0,0.0,0.0,0.0,0.0,0.0,0.0,,,,66.0,9180.0,9180.0,5657,24290.0
446260,Evergreen Beauty and Barber College-Everett,Everett,WA,1,3,12.0,0.0,0.0,0.0,0.0,0.0,0.0,0.0,0.0,0.0,,,,1172.0,,,7917,26872.0
446288,Paul Mitchell the School-Great Lakes,Port Huron,MI,1,3,23.0,0.0,0.0,0.0,0.0,0.0,0.0,0.0,0.0,0.0,,,,75.0,,,9667,16715.0
446303,Healthcare Training Institute,Union,NJ,1,3,21.0,0.0,0.0,0.0,0.0,0.0,0.0,0.0,0.0,0.0,,0.4167,,48.0,,,8717,37571.0
446349,John D Rockefeller IV Career Center,New Cumberland,WV,1,1,41.0,0.0,0.0,0.0,0.0,0.0,0.0,0.0,0.0,0.0,,,,20.0,10140.0,10140.0,PS,43264.0
446385,Los Angeles College of Music,Pasadena,CA,3,3,12.0,0.0,0.0,0.0,0.0,0.0,0.0,0.0,0.0,0.0,,0.8771,,227.0,30540.0,30540.0,27938,31758.0
446516,Rosslyn Training Academy of Cosmetology,Aguada,PR,1,3,22.0,0.0,0.0,0.0,0.0,0.0,0.0,0.0,0.0,0.0,,,,21.0,7277.0,7277.0,PS,11998.0
446525,SAE Institute of Technology-Nashville,Nashville,TN,1,3,11.0,0.0,0.0,0.0,0.0,0.0,0.0,0.0,0.0,0.0,,,,1712.0,17514.0,17514.0,9500,39544.0
446552,Southern Technical College,Orlando,FL,1,3,21.0,0.0,0.0,0.0,0.0,0.0,0.0,0.0,0.0,0.0,,,,1875.0,,,11250,29893.0
446561,Stanbridge University,Irvine,CA,3,3,11.0,0.0,0.0,0.0,0.0,0.0,0.0,0.0,0.0,0.0,,0.1,,2643.0,,,20000,62144.0
446598,Universal College of Healing Arts,Omaha,NE,1,3,11.0,0.0,0.0,0.0,0.0,0.0,0.0,0.0,0.0,0.0,,,,26.0,11822.0,11822.0,14768,28865.0
446604,Uta Mesivta of Kiryas Joel,Monroe,NY,3,2,13.0,0.0,0.0,0.0,0.0,0.0,0.0,0.0,1.0,0.0,80.0,,,2957.0,16000.0,16000.0,PS,31853.0
446640,Harrisburg University of Science and Technology,Harrisburg,PA,3,2,13.0,0.0,0.0,0.0,0.0,0.0,0.0,0.0,0.0,0.0,,0.8735,,615.0,24400.0,24400.0,27000,52374.0
446774,Blue Ridge Community and Technical College,Martinsburg,WV,2,1,41.0,0.0,0.0,0.0,0.0,0.0,0.0,0.0,0.0,0.0,,,,1661.0,4752.0,8808.0,13000,39293.0
447014,Daytona College,Ormond Beach,FL,1,3,13.0,0.0,0.0,0.0,0.0,0.0,0.0,0.0,0.0,0.0,,,,191.0,,,7403,26422.0
447023,Delta Technical College-Mississippi,Horn Lake,MS,1,3,21.0,0.0,0.0,0.0,0.0,0.0,0.0,0.0,0.0,0.0,,,,2307.0,,,9500,33601.0
447050,United States University,Sandy Springs,CA,3,3,11.0,0.0,0.0,0.0,0.0,0.0,0.0,0.0,0.0,0.0,,,,153.0,6780.0,6780.0,15244,80980.0
447148,Empire Beauty School-Avondale,Avondale,AZ,1,3,21.0,0.0,0.0,0.0,0.0,0.0,0.0,0.0,0.0,0.0,,,,236.0,,,10231,23589.0
447166,Empire Beauty School-Littleton,Littleton,CO,1,3,21.0,0.0,0.0,0.0,0.0,0.0,0.0,0.0,0.0,0.0,,,,48.0,,,10667,24022.0
447175,Empire Beauty School-Aurora,Aurora,CO,1,3,11.0,0.0,0.0,0.0,0.0,0.0,0.0,0.0,0.0,0.0,,,,70.0,,,10667,24022.0
447263,Joyce University of Nursing and Health Sciences,Draper,UT,2,3,21.0,0.0,0.0,0.0,0.0,0.0,0.0,0.0,0.0,0.0,,0.6188,,2058.0,21680.0,21680.0,20000,49841.0
447351,San Joaquin Valley College-Modesto,Salida,CA,1,3,21.0,0.0,0.0,0.0,0.0,0.0,0.0,0.0,0.0,0.0,,,,598.0,,,10674,38317.0
447421,Eagle Gate College-Layton,Layton,UT,3,3,21.0,0.0,0.0,0.0,0.0,0.0,0.0,0.0,0.0,0.0,,,,226.0,,,43021,37518.0
447449,Academy Of Hair Design,Jasper,TX,1,3,33.0,0.0,0.0,0.0,0.0,0.0,0.0,0.0,0.0,0.0,,,,52.0,,,11125,20892.0
447467,Unitech Training Academy-West Monroe,West Monroe,LA,1,3,22.0,0.0,0.0,0.0,0.0,0.0,0.0,0.0,0.0,0.0,,,,81.0,,,8721,24707.0
447582,New River Community and Technical College,Beaver,WV,2,1,41.0,0.0,0.0,0.0,0.0,0.0,0.0,0.0,0.0,0.0,,,,770.0,5156.0,9646.0,7250,29073.0
447591,The College of Health Care Professions-Southwest Houston,Houston,TX,1,3,11.0,0.0,0.0,0.0,0.0,0.0,0.0,0.0,0.0,0.0,,,,681.0,,,9500,33070.0
447607,UEI College-Chula Vista,Chula Vista,CA,1,3,11.0,0.0,0.0,0.0,0.0,0.0,0.0,0.0,0.0,0.0,,,,1373.0,,,9500,31141.0
447616,UEI College-West Covina,West Covina,CA,1,3,21.0,0.0,0.0,0.0,0.0,0.0,0.0,0.0,0.0,0.0,,,,978.0,,,9500,31141.0
447689,Georgia Gwinnett College,Lawrenceville,GA,3,1,21.0,0.0,0.0,0.0,0.0,1.0,1.0,0.0,0.0,0.0,,0.955,,11344.0,4532.0,13844.0,20076,47730.0
447698,Phoenix Institute of Herbal Medicine & Acupuncture,Phoenix,AZ,4,3,11.0,0.0,0.0,0.0,0.0,0.0,0.0,0.0,0.0,0.0,,,,,,,PS,
447704,Tucson College of Beauty,Tucson,AZ,1,3,11.0,0.0,0.0,0.0,0.0,0.0,0.0,0.0,0.0,0.0,,,,144.0,,,6333,27314.0
447713,California Career College,Canoga Park,CA,2,3,11.0,0.0,0.0,0.0,0.0,0.0,0.0,0.0,0.0,0.0,,,,190.0,,,28500,51684.0
447722,Palladium Technical Academy Inc,Temple City,CA,1,3,21.0,0.0,0.0,0.0,0.0,0.0,0.0,0.0,0.0,0.0,,,,49.0,,,7755,34799.0
447731,Los Angeles College of Aesthetics,Los Angeles,CA,1,3,11.0,0.0,0.0,0.0,0.0,0.0,0.0,0.0,0.0,0.0,,,,117.0,,,3723,16540.0
447759,National Polytechnic College,Lakewood,CA,2,3,21.0,0.0,0.0,0.0,0.0,0.0,0.0,0.0,0.0,0.0,,,,516.0,,,16098,30781.0
447768,American Career College-Ontario,Ontario,CA,1,3,12.0,0.0,0.0,0.0,0.0,0.0,0.0,0.0,0.0,0.0,,,,2242.0,,,9500,38492.0
447777,Asher College,Sacramento,CA,2,3,21.0,0.0,0.0,0.0,0.0,0.0,0.0,0.0,0.0,0.0,,,,649.0,,,14166,45468.0
447795,American Institute of Massage Therapy,Santa Ana,CA,1,3,11.0,0.0,0.0,0.0,0.0,0.0,0.0,0.0,0.0,0.0,,,,19.0,,,PS,
447801,University of East-West Medicine,Sunnyvale,CA,4,3,12.0,0.0,0.0,0.0,0.0,0.0,0.0,0.0,0.0,0.0,,,,,,,PS,
447810,Blake Austin College,Vacaville,CA,1,3,22.0,0.0,0.0,0.0,0.0,0.0,0.0,0.0,0.0,0.0,,,,217.0,,,10249,42518.0
447847,Aviator College of Aeronautical Science and Technology,Fort Pierce,FL,1,3,21.0,0.0,0.0,0.0,0.0,0.0,0.0,0.0,0.0,0.0,,,,256.0,44975.0,44975.0,16979,67739.0
447865,Trendsetters School of Beauty & Barbering,Jacksonville,FL,1,3,11.0,0.0,0.0,0.0,0.0,0.0,0.0,0.0,0.0,0.0,,,,18.0,,,11211,25222.0
447883,American Institute of Beauty,Largo,FL,1,3,21.0,0.0,0.0,0.0,0.0,0.0,0.0,0.0,0.0,0.0,,,,151.0,,,6333,20371.0
447892,North Florida Cosmetology Institute,Tallahassee,FL,1,3,12.0,0.0,0.0,0.0,0.0,0.0,0.0,0.0,0.0,0.0,,,,91.0,,,6334,23615.0
447908,Florida Academy of Health & Beauty,Oakland Park,FL,1,3,21.0,0.0,0.0,0.0,0.0,0.0,0.0,0.0,0.0,0.0,,,,54.0,,,3333,18116.0
447917,Augusta School of Massage,Evans,GA,1,3,21.0,0.0,0.0,0.0,0.0,0.0,0.0,0.0,0.0,0.0,,,,34.0,,,PS,25408.0
447935,ATA College,Louisville,KY,2,3,21.0,0.0,0.0,0.0,0.0,0.0,0.0,0.0,0.0,0.0,,,,363.0,14200.0,14200.0,21030,34577.0
447953,SUM Bible College and Theological Seminary,El Dorado Hills,CA,3,2,21.0,0.0,0.0,0.0,0.0,0.0,0.0,0.0,0.0,0.0,27.0,0.4068,,198.0,10460.0,10460.0,26677,35418.0
447962,Compass Career College,Hammond,LA,1,3,23.0,0.0,0.0,0.0,0.0,0.0,0.0,0.0,0.0,0.0,,,,194.0,,,7917,21175.0
447980,Nuvo College of Cosmetology,Norton Shores,MI,1,3,13.0,0.0,0.0,0.0,0.0,0.0,0.0,0.0,0.0,0.0,,,,96.0,,,5500,18159.0
447999,WellSpring School of Allied Health-Kansas City,Kansas City,MO,1,3,11.0,0.0,0.0,0.0,0.0,0.0,0.0,0.0,0.0,0.0,,,,208.0,,,7917,29839.0
448026,The Salon Professional Academy-Fargo,Fargo,ND,1,3,12.0,0.0,0.0,0.0,0.0,0.0,0.0,0.0,0.0,0.0,,,,95.0,,,12000,31497.0
448071,Aveda Arts & Sciences Institute-New York,New York,NY,1,3,11.0,0.0,0.0,0.0,0.0,0.0,0.0,0.0,0.0,0.0,,,,293.0,,,6129,28013.0
448123,MyrAngel Beauty Institute,San Lorenzo,PR,1,3,21.0,0.0,0.0,0.0,0.0,0.0,0.0,0.0,0.0,0.0,,,,193.0,,,PS,16758.0
448196,Texas Health School,Houston,TX,1,3,11.0,0.0,0.0,0.0,0.0,0.0,0.0,0.0,0.0,0.0,,,,192.0,,,10915,30187.0
448220,Paul Mitchell the School-Logan,Logan,UT,1,3,13.0,0.0,0.0,0.0,0.0,0.0,0.0,0.0,0.0,0.0,,,,133.0,,,9250,23620.0
448239,Careers Unlimited,Orem,UT,3,3,13.0,0.0,0.0,0.0,0.0,0.0,0.0,0.0,0.0,0.0,,,,118.0,,,PS,30829.0
448248,Mountainland Technical College,Lehi,UT,1,1,13.0,0.0,0.0,0.0,0.0,0.0,0.0,0.0,0.0,0.0,,,,2774.0,,,PS,31963.0
448257,Avi Career Training,vienna,VA,1,3,21.0,0.0,0.0,0.0,0.0,0.0,0.0,0.0,0.0,0.0,,,,22.0,,,6333,28615.0
448275,Mountain State School of Massage,Charleston,WV,1,3,13.0,0.0,0.0,0.0,0.0,0.0,0.0,0.0,0.0,0.0,,,,32.0,,,PS,27545.0
448372,San Joaquin Valley College-Rancho Cordova,Rancho Cordova,CA,2,3,13.0,0.0,0.0,0.0,0.0,0.0,0.0,0.0,0.0,0.0,,,,224.0,,,10674,38317.0
448424,Broken Arrow Beauty College,Broken Arrow,OK,1,3,21.0,0.0,0.0,0.0,0.0,0.0,0.0,0.0,0.0,0.0,,,,71.0,,,6333,23722.0
448433,Universal Technical Institute of Northern California Inc,Sacramento,CA,2,3,11.0,0.0,0.0,0.0,0.0,0.0,0.0,0.0,0.0,0.0,,,,1214.0,,,13097,48341.0
448594,Lemoore College,Lemoore,CA,2,1,41.0,0.0,0.0,0.0,0.0,0.0,1.0,0.0,0.0,0.0,,,,3373.0,1384.0,10954.0,9500,40292.0
448600,Stautzenberger College-Brecksville,Brecksville,OH,2,3,21.0,0.0,0.0,0.0,0.0,0.0,0.0,0.0,0.0,0.0,,,,62.0,16699.0,16699.0,14302,34104.0
448646,Unitech Training Academy-Houma,Houma,LA,1,3,13.0,0.0,0.0,0.0,0.0,0.0,0.0,0.0,0.0,0.0,,,,47.0,,,8721,24707.0
448673,Rasmussen University-Illinois,Rockford,IL,2,3,12.0,0.0,0.0,0.0,0.0,0.0,0.0,0.0,0.0,0.0,,,,1145.0,14078.0,14078.0,20899,39080.0
448691,International Institute for Restorative Practices,Bethlehem,PA,4,2,13.0,0.0,0.0,0.0,0.0,0.0,0.0,0.0,0.0,0.0,,,,,,,,
448770,Automotive Training Center-Warminster,Warminster,PA,1,3,21.0,0.0,0.0,0.0,0.0,0.0,0.0,0.0,0.0,0.0,,,,302.0,,,15665,51112.0
448798,Empire Beauty School-Milwaukee,Milwaukee,WI,1,3,11.0,0.0,0.0,0.0,0.0,0.0,0.0,0.0,0.0,0.0,,,,111.0,,,10231,23589.0
448895,Milan Institute-Clovis,Clovis,CA,1,3,21.0,0.0,0.0,0.0,0.0,0.0,0.0,0.0,0.0,0.0,,,,560.0,,,6333,24879.0
449038,Strayer University-Florida,Tampa,FL,3,3,21.0,0.0,0.0,0.0,0.0,0.0,0.0,0.0,0.0,0.0,,,,1107.0,13920.0,13920.0,40621,40092.0
449074,Pima Medical Institute-Renton,Renton,WA,1,3,12.0,0.0,0.0,0.0,0.0,0.0,0.0,0.0,0.0,0.0,,,,456.0,,,9500,38673.0
449083,College of Business and Technology,Miami,FL,1,3,21.0,0.0,0.0,0.0,0.0,0.0,0.0,0.0,0.0,0.0,,,,508.0,14030.0,14030.0,8550,29534.0
449092,College of Business and Technology,Hialeah,FL,1,3,21.0,0.0,0.0,0.0,0.0,0.0,0.0,0.0,0.0,0.0,,,,547.0,14030.0,14030.0,8550,29534.0
449135,Dewey University-Juana Diaz,Juana Diaz,PR,2,2,23.0,0.0,0.0,0.0,0.0,0.0,1.0,0.0,0.0,0.0,,,,263.0,7630.0,7630.0,5185,19761.0
449250,The College of Health Care Professions-San Antonio,San Antonio,TX,1,3,11.0,0.0,0.0,0.0,0.0,0.0,0.0,0.0,0.0,0.0,,,,766.0,,,9500,33070.0
449311,Brittany Beauty Academy,Bronx,NY,1,3,11.0,0.0,0.0,0.0,0.0,0.0,0.0,0.0,0.0,0.0,,,,136.0,,,6333,18753.0
449320,Lincoln Technical Institute-Whitestone,Whitestone,NY,1,3,11.0,0.0,0.0,0.0,0.0,0.0,0.0,0.0,0.0,0.0,,,,1131.0,,,11730,46396.0
449339,American Public University System,Charles Town,WV,3,3,31.0,0.0,0.0,0.0,0.0,0.0,0.0,0.0,0.0,0.0,,,,40074.0,8400.0,8400.0,21743,44409.0
449348,Huntsville Bible College,Huntsville,AL,1,2,12.0,0.0,0.0,0.0,0.0,0.0,0.0,0.0,0.0,0.0,42.0,,,64.0,4730.0,4730.0,40500,
449357,Beaumont Adult School,Beaumont,CA,1,1,21.0,0.0,0.0,0.0,0.0,0.0,0.0,0.0,0.0,0.0,,,,108.0,,,14866,50801.0
449384,Gnomon,North Hollywood,CA,3,3,11.0,0.0,0.0,0.0,0.0,0.0,0.0,0.0,0.0,0.0,,0.4182,,294.0,37635.0,37635.0,28332,114785.0
449393,MJ Barber & Beauty Academy,La Quinta,CA,1,3,21.0,0.0,0.0,0.0,0.0,0.0,0.0,0.0,0.0,0.0,,,,66.0,,,2905,19665.0
449454,Academy of Natural Therapy Inc,Greeley,CO,1,3,12.0,0.0,0.0,0.0,0.0,0.0,0.0,0.0,0.0,0.0,,,,13.0,,,7917,25770.0
449463,Academy Di Capelli-School of Cosmetology,Wallingford,CT,1,3,21.0,0.0,0.0,0.0,0.0,0.0,0.0,0.0,0.0,0.0,,,,402.0,,,6333,
449472,The Salon Professional Academy,Dagsboro,DE,1,3,32.0,0.0,0.0,0.0,0.0,0.0,0.0,0.0,0.0,0.0,,,,81.0,,,6333,23718.0
449481,Dragon Rises College of Oriental Medicine,Bradenton,FL,4,2,21.0,0.0,0.0,0.0,0.0,0.0,0.0,0.0,0.0,0.0,,,,,,,PS,
449506,SABER College,Miami,FL,2,2,11.0,0.0,0.0,0.0,0.0,0.0,0.0,0.0,0.0,0.0,,0.8037,,482.0,,,22000,40816.0
449524,Taylor College,Ocala,FL,2,3,13.0,0.0,0.0,0.0,0.0,0.0,0.0,0.0,0.0,0.0,,,,308.0,14580.0,14580.0,26250,60311.0
449603,Denmark College,Merrillville,IN,1,3,21.0,0.0,0.0,0.0,0.0,0.0,0.0,0.0,0.0,0.0,,,,175.0,,,8965,23538.0
449612,Louisiana Culinary Institute,Baton Rouge,LA,2,3,21.0,0.0,0.0,0.0,0.0,0.0,0.0,0.0,0.0,0.0,,0.375,,77.0,15575.0,15575.0,16200,40359.0
449658,Bais Medrash Toras Chesed,Lakewood,NJ,3,2,13.0,0.0,0.0,0.0,0.0,0.0,0.0,0.0,0.0,0.0,,0.5765,,132.0,8100.0,8100.0,PS,
449676,Ace Institute of Technology,New York,NY,1,3,11.0,0.0,0.0,0.0,0.0,0.0,0.0,0.0,0.0,0.0,,,,275.0,,,6471,
449685,New Age Training,New York,NY,1,3,11.0,0.0,0.0,0.0,0.0,0.0,0.0,0.0,0.0,0.0,,,,187.0,,,7789,31997.0
449700,Dayton School of Medical Massage,Dayton,OH,1,3,13.0,0.0,0.0,0.0,0.0,0.0,0.0,0.0,0.0,0.0,,,,376.0,18122.0,18122.0,13432,31071.0
449728,ATA College,Tulsa,OK,2,3,11.0,0.0,0.0,0.0,0.0,0.0,0.0,0.0,0.0,0.0,,,,193.0,18850.0,18850.0,21308,40823.0
449764,Visible Music College,Memphis,TN,3,2,11.0,0.0,0.0,0.0,0.0,0.0,0.0,0.0,0.0,0.0,42.0,0.2803,1050.0,79.0,22000.0,22000.0,9500,35933.0
449773,CCI Training Center-Arlington,Arlington,TX,1,3,11.0,0.0,0.0,0.0,0.0,0.0,0.0,0.0,0.0,0.0,,,,305.0,,,8045,40829.0
449807,Southeast Texas Career Institute,Silsbee,TX,1,3,31.0,0.0,0.0,0.0,0.0,0.0,0.0,0.0,0.0,0.0,,,,75.0,,,5500,24835.0
449816,Southwest Technical College,Cedar City,UT,1,1,33.0,0.0,0.0,0.0,0.0,0.0,0.0,0.0,0.0,0.0,,,,540.0,,,PS,35507.0
449834,Virginia Beach Theological Seminary,Virginia Beach,VA,4,2,11.0,0.0,0.0,0.0,0.0,0.0,0.0,0.0,0.0,0.0,54.0,,,1.0,,,,
449861,Milwaukee Career College,Milwaukee,WI,1,3,21.0,0.0,0.0,0.0,0.0,0.0,0.0,0.0,0.0,0.0,,0.7286,,67.0,,,7046,28355.0
449870,University of the West,Rosemead,CA,3,2,21.0,0.0,0.0,0.0,0.0,0.0,0.0,0.0,0.0,0.0,,1.0,,32.0,15446.0,15446.0,PS,
449889,American College of Education,Indianapolis,IN,3,3,11.0,0.0,0.0,0.0,0.0,0.0,0.0,0.0,0.0,0.0,,,,359.0,,,,
449898,South University-Tampa,Tampa,FL,3,3,11.0,0.0,0.0,0.0,0.0,0.0,0.0,0.0,0.0,0.0,,,,388.0,18145.0,18145.0,26123,34421.0
449904,Milan Institute of Cosmetology-San Antonio Military,San Antonio,TX,1,3,11.0,0.0,0.0,0.0,0.0,0.0,0.0,0.0,0.0,0.0,,,,225.0,,,6333,22378.0
449922,Appalachian College of Pharmacy,Oakwood,VA,4,2,42.0,0.0,0.0,0.0,0.0,0.0,0.0,0.0,0.0,0.0,,,,,,,PS,
449959,Paul Mitchell the School-Tampa,Tampa,FL,1,3,21.0,0.0,0.0,0.0,0.0,0.0,0.0,0.0,0.0,0.0,,,,106.0,,,13000,26897.0
449968,Paul Mitchell the School-San Diego,San Diego,CA,1,3,11.0,0.0,0.0,0.0,0.0,0.0,0.0,0.0,0.0,0.0,,,,225.0,,,13000,26897.0
449977,Paul Mitchell the School-Michigan,Sterling Heights,MI,1,3,21.0,0.0,0.0,0.0,0.0,0.0,0.0,0.0,0.0,0.0,,,,136.0,,,13000,26897.0
449986,Paul Mitchell the School-Sherman Oaks,Sherman Oaks,CA,1,3,11.0,0.0,0.0,0.0,0.0,0.0,0.0,0.0,0.0,0.0,,,,286.0,,,10556,26262.0
450058,Fortis College-Columbus,Westerville,OH,1,3,21.0,0.0,0.0,0.0,0.0,0.0,0.0,0.0,0.0,0.0,,,,766.0,14935.0,14935.0,12547,36368.0
450067,Fortis College-Cincinnati,Cincinnati,OH,1,3,21.0,0.0,0.0,0.0,0.0,0.0,0.0,0.0,0.0,0.0,,,,500.0,14763.0,14763.0,12547,36368.0
450128,Blue Cliff College-Alexandria,Alexandria,LA,1,3,13.0,0.0,0.0,0.0,0.0,0.0,0.0,0.0,0.0,0.0,,,,345.0,,,9500,22177.0
450298,Strayer University-Delaware,Wilmington,DE,3,3,13.0,0.0,0.0,0.0,0.0,0.0,0.0,0.0,0.0,0.0,,,,161.0,13920.0,13920.0,40621,40092.0
450304,Brite Divinity School,Fort Worth,TX,4,2,11.0,0.0,0.0,0.0,0.0,0.0,0.0,0.0,0.0,0.0,61.0,,,,,,21500,68424.0
450377,Strayer University-Alabama,Birmingham,AL,3,3,12.0,0.0,0.0,0.0,0.0,0.0,0.0,0.0,0.0,0.0,,,,1196.0,13920.0,13920.0,40621,40092.0
450395,Brown Aveda Institute-Strongsville,Strongsville,OH,1,3,21.0,0.0,0.0,0.0,0.0,0.0,0.0,0.0,0.0,0.0,,,,121.0,,,7267,27446.0
450401,Clary Sage College,Tulsa,OK,1,2,11.0,0.0,0.0,0.0,0.0,0.0,0.0,1.0,0.0,0.0,,,,415.0,,,8898,28954.0
450571,Rasmussen University-Wisconsin,Green Bay,WI,2,3,12.0,0.0,0.0,0.0,0.0,0.0,0.0,0.0,0.0,0.0,,,,55.0,,,20899,39080.0
450599,Empire Beauty School-Richmond,Richmond,VA,1,3,21.0,0.0,0.0,0.0,0.0,0.0,0.0,0.0,0.0,0.0,,,,77.0,,,10667,23921.0
450605,Empire Beauty School-North Hills,Pittsburgh,PA,1,3,21.0,0.0,0.0,0.0,0.0,0.0,0.0,0.0,0.0,0.0,,,,83.0,,,10667,22377.0
450614,Empire Beauty School-Concord,Concord,NC,1,3,12.0,0.0,0.0,0.0,0.0,0.0,0.0,0.0,0.0,0.0,,,,110.0,,,13000,23925.0
450632,Lexington Healing Arts Academy,Lexington,KY,1,3,11.0,0.0,0.0,0.0,0.0,0.0,0.0,0.0,0.0,0.0,,,,78.0,,,7600,33193.0
450641,Empire Beauty School-Hooksett,Hooksett,NH,1,3,22.0,0.0,0.0,0.0,0.0,0.0,0.0,0.0,0.0,0.0,,,,306.0,,,7942,33546.0
450650,The Institute of Beauty and Wellness,Milwaukee,WI,1,3,11.0,0.0,0.0,0.0,0.0,0.0,0.0,0.0,0.0,0.0,,,,186.0,,,6333,31723.0
450696,Carrington College-Stockton,Stockton,CA,1,3,11.0,0.0,0.0,0.0,0.0,0.0,0.0,0.0,0.0,0.0,,,,436.0,,,11537,39633.0
450711,Trend Barber College,Houston,TX,1,3,11.0,0.0,0.0,0.0,0.0,0.0,0.0,0.0,0.0,0.0,,,,61.0,,,12794,16575.0
450933,Columbia Southern University,Orange Beach,AL,3,3,31.0,0.0,0.0,0.0,0.0,0.0,0.0,0.0,0.0,0.0,,,,12176.0,6760.0,6760.0,21339,63534.0
450951,Arizona Culinary Institute,Scottsdale,AZ,1,3,12.0,0.0,0.0,0.0,0.0,0.0,0.0,0.0,0.0,0.0,,,,149.0,,,9500,41651.0
450960,Healthcare Career College,Paramount,CA,1,3,21.0,0.0,0.0,0.0,0.0,0.0,0.0,0.0,0.0,0.0,,,,447.0,,,9500,32613.0
450988,Coastline Beauty College,Fountain Valley,CA,1,3,13.0,0.0,0.0,0.0,0.0,0.0,0.0,0.0,0.0,0.0,,,,203.0,,,PS,11585.0
451042,Branford Academy of Hair & Cosmetology,Branford,CT,1,3,21.0,0.0,0.0,0.0,0.0,0.0,0.0,0.0,0.0,0.0,,,,51.0,,,6333,
451051,Academy of Massage and Bodywork,Bear,DE,1,3,21.0,0.0,0.0,0.0,0.0,0.0,0.0,0.0,0.0,0.0,,,,81.0,,,6333,31204.0
451079,Academy for Five Element Acupuncture,Gainesville,FL,4,2,12.0,0.0,0.0,0.0,0.0,0.0,0.0,0.0,0.0,0.0,,,,,,,PS,
451097,Academy of Career Training,Kissimmee,FL,1,3,13.0,0.0,0.0,0.0,0.0,0.0,0.0,0.0,0.0,0.0,,,,100.0,,,6105,22029.0
451103,Miami Regional University,Miami Springs,FL,2,3,21.0,0.0,0.0,0.0,0.0,0.0,0.0,0.0,0.0,0.0,,,,312.0,,,22500,29081.0
451149,Aveda Institute-South Florida,Davie,FL,1,3,21.0,0.0,0.0,0.0,0.0,0.0,0.0,0.0,0.0,0.0,,,,923.0,,,6333,29426.0
451158,Aveda Institute-Tampa Bay,Clearwater,FL,1,3,21.0,0.0,0.0,0.0,0.0,0.0,0.0,0.0,0.0,0.0,,,,620.0,,,6333,29449.0
451167,Shear Excellence Hair Academy,Tampa,FL,1,3,21.0,0.0,0.0,0.0,0.0,0.0,0.0,0.0,0.0,0.0,,,,118.0,,,9498,23366.0
451194,Carlson College of Massage Therapy,Anamosa,IA,1,3,42.0,0.0,0.0,0.0,0.0,0.0,0.0,0.0,0.0,0.0,,,,39.0,,,PS,26893.0
451228,MyComputerCareer at Indianapolis,Indianapolis,IN,1,3,11.0,0.0,0.0,0.0,0.0,0.0,0.0,0.0,0.0,0.0,,,,1144.0,,,9500,41976.0
451237,Z Hair Academy,Overland Park,KS,1,3,12.0,0.0,0.0,0.0,0.0,0.0,0.0,0.0,0.0,0.0,,1.0,,235.0,,,9833,27346.0
451255,DiGrigoli School of Cosmetology,West Springfield,MA,1,3,21.0,0.0,0.0,0.0,0.0,0.0,0.0,0.0,0.0,0.0,,,,21.0,,,PS,14195.0
451282,Elevate Salon Institute,Royal Oak,MI,1,3,21.0,0.0,0.0,0.0,0.0,0.0,0.0,0.0,0.0,0.0,,,,197.0,,,6333,16853.0
451291,Lakewood School of Therapeutic Massage,Port Huron,MI,1,3,23.0,0.0,0.0,0.0,0.0,0.0,0.0,0.0,0.0,0.0,,,,10.0,,,PS,16682.0
451307,The Salon Professional Academy-Battle Creek,Battle Creek,MI,1,3,13.0,0.0,0.0,0.0,0.0,0.0,0.0,0.0,0.0,0.0,,,,49.0,,,6333,21504.0
451316,Trend Setters School,Cape Girardeau,MO,1,3,13.0,0.0,0.0,0.0,0.0,0.0,0.0,0.0,0.0,0.0,,,,65.0,,,10667,23185.0
451334,Academy of Hair Design-Springfield,Springfield,MO,1,3,12.0,0.0,0.0,0.0,0.0,0.0,0.0,0.0,0.0,0.0,,,,275.0,,,9500,25129.0
451343,Corinth Academy of Cosmetology,Corinth,MS,1,3,33.0,0.0,0.0,0.0,0.0,0.0,0.0,0.0,0.0,0.0,,,,90.0,,,8500,25685.0
451352,Southeastern College-Charlotte,Charlotte,NC,1,3,11.0,0.0,0.0,0.0,0.0,0.0,0.0,0.0,0.0,0.0,,0.9367,,252.0,25080.0,25080.0,9500,31548.0
451370,Yeshivas Be'er Yitzchok,Elizabeth,NJ,3,2,21.0,0.0,0.0,0.0,0.0,0.0,0.0,0.0,0.0,0.0,,0.8621,,90.0,11450.0,11450.0,PS,82560.0
451398,Yeshiva Toras Chaim,Lakewood,NJ,3,2,21.0,0.0,0.0,0.0,0.0,0.0,0.0,0.0,0.0,0.0,,0.4425,,227.0,12750.0,12750.0,PS,62526.0
451404,Talmudical Seminary of Bobov,Brooklyn,NY,3,2,11.0,0.0,0.0,0.0,0.0,0.0,0.0,0.0,0.0,0.0,80.0,0.9787,,602.0,13200.0,13200.0,PS,22432.0
451413,Center for Allied Health Education,Brooklyn,NY,1,3,11.0,0.0,0.0,0.0,0.0,0.0,0.0,0.0,0.0,0.0,,0.1852,,437.0,,,13626,107249.0
451468,Aveda Fredric's Institute-Cincinnati,West Chester,OH,1,3,21.0,0.0,0.0,0.0,0.0,0.0,0.0,0.0,0.0,0.0,,,,453.0,,,7917,30468.0
451477,MyComputerCareer at Columbus,Columbus,OH,1,3,11.0,0.0,0.0,0.0,0.0,0.0,0.0,0.0,0.0,0.0,,,,821.0,,,9500,43409.0
451495,CDE Career Institute,Tannersville,PA,1,3,41.0,0.0,0.0,0.0,0.0,0.0,0.0,0.0,0.0,0.0,,,,311.0,,,9500,30894.0
451501,Instituto Educativo Premier,Ponce,PR,1,3,12.0,0.0,0.0,0.0,0.0,0.0,0.0,0.0,0.0,0.0,,,,290.0,,,PS,20182.0
451510,Charleston School of Law,Charleston,SC,4,3,12.0,0.0,0.0,0.0,0.0,0.0,0.0,0.0,0.0,0.0,,,,,,,PS,
451529,Elite College of Cosmetology,Lexington,TN,1,3,32.0,0.0,0.0,0.0,0.0,0.0,0.0,0.0,0.0,0.0,,,,53.0,,,5500,21197.0
451547,Manuel and Theresa's School of Hair Design-Bryan,Bryan,TX,1,3,13.0,0.0,0.0,0.0,0.0,0.0,0.0,0.0,0.0,0.0,,,,13.0,,,7924,
451556,Southwest University at El Paso,El Paso,TX,2,3,11.0,0.0,0.0,0.0,0.0,0.0,0.0,0.0,0.0,0.0,,,,2073.0,16000.0,16000.0,20000,29648.0
451565,Paul Mitchell the School-Austin,Austin,TX,1,3,11.0,0.0,0.0,0.0,0.0,0.0,0.0,0.0,0.0,0.0,,,,171.0,,,7917,23721.0
451574,Aveda Institute-Provo,Provo,UT,1,3,12.0,0.0,0.0,0.0,0.0,0.0,0.0,0.0,0.0,0.0,,,,164.0,,,7666,20414.0
451583,Dixie Technical College,Saint George,UT,1,1,12.0,0.0,0.0,0.0,0.0,0.0,0.0,0.0,0.0,0.0,,,,1144.0,,,PS,31051.0
451626,Victoria's Academy of Cosmetology,Kennewick,WA,1,3,13.0,0.0,0.0,0.0,0.0,0.0,0.0,0.0,0.0,0.0,,,,34.0,,,7830,24668.0
451714,Paul Mitchell the School-San Antonio,San Antonio,TX,1,3,11.0,0.0,0.0,0.0,0.0,0.0,0.0,0.0,0.0,0.0,,,,361.0,,,8505,28693.0
451750,Bryant & Stratton College-Wauwatosa,Wauwatosa,WI,2,2,21.0,0.0,0.0,0.0,0.0,0.0,0.0,0.0,0.0,0.0,,,,1037.0,20288.0,20288.0,21549,32568.0
451857,Remington College-Houston Southeast Campus,League City,TX,1,2,21.0,0.0,0.0,0.0,0.0,0.0,0.0,0.0,0.0,0.0,,,,111.0,16926.0,16926.0,13271,31349.0
451866,Remington College-Shreveport Campus,Shreveport,LA,1,2,12.0,0.0,0.0,0.0,0.0,0.0,0.0,0.0,0.0,0.0,,,,315.0,16245.0,16245.0,13271,31349.0
451918,TC Beauty,Johnson City,TN,1,3,13.0,0.0,0.0,0.0,0.0,0.0,0.0,0.0,0.0,0.0,,,,100.0,,,7917,21153.0
451927,Patrick Henry College,Purcellville,VA,3,2,31.0,0.0,0.0,0.0,0.0,0.0,0.0,0.0,0.0,0.0,108.0,0.7744,1352.0,395.0,28425.0,28425.0,,
452009,The Hair Academy,Bismarck,ND,1,3,13.0,0.0,0.0,0.0,0.0,0.0,0.0,0.0,0.0,0.0,,,,65.0,,,11630,31370.0
452072,Ross Medical Education Center-New Baltimore,New Baltimore,MI,1,3,21.0,0.0,0.0,0.0,0.0,0.0,0.0,0.0,0.0,0.0,,,,33.0,,,9500,30481.0
452081,Ross College-Sylvania,Sylvania,OH,1,3,21.0,0.0,0.0,0.0,0.0,0.0,0.0,0.0,0.0,0.0,,,,1714.0,,,9500,29898.0
452106,Escuela De Troqueleria Y Herramentaje,Bayamon,PR,1,1,12.0,0.0,0.0,0.0,0.0,0.0,0.0,0.0,0.0,0.0,,1.0,,69.0,3850.0,3850.0,PS,26293.0
452124,Fortis Institute-Nashville,Nashville,TN,1,3,11.0,0.0,0.0,0.0,0.0,0.0,0.0,0.0,0.0,0.0,,,,393.0,15627.0,15627.0,12346,32886.0
452373,ATA College-Cincinnati,Cincinnati,OH,1,3,21.0,0.0,0.0,0.0,0.0,0.0,0.0,0.0,0.0,0.0,,,,266.0,14250.0,14250.0,21030,34577.0
452771,Dental Assistant Pro LLC-Columbus,Westerville,OH,1,3,21.0,0.0,0.0,0.0,0.0,0.0,0.0,0.0,0.0,0.0,,,,10.0,,,,
452780,Dental Assistant Pro-Lebanon,Lebanon,OH,1,3,21.0,0.0,0.0,0.0,0.0,0.0,0.0,0.0,0.0,0.0,,,,20.0,,,,
452887,Elite Welding Academy LLC,Cincinnati,OH,1,3,21.0,0.0,0.0,0.0,0.0,0.0,0.0,0.0,0.0,0.0,,,,59.0,,,9483,
452948,Galen College of Nursing-Cincinnati,Cincinnati,OH,2,3,21.0,0.0,0.0,0.0,0.0,0.0,0.0,0.0,0.0,0.0,,,,645.0,18048.0,18048.0,24166,61480.0
453163,Strayer University-North Carolina,Greensboro,NC,3,3,11.0,0.0,0.0,0.0,0.0,0.0,0.0,0.0,0.0,0.0,,,,2671.0,13920.0,13920.0,40621,40092.0
453215,Strayer University-New Jersey,Piscataway,NJ,3,3,21.0,0.0,0.0,0.0,0.0,0.0,0.0,0.0,0.0,0.0,,,,702.0,13920.0,13920.0,40621,40092.0
453297,International Culinary Arts and Sciences Institute,Chesterland,OH,1,3,41.0,0.0,0.0,0.0,0.0,0.0,0.0,0.0,0.0,0.0,,,,33.0,,,,
453756,Ohio Media School-Columbus,Columbus,OH,1,3,21.0,0.0,0.0,0.0,0.0,0.0,0.0,0.0,0.0,0.0,,,,43.0,,,9500,37423.0
453792,Ohio Medical Career College,Dayton,OH,2,3,12.0,0.0,0.0,0.0,0.0,0.0,0.0,0.0,0.0,0.0,,,,129.0,,,12403,
454227,Chamberlain University-Illinois,Addison,IL,3,3,21.0,0.0,0.0,0.0,0.0,0.0,0.0,0.0,0.0,0.0,,0.8264,,14027.0,21536.0,21536.0,20919,92405.0
454236,Chamberlain University-Ohio,Columbus,OH,3,3,11.0,0.0,0.0,0.0,0.0,0.0,0.0,0.0,0.0,0.0,,0.875,,257.0,19975.0,19975.0,20919,92405.0
454245,Chamberlain University-Arizona,Phoenix,AZ,3,3,11.0,0.0,0.0,0.0,0.0,0.0,0.0,0.0,0.0,0.0,,0.9091,,693.0,20785.0,20785.0,20919,92405.0
454537,The Salon Professional Academy-Appleton,Appleton,WI,1,3,22.0,0.0,0.0,0.0,0.0,0.0,0.0,0.0,0.0,0.0,,,,81.0,,,9991,32317.0
454546,Milan Institute of Cosmetology-Vacaville,Vacaville,CA,1,3,22.0,0.0,0.0,0.0,0.0,0.0,0.0,0.0,0.0,0.0,,,,260.0,,,6333,22378.0
454555,Milan Institute of Cosmetology-Reno,Reno,NV,1,3,11.0,0.0,0.0,0.0,0.0,0.0,0.0,0.0,0.0,0.0,,,,235.0,,,6333,22378.0
454582,Ottawa University-Online,Overland Park,KS,3,2,12.0,0.0,0.0,0.0,0.0,0.0,0.0,0.0,0.0,0.0,52.0,,,259.0,13296.0,13296.0,21500,55552.0
454607,Paul Mitchell the School-Esani,Roswell,GA,1,3,13.0,0.0,0.0,0.0,0.0,0.0,0.0,0.0,0.0,0.0,,,,359.0,,,9833,26287.0
454652,Paul Mitchell the School-Birmingham,Hoover,AL,1,3,21.0,0.0,0.0,0.0,0.0,0.0,0.0,0.0,0.0,0.0,,,,129.0,,,9833,24367.0
454689,Taft University System,Denver,CO,4,3,11.0,0.0,0.0,0.0,0.0,0.0,0.0,0.0,0.0,0.0,,,,0.0,,,PS,
454698,Mayfield College,Cathedral City,CA,1,3,21.0,0.0,0.0,0.0,0.0,0.0,0.0,0.0,0.0,0.0,,,,292.0,,,9025,29384.0
454722,Academy of Esthetics and Cosmetology,San Fernando,CA,1,3,21.0,0.0,0.0,0.0,0.0,0.0,0.0,0.0,0.0,0.0,,,,30.0,,,PS,35089.0
454759,Borner's Barber College,Los Angeles,CA,1,3,11.0,0.0,0.0,0.0,0.0,0.0,0.0,0.0,0.0,0.0,,,,54.0,,,PS,
454768,Paul Mitchell the School-Pasadena,Pasadena,CA,1,3,12.0,0.0,0.0,0.0,0.0,0.0,0.0,0.0,0.0,0.0,,,,170.0,,,6333,25845.0
454777,San Francisco Institute of Esthetics & Cosmetology Inc,San Francisco,CA,1,3,11.0,0.0,0.0,0.0,0.0,0.0,0.0,0.0,0.0,0.0,,,,167.0,,,6333,32926.0
454786,Laurus College,San Luis Obispo,CA,2,3,13.0,0.0,0.0,0.0,0.0,0.0,0.0,0.0,0.0,0.0,,,,1116.0,,,32416,30896.0
454795,Healing Hands School of Holistic Health,Escondido,CA,1,3,21.0,0.0,0.0,0.0,0.0,0.0,0.0,0.0,0.0,0.0,,,,220.0,,,6333,24366.0
454801,Career Development Institute Inc,Los Angeles,CA,1,3,11.0,0.0,0.0,0.0,0.0,0.0,0.0,0.0,0.0,0.0,,,,172.0,,,16873,62209.0
454810,Auguste Escoffier School of Culinary Arts-Boulder,Boulder,CO,1,3,12.0,0.0,0.0,0.0,0.0,0.0,0.0,0.0,0.0,0.0,,,,8504.0,,,9653,32001.0
454829,Aspen University,Phoenix,AZ,3,3,11.0,0.0,0.0,0.0,0.0,0.0,0.0,0.0,0.0,0.0,,,,1466.0,6870.0,6870.0,15756,
454838,Institute of Taoist Education and Acupuncture,Louisville,CO,4,2,23.0,0.0,0.0,0.0,0.0,0.0,0.0,0.0,0.0,0.0,,,,,,,PS,
454856,Denver College of Nursing,Denver,CO,3,3,11.0,0.0,0.0,0.0,0.0,0.0,0.0,0.0,0.0,0.0,,,,757.0,,,26500,81809.0
454865,Cambridge College of Healthcare & Technology,Delray Beach,FL,2,3,13.0,0.0,0.0,0.0,0.0,0.0,0.0,0.0,0.0,0.0,,,,1315.0,18168.0,18168.0,26250,47792.0
454874,Cozmo Beauty School,Bonita Springs,FL,1,3,21.0,0.0,0.0,0.0,0.0,0.0,0.0,0.0,0.0,0.0,,,,52.0,,,8082,24319.0
454917,Celebrity School of Beauty,Miami,FL,1,3,21.0,0.0,0.0,0.0,0.0,0.0,0.0,0.0,0.0,0.0,,,,855.0,,,6333,15626.0
454926,Paul Mitchell the School-Atlanta,Atlanta,GA,1,3,11.0,0.0,0.0,0.0,0.0,0.0,0.0,0.0,0.0,0.0,,,,249.0,,,12500,21775.0
454935,Evans Hairstyling College-Rexburg,Rexburg,ID,1,3,32.0,0.0,0.0,0.0,0.0,0.0,0.0,0.0,0.0,0.0,,,,76.0,,,PS,16984.0
454944,Paul Mitchell the School-Rexburg,Rexburg,ID,1,3,32.0,0.0,0.0,0.0,0.0,0.0,0.0,0.0,0.0,0.0,,,,224.0,,,9500,26774.0
454953,University of Aesthetics & Cosmetology,Chicago,IL,1,3,11.0,0.0,0.0,0.0,0.0,0.0,0.0,0.0,0.0,0.0,,,,53.0,,,7917,28955.0
454962,The University of Aesthetics & Cosmetology,Downers Grove,IL,1,3,13.0,0.0,0.0,0.0,0.0,0.0,0.0,0.0,0.0,0.0,,,,39.0,,,7917,
454971,Tricoci University of Beauty Culture-Chicago NW,Chicago,IL,1,3,11.0,0.0,0.0,0.0,0.0,0.0,0.0,0.0,0.0,0.0,,,,216.0,,,7307,28554.0
454980,Tricoci University of Beauty Culture-Glendale Heights,Glendale Heights,IL,1,3,21.0,0.0,0.0,0.0,0.0,0.0,0.0,0.0,0.0,0.0,,,,132.0,,,7307,27330.0
454999,Tricoci University of Beauty Culture-Peoria,Peoria,IL,1,3,12.0,0.0,0.0,0.0,0.0,0.0,0.0,0.0,0.0,0.0,,,,125.0,,,7307,26236.0
455008,Tricoci University of Beauty Culture-Rockford,Rockford,IL,1,3,12.0,0.0,0.0,0.0,0.0,0.0,0.0,0.0,0.0,0.0,,,,170.0,,,7307,25109.0
455026,The Omega Studios' School of Applied Arts & Sciences,Rockville,MD,1,3,13.0,0.0,0.0,0.0,0.0,0.0,0.0,0.0,0.0,0.0,,,,82.0,,,5500,46719.0
455062,French Academy of Cosmetology,Spring Lake,MI,1,3,22.0,0.0,0.0,0.0,0.0,0.0,0.0,0.0,0.0,0.0,,,,51.0,,,4223,22797.0
455080,Paul Mitchell the School-Springfield,Springfield,MO,1,3,12.0,0.0,0.0,0.0,0.0,0.0,0.0,0.0,0.0,0.0,,,,297.0,,,7917,25931.0
455099,Urshan Graduate School of Theology,Wentzville,MO,4,2,21.0,0.0,0.0,0.0,0.0,0.0,0.0,0.0,0.0,0.0,79.0,,,,,,PS,
455105,Mississippi Institute of Aesthetics Nails & Cosmetology,Clinton,MS,1,3,21.0,0.0,0.0,0.0,0.0,0.0,0.0,0.0,0.0,0.0,,,,77.0,,,PS,28148.0
455114,College of Western Idaho,Nampa,ID,2,1,41.0,0.0,0.0,0.0,0.0,0.0,0.0,0.0,0.0,0.0,,,,6459.0,3446.0,7454.0,9720,
455141,Aveda Institute-Chapel Hill,Chapel Hill,NC,1,3,13.0,0.0,0.0,0.0,0.0,0.0,0.0,0.0,0.0,0.0,,,,198.0,,,6333,26873.0
455178,Daoist Traditions College of Chinese Medical Arts,Asheville,NC,4,3,13.0,0.0,0.0,0.0,0.0,0.0,0.0,0.0,0.0,0.0,,,,,,,PS,
455187,Total Image Beauty Academy,Union City,NJ,1,3,21.0,0.0,0.0,0.0,0.0,0.0,0.0,0.0,0.0,0.0,,,,204.0,,,8500,18720.0
455196,Jersey College,Teterboro,NJ,2,3,21.0,0.0,0.0,0.0,0.0,0.0,0.0,0.0,0.0,0.0,,0.6763,1058.0,4478.0,,,21000,66087.0
455202,American Institute of Medical Sciences & Education,Piscataway,NJ,1,3,21.0,0.0,0.0,0.0,0.0,0.0,0.0,0.0,0.0,0.0,,,,450.0,,,11995,40407.0
455211,Casal Institute of Nevada,Las Vegas,NV,1,3,12.0,0.0,0.0,0.0,0.0,0.0,0.0,0.0,0.0,0.0,,,,271.0,,,6333,25293.0
455220,Career School of NY,Staten Island,NY,1,2,11.0,0.0,0.0,0.0,0.0,0.0,0.0,0.0,0.0,0.0,,,,112.0,,,PS,35778.0
455257,Yeshiva of Machzikai Hadas,Brooklyn,NY,3,2,11.0,0.0,0.0,0.0,0.0,0.0,0.0,0.0,0.0,0.0,,0.7006,,515.0,10800.0,10800.0,PS,
455275,Aveda Institute-Columbus,Columbus,OH,1,3,11.0,0.0,0.0,0.0,0.0,0.0,0.0,0.0,0.0,0.0,,,,290.0,,,6333,30231.0
455284,Paul Mitchell the School-Cincinnati,Cincinnati,OH,1,3,21.0,0.0,0.0,0.0,0.0,0.0,0.0,0.0,0.0,0.0,,,,246.0,,,12500,28363.0
455327,Hands on Therapy,Mesquite,TX,1,3,21.0,0.0,0.0,0.0,0.0,0.0,0.0,0.0,0.0,0.0,,,,28.0,,,7917,28323.0
455336,MediaTech Institute-Dallas,Dallas,TX,2,3,21.0,0.0,0.0,0.0,0.0,0.0,0.0,0.0,0.0,0.0,,,,199.0,,,20000,33293.0
455354,Aveda Arts & Sciences Institute-San Antonio,San Antonio,TX,1,3,11.0,0.0,0.0,0.0,0.0,0.0,0.0,0.0,0.0,0.0,,,,250.0,,,7916,32162.0
455381,Skin Science Institute,Sandy,UT,1,3,21.0,0.0,0.0,0.0,0.0,0.0,0.0,0.0,0.0,0.0,,,,127.0,,,7667,27153.0
455406,Pacific Northwest University of Health Sciences,Yakima,WA,4,2,22.0,0.0,0.0,0.0,0.0,0.0,0.0,0.0,0.0,0.0,,,,,,,PS,
455433,The Chicago School at Anaheim,Anaheim,CA,4,2,11.0,0.0,0.0,0.0,0.0,0.0,0.0,0.0,0.0,0.0,,,,,,,20000,56899.0
455460,Fortis College-Dothan,Dothan,AL,1,3,13.0,0.0,0.0,0.0,0.0,0.0,0.0,0.0,0.0,0.0,,,,177.0,,,9500,32754.0
455479,Fortis Institute-Pensacola,Pensacola,FL,1,3,13.0,0.0,0.0,0.0,0.0,0.0,0.0,0.0,0.0,0.0,,,,760.0,15069.0,15069.0,9500,26652.0
455488,Fortis College-Montgomery,Montgomery,AL,1,3,12.0,0.0,0.0,0.0,0.0,0.0,0.0,0.0,0.0,0.0,,,,359.0,,,9500,26652.0
455512,Woodland Community College,Woodland,CA,2,1,23.0,0.0,0.0,0.0,0.0,1.0,1.0,0.0,0.0,0.0,,,,3154.0,1124.0,7656.0,PS,40042.0
455628,Fortis Institute-Birmingham,Birmingham,AL,1,3,12.0,0.0,0.0,0.0,0.0,0.0,0.0,0.0,0.0,0.0,,,,613.0,15335.0,15335.0,12346,32886.0
455664,The Chicago School at Los Angeles,Los Angeles,CA,3,2,11.0,0.0,0.0,0.0,0.0,0.0,0.0,0.0,0.0,0.0,,0.4634,,337.0,21780.0,21780.0,20000,56899.0
455707,Cardiac and Vascular Institute of Ultrasound,Mobile,AL,1,3,12.0,0.0,0.0,0.0,0.0,0.0,0.0,0.0,0.0,0.0,,,,56.0,,,19160,52669.0
455725,Alturas Cosmetology of Arizona LLC,Chandler,AZ,1,3,11.0,0.0,0.0,0.0,0.0,0.0,0.0,0.0,0.0,0.0,,,,570.0,,,6221,27201.0
455734,California Nurses Educational Institute,Rancho Mirage,CA,1,3,21.0,0.0,0.0,0.0,0.0,0.0,0.0,0.0,0.0,0.0,,,,200.0,,,16941,46895.0
455761,Paul Mitchell the School-Sacramento,Sacramento,CA,1,3,21.0,0.0,0.0,0.0,0.0,0.0,0.0,0.0,0.0,0.0,,,,309.0,,,6333,30336.0
455770,Providence Christian College,Pasadena,CA,3,2,12.0,0.0,0.0,0.0,0.0,0.0,1.0,0.0,0.0,0.0,88.0,1.0,,168.0,36963.0,36963.0,25000,46264.0
455798,Oxford Academy of Hair Design Inc,Seymour,CT,1,3,21.0,0.0,0.0,0.0,0.0,0.0,0.0,0.0,0.0,0.0,,,,143.0,,,6333,
455804,Institute of World Politics,Washington,DC,4,2,11.0,0.0,0.0,0.0,0.0,0.0,0.0,0.0,0.0,0.0,,,,,,,PS,
455813,Pontifical John Paul II Institute for Studies on Marriage and Family,Washington,DC,4,2,11.0,0.0,0.0,0.0,0.0,0.0,0.0,0.0,0.0,0.0,30.0,,,,,,PS,
455831,Medical Institute of Palm Beach,Greenacres,FL,1,3,21.0,0.0,0.0,0.0,0.0,0.0,0.0,0.0,0.0,0.0,,,,356.0,,,6417,25811.0
455859,Oliver Finley Academy of Cosmetology,Boise,ID,1,3,21.0,0.0,0.0,0.0,0.0,0.0,0.0,0.0,0.0,0.0,,,,254.0,,,6333,26323.0
455868,National Career College,Panorama City,CA,1,3,11.0,0.0,0.0,0.0,0.0,0.0,0.0,0.0,0.0,0.0,,,,398.0,,,8645,19347.0
455877,The Aveda Institute of Beauty and Wellness Chicago,Chicago,IL,1,3,11.0,0.0,0.0,0.0,0.0,0.0,0.0,0.0,0.0,0.0,,,,93.0,,,7917,31369.0
455886,Tricoci University of Beauty Culture-Libertyville,Libertyville,IL,1,3,21.0,0.0,0.0,0.0,0.0,0.0,0.0,0.0,0.0,0.0,,,,162.0,,,7307,35650.0
455895,Tricoci University of Beauty Culture-Bridgeview,Bridgeview,IL,1,3,21.0,0.0,0.0,0.0,0.0,0.0,0.0,0.0,0.0,0.0,,,,470.0,,,7307,25671.0
455901,The Temple-A Paul Mitchell Partner School,Frederick,MD,1,3,13.0,0.0,0.0,0.0,0.0,0.0,0.0,0.0,0.0,0.0,,,,140.0,,,9833,27891.0
455910,Center for Massage,Asheville,NC,1,3,13.0,0.0,0.0,0.0,0.0,0.0,0.0,0.0,0.0,0.0,,,,51.0,,,6333,19244.0
455929,The Academy of Hair Design LLC,Oklahoma City,OK,1,3,11.0,0.0,0.0,0.0,0.0,0.0,0.0,0.0,0.0,0.0,,,,56.0,,,16500,23567.0
455965,COLLECTIV Academy-Cranston,Cranston,RI,1,3,21.0,0.0,0.0,0.0,0.0,0.0,0.0,0.0,0.0,0.0,,,,102.0,,,11000,
455974,South Texas Training Center,Pharr,TX,1,3,13.0,0.0,0.0,0.0,0.0,0.0,0.0,0.0,0.0,0.0,,,,120.0,13566.0,13566.0,3677,29384.0
455983,Columbia College,Vienna,VA,1,3,21.0,0.0,0.0,0.0,0.0,0.0,0.0,0.0,0.0,0.0,,,,151.0,,,7940,22160.0
455992,Vermont College of Fine Arts,Montpelier,VT,4,2,32.0,0.0,0.0,0.0,0.0,0.0,0.0,0.0,0.0,0.0,,,,,,,,
456001,Advanced Welding Institute,South Burlington,VT,1,3,13.0,0.0,0.0,0.0,0.0,0.0,0.0,0.0,0.0,0.0,,,,104.0,,,PS,
456029,Paul Mitchell the School-Memphis,Memphis,TN,1,3,11.0,0.0,0.0,0.0,0.0,0.0,0.0,0.0,0.0,0.0,,,,216.0,,,9833,25306.0
456038,Pima Medical Institute-East Valley,Mesa,AZ,1,3,11.0,0.0,0.0,0.0,0.0,0.0,0.0,0.0,0.0,0.0,,,,306.0,,,9500,38673.0
456065,Paul Mitchell the School-Cleveland,Twinsburg,OH,1,3,21.0,0.0,0.0,0.0,0.0,0.0,0.0,0.0,0.0,0.0,,,,181.0,,,9833,31064.0
456074,Paul Mitchell the School-Columbus,Columbus,OH,1,3,11.0,0.0,0.0,0.0,0.0,0.0,0.0,0.0,0.0,0.0,,,,200.0,,,9833,37609.0
456135,Empire Beauty School-Spring Lake Park,Spring Lake Park,MN,1,3,21.0,0.0,0.0,0.0,0.0,0.0,0.0,0.0,0.0,0.0,,,,95.0,,,13000,23925.0
456205,Miller-Motte College-Raleigh,Raleigh,NC,1,3,11.0,0.0,0.0,0.0,0.0,0.0,0.0,0.0,0.0,0.0,,,,409.0,,,15917,31102.0
456214,Lamson Institute,San Antonio,TX,1,3,11.0,0.0,0.0,0.0,0.0,0.0,0.0,0.0,0.0,0.0,,,,498.0,,,7853,38015.0
456454,Fortis College-Salt Lake City,Salt Lake City,UT,2,3,21.0,0.0,0.0,0.0,0.0,0.0,0.0,0.0,0.0,0.0,,,,383.0,13474.0,13474.0,13000,34509.0
456481,Polytechnic University of Puerto Rico-Miami,Miami,FL,3,2,13.0,0.0,0.0,0.0,0.0,0.0,0.0,0.0,0.0,0.0,,,,19.0,14367.0,14367.0,22564,47540.0
456490,Polytechnic University of Puerto Rico-Orlando,Orlando,FL,3,2,21.0,0.0,0.0,0.0,0.0,0.0,1.0,0.0,0.0,0.0,,,,96.0,14547.0,14547.0,22564,47540.0
456506,Ross Medical Education Center-Fort Wayne,Fort Wayne,IN,1,3,11.0,0.0,0.0,0.0,0.0,0.0,0.0,0.0,0.0,0.0,,,,156.0,,,9500,30072.0
456515,Ross Medical Education Center-Battle Creek,Battle Creek,MI,1,3,13.0,0.0,0.0,0.0,0.0,0.0,0.0,0.0,0.0,0.0,,,,50.0,,,9500,30060.0
456542,Geisinger Commonwealth School of Medicine,Scranton,PA,2,2,13.0,0.0,0.0,0.0,0.0,0.0,0.0,0.0,0.0,0.0,,,,88.0,15886.0,15886.0,PS,
456551,Josef's School of Hair Skin & Body-Fargo,Fargo,ND,1,3,12.0,0.0,0.0,0.0,0.0,0.0,0.0,0.0,0.0,0.0,,,,72.0,,,7917,27987.0
456579,Miller-Motte College-Berks Technical Institute-Allentown,Allentown,PA,1,3,21.0,0.0,0.0,0.0,0.0,0.0,0.0,0.0,0.0,0.0,,,,285.0,,,15917,31102.0
456588,Salon Success Academy-Fontana,Fontana,CA,1,3,21.0,0.0,0.0,0.0,0.0,0.0,0.0,0.0,0.0,0.0,,,,29.0,,,7177,22412.0
456597,Salon Success Academy-Redlands,Redlands,CA,1,3,13.0,0.0,0.0,0.0,0.0,0.0,0.0,0.0,0.0,0.0,,,,220.0,,,7177,22412.0
456621,Strayer University-West Virginia,Scott Depot,WV,3,3,22.0,0.0,0.0,0.0,0.0,0.0,0.0,0.0,0.0,0.0,,,,234.0,13920.0,13920.0,40621,40092.0
456825,Paul Mitchell the School-Baton Rouge,Baton Rouge,LA,1,3,12.0,0.0,0.0,0.0,0.0,0.0,0.0,0.0,0.0,0.0,,,,249.0,,,9833,25699.0
456852,San Joaquin Valley College-Hesperia,Hesperia,CA,1,3,21.0,0.0,0.0,0.0,0.0,0.0,0.0,0.0,0.0,0.0,,,,528.0,,,10674,38317.0
456922,South Texas Vocational Technical Institute-Brownsville,Brownsville,TX,1,3,12.0,0.0,0.0,0.0,0.0,0.0,0.0,0.0,0.0,0.0,,,,423.0,,,15917,31102.0
456931,Miller-Motte College-STVT-Corpus Christi,Corpus Christi,TX,1,3,11.0,0.0,0.0,0.0,0.0,0.0,0.0,0.0,0.0,0.0,,,,533.0,,,15917,31102.0
456959,University of Minnesota-Rochester,Rochester,MN,3,1,12.0,0.0,0.0,0.0,0.0,0.0,0.0,0.0,0.0,0.0,,0.71,1183.0,568.0,15016.0,15016.0,19500,69020.0
456977,College of Business and Technology,Cutler Bay,FL,1,3,21.0,0.0,0.0,0.0,0.0,0.0,0.0,0.0,0.0,0.0,,,,326.0,14030.0,14030.0,8550,29534.0
457031,Capri Beauty College,New Lenox,IL,1,3,21.0,0.0,0.0,0.0,0.0,0.0,0.0,0.0,0.0,0.0,,,,75.0,,,9833,26804.0
457077,Milan Institute-Bakersfield,Bakersfield,CA,1,3,11.0,0.0,0.0,0.0,0.0,0.0,0.0,0.0,0.0,0.0,,,,582.0,,,6333,24879.0
457086,Homestead Schools,Torrance,CA,1,2,12.0,0.0,0.0,0.0,0.0,1.0,1.0,0.0,0.0,0.0,,,,157.0,,,18040,59398.0
457101,Carrington College-Las Vegas,Las Vegas,NV,2,3,12.0,0.0,0.0,0.0,0.0,0.0,0.0,0.0,0.0,0.0,,,,396.0,,,9500,36718.0
457110,Carrington College-Reno,Reno,NV,2,3,11.0,0.0,0.0,0.0,0.0,0.0,0.0,0.0,0.0,0.0,,,,551.0,,,15188,43731.0
457129,Chamberlain University-Florida,Jacksonville,FL,3,3,11.0,0.0,0.0,0.0,0.0,0.0,0.0,0.0,0.0,0.0,,0.9091,,821.0,19975.0,19975.0,20919,92405.0
457192,Washington Barber College Inc,Little Rock,AR,1,3,12.0,0.0,0.0,0.0,0.0,0.0,0.0,0.0,0.0,0.0,,,,43.0,,,14000,8579.0
457208,InterCoast Colleges-Rancho Cordova,Rancho Cordova,CA,1,3,13.0,0.0,0.0,0.0,0.0,0.0,0.0,0.0,0.0,0.0,,,,71.0,,,10313,36089.0
457226,Horizon University,Indianapolis,IN,2,2,21.0,0.0,0.0,0.0,0.0,0.0,0.0,0.0,0.0,0.0,99.0,,,63.0,9840.0,9840.0,PS,65875.0
457253,Beyond 21st Century Beauty Academy,Santa Fe Springs,CA,1,3,21.0,0.0,0.0,0.0,0.0,0.0,0.0,0.0,0.0,0.0,,,,120.0,,,PS,25139.0
457271,Academy for Jewish Religion California,Los Angeles,CA,4,2,11.0,0.0,0.0,0.0,0.0,0.0,0.0,0.0,0.0,0.0,80.0,,,,,,,
457299,Angeles College,Los Angeles,CA,1,3,11.0,0.0,0.0,0.0,0.0,0.0,0.0,0.0,0.0,0.0,,,,598.0,,,16522,49108.0
457314,Angeles Institute,ARTESIA,CA,1,3,21.0,0.0,0.0,0.0,0.0,0.0,0.0,0.0,0.0,0.0,,,,113.0,,,17238,61195.0
457323,Paul Mitchell the School-Temecula,Temecula,CA,1,3,12.0,0.0,0.0,0.0,0.0,0.0,0.0,0.0,0.0,0.0,,,,320.0,,,12858,22452.0
457332,TIGI Hairdressing Academy Guilford,Guilford,CT,1,3,21.0,0.0,0.0,0.0,0.0,0.0,0.0,0.0,0.0,0.0,,,,52.0,,,9833,
457341,International Institute of Cosmetology,Wethersfield,CT,1,3,21.0,0.0,0.0,0.0,0.0,0.0,0.0,0.0,0.0,0.0,,,,197.0,,,9833,
457350,Florida School of Traditional Midwifery,Gainesville,FL,1,2,12.0,0.0,0.0,0.0,0.0,0.0,0.0,0.0,0.0,0.0,,,,54.0,,,38130,38933.0
457378,Emerald Coast Technical College,DeFuniak Springs,FL,1,1,32.0,0.0,0.0,0.0,0.0,0.0,0.0,0.0,0.0,0.0,,,,189.0,,,PS,36180.0
457387,Immokalee Technical College,Immokalee,FL,1,1,32.0,0.0,0.0,0.0,0.0,0.0,0.0,0.0,0.0,0.0,,,,319.0,,,PS,37652.0
457396,American Academy of Cosmetology,Orange Park,FL,1,3,21.0,0.0,0.0,0.0,0.0,0.0,0.0,0.0,0.0,0.0,,,,122.0,,,7638,23985.0
457402,University of Fort Lauderdale,Lauderhill,FL,3,2,21.0,0.0,0.0,0.0,0.0,0.0,0.0,0.0,0.0,0.0,108.0,,,314.0,9810.0,9810.0,PS,38062.0
457411,Aviation Institute of Maintenance-Orlando,Casselberry,FL,1,3,21.0,0.0,0.0,0.0,0.0,0.0,0.0,0.0,0.0,0.0,,,,376.0,16757.0,16757.0,31301,53341.0
457420,Summit Salon Academy,Tampa,FL,1,3,21.0,0.0,0.0,0.0,0.0,0.0,0.0,0.0,0.0,0.0,,,,183.0,,,7389,27037.0
457439,Summit Salon Academy-Gainesville,Gainesville,FL,1,3,22.0,0.0,0.0,0.0,0.0,0.0,0.0,0.0,0.0,0.0,,,,83.0,,,11000,27856.0
457448,Tenaj Salon Institute,The Villages,FL,1,3,13.0,0.0,0.0,0.0,0.0,0.0,0.0,0.0,0.0,0.0,,,,55.0,,,13000,25196.0
457466,Profile Institute of Barber-Styling,Atlanta,GA,1,3,11.0,0.0,0.0,0.0,0.0,0.0,0.0,0.0,0.0,0.0,,,,34.0,,,PS,25629.0
457475,Keune Academy by 124,Lawrenceville,GA,1,3,21.0,0.0,0.0,0.0,0.0,0.0,0.0,0.0,0.0,0.0,,,,117.0,,,9833,30962.0
457484,Pacific Rim Christian University,Honolulu,HI,3,2,11.0,0.0,0.0,1.0,0.0,1.0,0.0,0.0,0.0,0.0,79.0,,,129.0,13580.0,13580.0,PS,40523.0
457493,Paul Mitchell the School-Twin Falls,TWIN FALLS,ID,1,3,13.0,0.0,0.0,0.0,0.0,0.0,0.0,0.0,0.0,0.0,,,,19.0,,,PS,27947.0
457527,Ambria College of Nursing,Hoffman Estates,IL,2,3,21.0,0.0,0.0,0.0,0.0,0.0,0.0,0.0,0.0,0.0,,,,123.0,,,15438,67290.0
457536,Midwestern Career College,Chicago,IL,2,3,11.0,0.0,0.0,0.0,0.0,0.0,0.0,0.0,0.0,0.0,,,,887.0,,,7521,36432.0
457563,Aveda Fredric's Institute-Indianapolis,Carmel,IN,1,3,12.0,0.0,0.0,0.0,0.0,0.0,0.0,0.0,0.0,0.0,,,,265.0,,,7389,31963.0
457572,Summit Salon Academy,Anderson,IN,1,3,13.0,0.0,0.0,0.0,0.0,0.0,0.0,0.0,0.0,0.0,,,,130.0,,,9833,25337.0
457581,Eric Fisher Academy,Wichita,KS,1,3,11.0,0.0,0.0,0.0,0.0,0.0,0.0,0.0,0.0,0.0,,,,161.0,,,9339,32858.0
457606,My Le's Beauty College,Gretna,LA,1,3,21.0,0.0,0.0,0.0,0.0,0.0,0.0,0.0,0.0,0.0,,,,110.0,,,PS,18946.0
457615,Blackstone Valley Vocational Regional School District,Upton,MA,1,1,21.0,0.0,0.0,0.0,0.0,0.0,0.0,0.0,0.0,0.0,,,,42.0,,,9500,
457633,L'esprit Academy,Canton,MI,1,3,21.0,0.0,0.0,0.0,0.0,0.0,0.0,0.0,0.0,0.0,,,,266.0,,,6333,22440.0
457642,Marketti Academy of Cosmetology,Waterford,MI,1,3,21.0,0.0,0.0,0.0,0.0,0.0,0.0,0.0,0.0,0.0,,,,45.0,,,PS,14345.0
457679,Avalon School of Cosmetology,Worthington,MN,1,3,33.0,0.0,0.0,0.0,0.0,0.0,0.0,0.0,0.0,0.0,,,,15.0,,,PS,28336.0
457697,City Vision University,Kansas City,MO,1,2,11.0,0.0,0.0,0.0,0.0,0.0,0.0,0.0,0.0,0.0,,,,257.0,6600.0,6600.0,PS,21123.0
457749,Montana Academy of Salons,Great Falls,MT,1,3,13.0,0.0,0.0,0.0,0.0,0.0,0.0,0.0,0.0,0.0,,,,126.0,,,9833,28841.0
457767,National Career Institute,East Orange,NJ,1,3,21.0,0.0,0.0,0.0,0.0,0.0,0.0,0.0,0.0,0.0,,,,249.0,,,6756,26415.0
457776,Paul Mitchell the School-Albuquerque,Albuquerque,NM,1,3,11.0,0.0,0.0,0.0,0.0,0.0,0.0,0.0,0.0,0.0,,,,119.0,,,10556,33273.0
457785,International Academy of Style,Reno,NV,1,3,11.0,0.0,0.0,0.0,0.0,0.0,0.0,0.0,0.0,0.0,,,,89.0,,,6333,32709.0
457794,EDP School,Brooklyn,NY,1,2,11.0,0.0,0.0,0.0,0.0,0.0,0.0,0.0,0.0,0.0,,,,151.0,,,PS,41461.0
457800,New York Medical Career Training Center,Flushing,NY,1,3,11.0,0.0,0.0,0.0,0.0,0.0,0.0,0.0,0.0,0.0,,1.0,,452.0,,,14282,40540.0
457819,Institute of Culinary Education,New York,NY,1,3,11.0,0.0,0.0,0.0,0.0,0.0,0.0,0.0,0.0,0.0,,,,589.0,,,6439,47865.0
457837,The Salon Professional Academy-Tonawanda,Tonawanda,NY,1,3,21.0,0.0,0.0,0.0,0.0,0.0,0.0,0.0,0.0,0.0,,,,142.0,,,6333,26460.0
457855,Paul Mitchell the School-NYC,Staten Island,NY,1,3,11.0,0.0,0.0,0.0,0.0,0.0,0.0,0.0,0.0,0.0,,,,96.0,,,7614,32002.0
457873,Four County Career Center,Archbold,OH,1,1,42.0,0.0,0.0,0.0,0.0,0.0,0.0,0.0,0.0,0.0,,,,223.0,,,PS,77338.0
457916,Summit Salon Academy-Perrysburg,Perrysburg,OH,1,3,21.0,0.0,0.0,0.0,0.0,0.0,0.0,0.0,0.0,0.0,,,,113.0,,,7917,22606.0
457925,Portland Actors Conservatory,Portland,OR,1,2,11.0,0.0,0.0,0.0,0.0,0.0,0.0,0.0,0.0,0.0,,0.75,,11.0,12115.0,12115.0,PS,
457943,Somerset County Technology Center,Somerset,PA,1,1,41.0,0.0,0.0,0.0,0.0,0.0,0.0,0.0,0.0,0.0,,,,59.0,,,PS,37558.0
457952,Metro Beauty Academy,Allentown,PA,1,3,21.0,0.0,0.0,0.0,0.0,0.0,0.0,0.0,0.0,0.0,,,,197.0,,,8028,33859.0
457989,Academy for Careers and Technology,Mullins,SC,1,1,32.0,0.0,0.0,0.0,0.0,0.0,0.0,0.0,0.0,0.0,,,,37.0,,,PS,46553.0
458007,Love Beauty School Inc,Manchester,TN,1,3,32.0,0.0,0.0,0.0,0.0,0.0,0.0,0.0,0.0,0.0,,,,75.0,,,7917,18056.0
458043,DuVall's School of Cosmetology,Bedford,TX,1,3,21.0,0.0,0.0,0.0,0.0,0.0,0.0,0.0,0.0,0.0,,,,65.0,,,7917,30572.0
458061,Texas Beauty College,Haltom city,TX,1,3,21.0,0.0,0.0,0.0,0.0,0.0,0.0,0.0,0.0,0.0,,,,38.0,,,PS,26392.0
458070,Avenue Five Institute,Austin,TX,1,3,11.0,0.0,0.0,0.0,0.0,0.0,0.0,0.0,0.0,0.0,,,,316.0,,,7917,30280.0
458098,The Salon Professional Academy-Lewisville,Lewisville,TX,1,3,21.0,0.0,0.0,0.0,0.0,0.0,0.0,0.0,0.0,0.0,,,,132.0,,,7917,29145.0
458104,Renaissance Academie,Provo,UT,1,3,12.0,0.0,0.0,0.0,0.0,0.0,0.0,0.0,0.0,0.0,,,,188.0,,,6167,21547.0
458113,Ascent College,Gainesville,VA,1,2,21.0,0.0,0.0,0.0,0.0,0.0,0.0,0.0,0.0,0.0,27.0,,,82.0,8550.0,8550.0,PS,
458122,Institute of Advanced Medical Esthetics,Ashland,VA,1,3,21.0,0.0,0.0,0.0,0.0,0.0,0.0,0.0,0.0,0.0,,,,7.0,,,PS,31213.0
458131,Aveda Arts & Sciences Institute Seattle,Seattle,WA,1,3,11.0,0.0,0.0,0.0,0.0,0.0,0.0,0.0,0.0,0.0,,,,154.0,,,7773,32491.0
458140,Northwest School of Wooden Boat Building,Port Hadlock,WA,1,2,41.0,0.0,0.0,0.0,0.0,0.0,0.0,0.0,0.0,0.0,,,,50.0,20025.0,20025.0,PS,
458168,The Salon Professional Academy-Onalaska,Onalaska,WI,1,3,13.0,0.0,0.0,0.0,0.0,0.0,0.0,0.0,0.0,0.0,,,,67.0,,,8374,30744.0
458210,West Coast University-Anaheim-Orange County,Anaheim,CA,3,3,11.0,0.0,0.0,0.0,0.0,0.0,0.0,0.0,0.0,0.0,,,,3192.0,22506.0,22506.0,32946,102672.0
458229,West Coast University-Ontario,Ontario,CA,3,3,12.0,0.0,0.0,0.0,0.0,0.0,0.0,0.0,0.0,0.0,,,,2671.0,36854.0,36854.0,32946,102672.0
458274,Paul Mitchell the School-Chicago,Chicago,IL,1,3,11.0,0.0,0.0,0.0,0.0,0.0,0.0,0.0,0.0,0.0,,,,160.0,,,13598,27652.0
458405,Miller-Motte College-Fayetteville,Fayetteville,NC,1,3,12.0,0.0,0.0,0.0,0.0,0.0,0.0,0.0,0.0,0.0,,,,336.0,,,15917,31102.0
458423,European Massage Therapy School-Las Vegas,Las Vegas,NV,1,3,11.0,0.0,0.0,0.0,0.0,0.0,0.0,0.0,0.0,0.0,,,,84.0,,,5657,24290.0
458441,Miller-Motte College-Columbus,Columbus,GA,1,3,12.0,0.0,0.0,0.0,0.0,0.0,0.0,0.0,0.0,0.0,,,,190.0,,,15917,31102.0
458681,Fortis College-Indianapolis,Indianapolis,IN,1,3,11.0,0.0,0.0,0.0,0.0,0.0,0.0,0.0,0.0,0.0,,,,322.0,15072.0,15072.0,13000,34726.0
458803,Empire Beauty School-E Memphis,Memphis,TN,1,3,11.0,0.0,0.0,0.0,0.0,0.0,0.0,0.0,0.0,0.0,,,,156.0,,,10667,22377.0
458812,Empire Beauty School-Nashville,Brentwood,TN,1,3,21.0,0.0,0.0,0.0,0.0,0.0,0.0,0.0,0.0,0.0,,,,111.0,,,10667,23921.0
458821,Empire Beauty School-Jackson,Jackson,TN,1,3,13.0,0.0,0.0,0.0,0.0,0.0,0.0,0.0,0.0,0.0,,,,73.0,,,10667,24397.0
458830,Empire Beauty School-Springfield,Springfield,PA,1,3,21.0,0.0,0.0,0.0,0.0,0.0,0.0,0.0,0.0,0.0,,,,188.0,,,13000,25073.0
458858,Empire Beauty School-Speedway,Speedway,IN,1,3,21.0,0.0,0.0,0.0,0.0,0.0,0.0,0.0,0.0,0.0,,,,166.0,,,13583,24407.0
458867,Empire Beauty School-Morrow,Morrow,GA,1,3,21.0,0.0,0.0,0.0,0.0,0.0,0.0,0.0,0.0,0.0,,,,242.0,,,10667,24397.0
458885,Strayer University-Arkansas,Little Rock,AR,3,3,12.0,0.0,0.0,0.0,0.0,0.0,0.0,0.0,0.0,0.0,,,,695.0,13920.0,13920.0,40621,40092.0
458919,Strayer University-Georgia,Chamblee,GA,3,3,21.0,0.0,0.0,0.0,0.0,0.0,0.0,0.0,0.0,0.0,,,,4299.0,13920.0,13920.0,40621,40092.0
458955,Strayer University-Mississippi,Jackson,MS,3,3,12.0,0.0,0.0,0.0,0.0,0.0,0.0,0.0,0.0,0.0,,,,882.0,13920.0,13920.0,40621,40092.0
458964,Strayer University-South Carolina,Greenville,SC,3,3,13.0,0.0,0.0,0.0,0.0,0.0,0.0,0.0,0.0,0.0,,,,1868.0,13920.0,13920.0,40621,40092.0
458973,Strayer University-Texas,Farmers Branch,TX,3,3,21.0,0.0,0.0,0.0,0.0,0.0,0.0,0.0,0.0,0.0,,,,2293.0,13920.0,13920.0,40621,40092.0
459019,Empire Beauty School-Charlotte,Charlotte,NC,1,3,11.0,0.0,0.0,0.0,0.0,0.0,0.0,0.0,0.0,0.0,,,,90.0,,,10667,24022.0
459046,Empire Beauty School-Winston-Salem,Winston-Salem,NC,1,3,11.0,0.0,0.0,0.0,0.0,0.0,0.0,0.0,0.0,0.0,,,,80.0,,,10667,24397.0
459055,Empire Beauty School-West Palm,West Palm Beach,FL,1,3,21.0,0.0,0.0,0.0,0.0,0.0,0.0,0.0,0.0,0.0,,,,96.0,,,13000,25073.0
459064,Empire Beauty School-Pineville,Charlotte,NC,1,3,21.0,0.0,0.0,0.0,0.0,0.0,0.0,0.0,0.0,0.0,,,,75.0,,,13000,23925.0
459116,Paul Mitchell the School-Phoenix,Phoenix,AZ,1,3,11.0,0.0,0.0,0.0,0.0,0.0,0.0,0.0,0.0,0.0,,,,137.0,,,16779,29340.0
459170,Paul Mitchell the School-Modesto,Modesto,CA,1,3,12.0,0.0,0.0,0.0,0.0,0.0,0.0,0.0,0.0,0.0,,,,218.0,,,6211,28691.0
459198,Paul Mitchell the School-Fresno,Fresno,CA,1,3,11.0,0.0,0.0,0.0,0.0,0.0,0.0,0.0,0.0,0.0,,,,223.0,,,11277,29671.0
459204,Unitek College,Fremont,CA,1,3,12.0,0.0,0.0,0.0,0.0,0.0,0.0,0.0,0.0,0.0,,,,4972.0,,,10700,79550.0
459213,Gurnick Academy of Medical Arts,San Jose,CA,1,3,11.0,0.0,0.0,0.0,0.0,0.0,0.0,0.0,0.0,0.0,,,,3421.0,,,17317,66844.0
459231,Paul Mitchell the School-East Bay,Pleasant Hill,CA,1,3,21.0,0.0,0.0,0.0,0.0,0.0,0.0,0.0,0.0,0.0,,,,184.0,,,13083,29418.0
459259,South University-Richmond,Glen Allen,VA,3,3,21.0,0.0,0.0,0.0,0.0,0.0,0.0,0.0,0.0,0.0,,,,232.0,18145.0,18145.0,26123,34421.0
459268,South University-Virginia Beach,Virginia Beach,VA,3,3,11.0,0.0,0.0,0.0,0.0,0.0,0.0,0.0,0.0,0.0,,,,240.0,18145.0,18145.0,26123,34421.0
459277,Aveda Institute-Denver,Denver,CO,1,3,11.0,0.0,0.0,0.0,0.0,0.0,0.0,0.0,0.0,0.0,,,,280.0,,,9829,38020.0
459286,Paul Mitchell the School-Colorado Springs,Colorado Springs,CO,1,3,11.0,0.0,0.0,0.0,0.0,0.0,0.0,0.0,0.0,0.0,,,,204.0,,,7667,27683.0
459295,The Salon Professional Academy-Colorado Springs,Colorado Springs,CO,1,3,11.0,0.0,0.0,0.0,0.0,0.0,0.0,0.0,0.0,0.0,,,,121.0,,,6333,28934.0
459301,Paul Mitchell the School-Delaware,Newark,DE,1,3,21.0,0.0,0.0,0.0,0.0,0.0,0.0,0.0,0.0,0.0,,,,148.0,,,9833,32242.0
459329,Fred K Marchman Technical College,New Port Richey,FL,1,1,21.0,0.0,0.0,0.0,0.0,0.0,0.0,0.0,0.0,0.0,,,,306.0,,,PS,30259.0
459347,The Salon Professional Academy-Ft Myers,Fort Myers,FL,1,3,13.0,0.0,0.0,0.0,0.0,0.0,0.0,0.0,0.0,0.0,,,,112.0,,,9500,26408.0
459374,Universal Spa Training Academy,Downers Grove,IL,1,3,13.0,0.0,0.0,0.0,0.0,0.0,0.0,0.0,0.0,0.0,,,,139.0,,,7283,41928.0
459392,The Salon Professional Academy-Evansville,Evansville,IN,1,3,12.0,0.0,0.0,0.0,0.0,0.0,0.0,0.0,0.0,0.0,,,,162.0,,,9833,26881.0
459408,Tri County Regional Vocational Technical High School,Franklin,MA,1,1,21.0,0.0,0.0,0.0,0.0,0.0,0.0,0.0,0.0,0.0,,,,72.0,,,PS,
459426,Nova Academy of Cosmetology,Rochester,MN,1,3,12.0,0.0,0.0,0.0,0.0,0.0,0.0,0.0,0.0,0.0,,,,205.0,,,9424,32156.0
459514,Maestro College,Dallas,TX,1,3,11.0,0.0,0.0,0.0,0.0,0.0,0.0,0.0,0.0,0.0,,,,61.0,,,9500,33559.0
459523,ABC Beauty Academy,Richardson,TX,1,3,12.0,0.0,0.0,0.0,0.0,0.0,0.0,0.0,0.0,0.0,,,,52.0,,,PS,16263.0
459532,Salon & Spa Institute,Brownsville,TX,1,3,12.0,0.0,0.0,0.0,0.0,0.0,0.0,0.0,0.0,0.0,,,,71.0,,,8212,21571.0
459550,Summit Salon Academy,Tacoma,WA,1,3,12.0,0.0,0.0,0.0,0.0,0.0,0.0,0.0,0.0,0.0,,,,138.0,,,9785,31648.0
459578,Paul Mitchell the School-Milwaukee,Wauwatosa,WI,1,3,21.0,0.0,0.0,0.0,0.0,0.0,0.0,0.0,0.0,0.0,,,,140.0,,,10486,25122.0
459727,Touro University Worldwide,Los Alamitos,CA,3,2,21.0,0.0,0.0,0.0,0.0,0.0,0.0,0.0,0.0,0.0,,,,454.0,14600.0,14600.0,25000,40803.0
459736,Touro University California,Vallejo,CA,4,2,12.0,0.0,0.0,0.0,0.0,0.0,0.0,0.0,0.0,0.0,80.0,,,23.0,20005.0,20005.0,12500,104805.0
459745,The Chicago School at Washington DC,Washington,DC,4,2,11.0,0.0,0.0,0.0,0.0,0.0,0.0,0.0,0.0,0.0,,,,,,,20000,56899.0
459824,Touro University Nevada,Henderson,NV,3,2,11.0,0.0,0.0,0.0,0.0,0.0,0.0,0.0,0.0,0.0,80.0,,,22.0,,,12500,104805.0
459842,Herzing University-Kenosha,Kenosha,WI,3,2,13.0,0.0,0.0,0.0,0.0,0.0,1.0,0.0,0.0,0.0,,0.92,,522.0,13450.0,13450.0,21500,36909.0
459851,Herzing University-Brookfield,Brookfield,WI,1,2,21.0,0.0,0.0,0.0,0.0,0.0,0.0,0.0,0.0,0.0,,0.9306,,380.0,13450.0,13450.0,21500,36909.0
459949,Texas A&M University-San Antonio,San Antonio,TX,3,1,11.0,0.0,0.0,0.0,0.0,0.0,1.0,0.0,0.0,0.0,,0.928,955.0,6599.0,9654.0,23255.0,18401,54338.0
459958,Fortis Institute,Houston,TX,1,3,11.0,0.0,0.0,0.0,0.0,0.0,0.0,0.0,0.0,0.0,,,,422.0,,,9500,33193.0
459967,Southern Careers Institute-Brownsville,Brownsville,TX,1,3,12.0,0.0,0.0,0.0,0.0,0.0,0.0,0.0,0.0,0.0,,,,631.0,,,8708,27035.0
459985,Southern Careers Institute-Harlingen,Harlingen,TX,1,3,13.0,0.0,0.0,0.0,0.0,0.0,0.0,0.0,0.0,0.0,,,,543.0,,,8708,27035.0
459994,Strayer University-Global Region,Washington,DC,3,3,11.0,0.0,0.0,0.0,0.0,0.0,0.0,0.0,0.0,0.0,,,,9376.0,13920.0,13920.0,40621,40092.0
460011,Kenneth Shuler School of Cosmetology-Florence,Florence,SC,1,3,41.0,0.0,0.0,0.0,0.0,0.0,0.0,0.0,0.0,0.0,,,,172.0,,,8661,25542.0
460020,Fortis College-Columbia,Columbia,SC,1,3,12.0,0.0,0.0,0.0,0.0,0.0,0.0,0.0,0.0,0.0,,,,582.0,14777.0,14777.0,12547,36368.0
460093,Ross Medical Education Center-Davison,Davison,MI,1,3,21.0,0.0,0.0,0.0,0.0,0.0,0.0,0.0,0.0,0.0,,,,53.0,,,9500,29898.0
460109,Ross Medical Education Center-Granger,Mishawaka,IN,1,3,13.0,0.0,0.0,0.0,0.0,0.0,0.0,0.0,0.0,0.0,,,,172.0,,,9500,30481.0
460118,Ross Medical Education Center-Niles,Niles,OH,1,3,21.0,0.0,0.0,0.0,0.0,0.0,0.0,0.0,0.0,0.0,,,,99.0,,,9500,30072.0
460127,Ross Medical Education Center-Canton,Canton,MI,1,3,21.0,0.0,0.0,0.0,0.0,0.0,0.0,0.0,0.0,0.0,,,,92.0,,,9500,30060.0
460136,Pima Medical Institute-Houston,Houston,TX,1,3,11.0,0.0,0.0,0.0,0.0,0.0,0.0,0.0,0.0,0.0,,,,1068.0,,,9500,38673.0
460145,Illinois Media School-Chicago Campus,Chicago,IL,1,3,11.0,0.0,0.0,0.0,0.0,0.0,0.0,0.0,0.0,0.0,,,,66.0,,,9500,38284.0
460172,Miller-Motte College-STVT-San Antonio,San Antonio,TX,1,3,11.0,0.0,0.0,0.0,0.0,0.0,0.0,0.0,0.0,0.0,,,,762.0,,,15917,31102.0
460181,Concorde Career College-Dallas,Dallas,TX,1,3,11.0,0.0,0.0,0.0,0.0,0.0,0.0,0.0,0.0,0.0,,0.9045,,194.0,,,9500,42456.0
460190,Concorde Career Institute-Orlando,Orlando,FL,1,3,11.0,0.0,0.0,0.0,0.0,0.0,0.0,0.0,0.0,0.0,,0.9005,,95.0,,,9500,34098.0
460206,Concorde Career College-San Antonio,San Antonio,TX,1,3,11.0,0.0,0.0,0.0,0.0,0.0,0.0,0.0,0.0,0.0,,0.9518,,195.0,,,9500,35242.0
460349,Johnson & Wales University-Online,Providence,RI,3,2,12.0,0.0,0.0,0.0,0.0,0.0,0.0,0.0,0.0,0.0,,0.9097,,2202.0,13365.0,13365.0,26000,43418.0
460394,Moreno Valley College,Moreno Valley,CA,2,1,21.0,0.0,0.0,0.0,0.0,0.0,1.0,0.0,0.0,0.0,,,,9346.0,1428.0,12498.0,PS,52133.0
460464,Norco College,Norco,CA,2,1,21.0,0.0,0.0,0.0,0.0,1.0,1.0,0.0,0.0,0.0,,,,8779.0,1428.0,12498.0,PS,51206.0
460482,Dorsey College-Saginaw,Saginaw,MI,1,3,22.0,0.0,0.0,0.0,0.0,0.0,0.0,0.0,0.0,0.0,,,,183.0,16990.0,16990.0,13000,29392.0
460534,Milan Institute of Cosmetology-El Paso,El Paso,TX,1,3,11.0,0.0,0.0,0.0,0.0,0.0,0.0,0.0,0.0,0.0,,,,448.0,,,6333,22378.0
460543,Universal Technical Institute-Dallas Fort Worth,Irving,TX,2,3,11.0,0.0,0.0,0.0,0.0,0.0,0.0,0.0,0.0,0.0,,,,1610.0,,,14267,51222.0
460677,ICPR Junior College,Manati,PR,1,3,21.0,0.0,0.0,0.0,0.0,0.0,0.0,0.0,0.0,0.0,,,,424.0,8664.0,8664.0,PS,18694.0
460701,Artistic Nails and Beauty Academy-Lakeland,Lakeland,FL,1,3,12.0,0.0,0.0,0.0,0.0,0.0,0.0,0.0,0.0,0.0,,,,185.0,,,6333,20948.0
460756,Hawaii Medical College,Honolulu,HI,1,3,11.0,0.0,0.0,0.0,0.0,0.0,0.0,0.0,0.0,0.0,,,,194.0,25927.0,25927.0,13000,38880.0
460765,Carolina College of Hair Design Inc,Asheville,NC,1,3,13.0,0.0,0.0,0.0,0.0,0.0,0.0,0.0,0.0,0.0,,,,46.0,,,4889,
460808,Integrated Massage Therapy Services,Blackfoot,ID,1,3,32.0,0.0,0.0,0.0,0.0,0.0,0.0,0.0,0.0,0.0,,,,7.0,,,PS,24368.0
460817,Miller-Motte College-Jacksonville,Jacksonville,NC,1,3,13.0,0.0,0.0,0.0,0.0,0.0,0.0,0.0,0.0,0.0,,,,195.0,,,15917,31102.0
460826,Miller-Motte College-Augusta,Augusta,GA,1,3,12.0,0.0,0.0,0.0,0.0,0.0,0.0,0.0,0.0,0.0,,,,506.0,,,15917,31102.0
460862,Aveda Institute-Portland,Portland,OR,1,3,11.0,0.0,0.0,0.0,0.0,0.0,0.0,0.0,0.0,0.0,,,,238.0,,,6826,33003.0
460871,Chamberlain University-Virginia,Vienna,VA,3,3,21.0,0.0,0.0,0.0,0.0,0.0,0.0,0.0,0.0,0.0,,0.9,,557.0,20785.0,20785.0,20919,92405.0
460914,Penrose Academy,Scottsdale,AZ,1,3,11.0,0.0,0.0,0.0,0.0,0.0,0.0,0.0,0.0,0.0,,,,403.0,,,6333,35839.0
460932,Skin Institute,Saint Louis,MO,1,3,21.0,0.0,0.0,0.0,0.0,0.0,0.0,0.0,0.0,0.0,,,,88.0,,,PS,23524.0
460969,Beauty Academy of South Florida,Hialeah Gardens,FL,1,3,21.0,0.0,0.0,0.0,0.0,0.0,0.0,0.0,0.0,0.0,,,,544.0,,,6458,16826.0
460978,Ogle School Hair Skin Nails-North Dallas,Dallas,TX,1,3,11.0,0.0,0.0,0.0,0.0,0.0,0.0,0.0,0.0,0.0,,,,312.0,,,7917,26885.0
460987,The Salon Professional Academy,Sherwood,AR,1,3,41.0,0.0,0.0,0.0,0.0,0.0,0.0,0.0,0.0,0.0,,,,106.0,,,6333,
460996,The Salon Professional Academy-St Charles,St. Charles,MO,1,3,21.0,0.0,0.0,0.0,0.0,0.0,0.0,0.0,0.0,0.0,,,,132.0,,,8589,34900.0
461014,Mildred Elley-New York Campus,New York,NY,1,3,11.0,0.0,0.0,0.0,0.0,0.0,0.0,0.0,0.0,0.0,,,,961.0,17926.0,17926.0,19000,38830.0
461023,Crestpoint University,Phoenix,AZ,3,3,11.0,0.0,0.0,0.0,0.0,0.0,0.0,0.0,0.0,0.0,,,,385.0,7995.0,7995.0,24853,42269.0
461032,Carolina College of Biblical Studies,Fayetteville,NC,3,2,12.0,0.0,0.0,0.0,0.0,0.0,0.0,0.0,0.0,0.0,,,,159.0,6906.0,6906.0,25750,24581.0
461087,Northeast Technology Center,Pryor,OK,1,1,32.0,0.0,0.0,0.0,0.0,0.0,0.0,0.0,0.0,0.0,,,,1498.0,,,PS,34457.0
461111,Allstate Hairstyling & Barber College,Cleveland,OH,1,3,11.0,0.0,0.0,0.0,0.0,0.0,0.0,0.0,0.0,0.0,,,,33.0,,,PS,
461120,Omega Graduate School,Dayton,TN,4,2,41.0,0.0,0.0,0.0,0.0,0.0,0.0,0.0,0.0,0.0,,,,,,,,
461139,Jung Tao School of Classical Chinese Medicine,Sugar Grove,NC,4,2,42.0,0.0,0.0,0.0,0.0,0.0,0.0,0.0,0.0,0.0,,,,,,,PS,
461148,New York Film Academy,Burbank,CA,3,3,12.0,0.0,0.0,0.0,0.0,0.0,0.0,0.0,0.0,0.0,,,,849.0,36920.0,36920.0,16000,29633.0
461193,Bella Capelli Academy,Monroeville,PA,1,3,21.0,0.0,0.0,0.0,0.0,0.0,0.0,0.0,0.0,0.0,,,,259.0,,,8028,25817.0
461218,Institute of Medical Careers,Pittsburgh,PA,1,3,21.0,0.0,0.0,0.0,0.0,0.0,0.0,0.0,0.0,0.0,,,,845.0,,,12925,
461245,Flagler Technical College,Palm Coast,FL,1,1,21.0,0.0,0.0,0.0,0.0,0.0,0.0,0.0,0.0,0.0,,,,106.0,,,PS,
461254,Galaxy Medical College,North Hollywood,CA,1,3,11.0,0.0,0.0,0.0,0.0,0.0,0.0,0.0,0.0,0.0,,,,111.0,,,9500,
461263,American Medical Sciences Center,Glendale,CA,3,3,12.0,0.0,0.0,0.0,0.0,0.0,0.0,0.0,0.0,0.0,,,,365.0,,,PS,29972.0
461272,Mandalyn Academy,American Fork,UT,1,3,21.0,0.0,0.0,0.0,0.0,0.0,0.0,0.0,0.0,0.0,,,,55.0,,,PS,
461281,Jose Maria Vargas University,Pembroke Pines,FL,1,3,21.0,0.0,0.0,0.0,0.0,0.0,0.0,0.0,0.0,0.0,,,,86.0,13660.0,13660.0,PS,
461306,D A Dorsey Technical College,Miami,FL,1,1,21.0,0.0,0.0,0.0,0.0,0.0,0.0,0.0,0.0,0.0,,,,129.0,,,PS,
461315,Keweenaw Bay Ojibwa Community College,LAnse,MI,2,1,43.0,0.0,0.0,0.0,1.0,0.0,0.0,0.0,0.0,0.0,,,,139.0,5000.0,5000.0,PS,22340.0
461324,Meridian Institute of Surgical Assisting,Nashville,TN,1,3,11.0,0.0,0.0,0.0,0.0,0.0,0.0,0.0,0.0,0.0,,,,805.0,,,6840,62978.0
461333,Mauna Loa Helicopters,Kailua Kona,HI,1,3,33.0,0.0,0.0,0.0,0.0,0.0,0.0,0.0,0.0,0.0,,,,12.0,,,PS,
461342,Acaydia School of Aesthetics,Provo,UT,1,3,12.0,0.0,0.0,0.0,0.0,0.0,0.0,0.0,0.0,0.0,,,,113.0,,,7667,
461379,Holistic Massage Training Institute,Baltimore,MD,1,3,11.0,0.0,0.0,0.0,0.0,0.0,0.0,0.0,0.0,0.0,,,,36.0,,,PS,
461388,Diamonds College,Sherman,TX,1,3,13.0,0.0,0.0,0.0,0.0,0.0,0.0,0.0,0.0,0.0,,,,51.0,,,8000,27126.0
461412,Northern Virginia School of Therapeutic Massage,Falls Church,VA,1,3,21.0,0.0,0.0,0.0,0.0,0.0,0.0,0.0,0.0,0.0,,,,101.0,,,6333,44892.0
461421,Paul Mitchell the School-St Louis,St. Louis,MO,1,3,11.0,0.0,0.0,0.0,0.0,0.0,0.0,0.0,0.0,0.0,,,,214.0,,,9833,33132.0
461430,Advanced Training Institute,Las Vegas,NV,1,3,12.0,0.0,0.0,0.0,0.0,0.0,0.0,0.0,0.0,0.0,,,,605.0,,,7600,45893.0
461485,Shepherds Theological Seminary,Cary,NC,4,2,12.0,0.0,0.0,0.0,0.0,0.0,0.0,0.0,0.0,0.0,54.0,,,,,,PS,
461494,Taylor Andrews Academy of Hair Design-West Jordan,West Jordan,UT,1,3,21.0,0.0,0.0,0.0,0.0,0.0,0.0,0.0,0.0,0.0,,,,144.0,,,10556,36048.0
461500,Santa Ana Beauty Academy,Santa Ana,CA,1,3,11.0,0.0,0.0,0.0,0.0,0.0,0.0,0.0,0.0,0.0,,,,35.0,,,PS,28107.0
461528,Manna University,Fayetteville,NC,1,2,12.0,0.0,0.0,0.0,0.0,0.0,0.0,0.0,0.0,0.0,79.0,0.5269,,183.0,9105.0,9105.0,13450,
461537,Evolve Beauty Academy,Washington,MO,1,3,32.0,0.0,0.0,0.0,0.0,0.0,0.0,0.0,0.0,0.0,,,,16.0,,,PS,
461555,Aveda Institute-New Mexico,Albuquerque,NM,1,3,11.0,0.0,0.0,0.0,0.0,0.0,0.0,0.0,0.0,0.0,,,,161.0,,,7000,
461573,American Trade School,Saint Ann,MO,1,3,21.0,0.0,0.0,0.0,0.0,0.0,0.0,0.0,0.0,0.0,,,,154.0,,,PS,47161.0
461582,Estelle Skin Care and Spa Institute,Skokie,IL,1,3,13.0,0.0,0.0,0.0,0.0,0.0,0.0,0.0,0.0,0.0,,,,141.0,,,7136,25148.0
461607,Elite Cosmetology School,PALM DESERT,CA,1,3,13.0,0.0,0.0,0.0,0.0,0.0,0.0,0.0,0.0,0.0,,,,115.0,,,8164,17966.0
461625,American Technical Institute,Bayamon,PR,1,3,12.0,0.0,0.0,0.0,0.0,0.0,0.0,0.0,0.0,0.0,,,,11.0,,,PS,
461652,Aveda Institute-Boise,Boise,ID,1,3,12.0,0.0,0.0,0.0,0.0,0.0,0.0,0.0,0.0,0.0,,,,97.0,,,5846,24470.0
461689,Pima Medical Institute-Aurora,Aurora,CO,1,3,11.0,0.0,0.0,0.0,0.0,0.0,0.0,0.0,0.0,0.0,,,,266.0,,,8521,
461704,Capilo School of Hair Design,Augusta,ME,1,3,32.0,0.0,0.0,0.0,0.0,0.0,0.0,0.0,0.0,0.0,,,,156.0,,,7700,
461713,Pure Aesthetics Natural Skincare School,Tucson,AZ,1,3,11.0,0.0,0.0,0.0,0.0,0.0,0.0,0.0,0.0,0.0,,,,53.0,,,PS,
461722,Lindsey Institute of Cosmetology,Bowling Green,KY,1,3,13.0,0.0,0.0,0.0,0.0,0.0,0.0,0.0,0.0,0.0,,,,56.0,,,PS,14602.0
461740,Invictus Career College,Dallas,TX,1,3,11.0,0.0,0.0,0.0,0.0,0.0,0.0,0.0,0.0,0.0,,,,38.0,,,PS,27850.0
461759,Simmons College of Kentucky,Louisville,KY,2,2,11.0,1.0,0.0,0.0,0.0,0.0,0.0,0.0,0.0,0.0,52.0,1.0,,481.0,16398.0,16398.0,PS,
461768,Atelier Esthetique Institute of Esthetics,New York,NY,1,3,11.0,0.0,0.0,0.0,0.0,0.0,0.0,0.0,0.0,0.0,,,,299.0,,,5846,40826.0
461786,Advanced College of Cosmetology,Waupun,WI,1,3,32.0,0.0,0.0,0.0,0.0,0.0,0.0,0.0,0.0,0.0,,,,24.0,,,PS,
461795,North American University,Stafford,TX,3,2,21.0,0.0,0.0,0.0,0.0,0.0,0.0,0.0,0.0,0.0,,,,609.0,15436.0,15436.0,4925,
461829,Cinta Aveda Institute,San Francisco,CA,1,3,11.0,0.0,0.0,0.0,0.0,0.0,0.0,0.0,0.0,0.0,,,,117.0,,,6333,34937.0
461838,Long Island Nail Skin & Hair Institute,Bethpage,NY,1,3,21.0,0.0,0.0,0.0,0.0,0.0,0.0,0.0,0.0,0.0,,,,249.0,,,5611,23404.0
461847,Keser Torah-Mayan Hatalmud,Lakewood,NJ,3,2,21.0,0.0,0.0,0.0,0.0,0.0,0.0,0.0,0.0,0.0,,1.0,,57.0,12460.0,12460.0,PS,
461856,Southern California Health Institute,North Hollywood,CA,1,3,11.0,0.0,0.0,0.0,0.0,0.0,0.0,0.0,0.0,0.0,,,,156.0,,,9500,34558.0
461865,Best Care College,East Orange,NJ,1,3,21.0,0.0,0.0,0.0,0.0,0.0,0.0,0.0,0.0,0.0,,,,44.0,,,PS,64311.0
461874,First Class Cosmetology School,Beloit,WI,1,3,13.0,0.0,0.0,0.0,0.0,0.0,0.0,0.0,0.0,0.0,,,,92.0,,,10194,26792.0
461883,Millennia Atlantic University,Doral,FL,3,3,13.0,0.0,0.0,0.0,0.0,0.0,0.0,0.0,0.0,0.0,,,,184.0,13778.0,13778.0,PS,
461892,Abcott Institute,Southfield,MI,1,3,13.0,0.0,0.0,0.0,0.0,0.0,0.0,0.0,0.0,0.0,,,,142.0,,,10411,33151.0
461908,The Salon Professional Academy-Kenosha,Kenosha,WI,1,3,13.0,0.0,0.0,0.0,0.0,0.0,0.0,0.0,0.0,0.0,,,,130.0,,,6333,24941.0
461917,Paul Mitchell the School-Indianapolis,Indianapolis,IN,1,3,11.0,0.0,0.0,0.0,0.0,0.0,0.0,0.0,0.0,0.0,,,,178.0,,,9500,34913.0
461926,Taylor Andrews Academy-St George,St. George,UT,1,3,12.0,0.0,0.0,0.0,0.0,0.0,0.0,0.0,0.0,0.0,,,,127.0,,,7505,17368.0
461944,Protege Academy,East Lansing,MI,1,3,21.0,0.0,0.0,0.0,0.0,0.0,0.0,0.0,0.0,0.0,,,,72.0,,,9833,19499.0
461962,Northeast Technical Institute,Scarborough,ME,1,3,22.0,0.0,0.0,0.0,0.0,0.0,0.0,0.0,0.0,0.0,,,,74.0,,,8708,
461999,Elite School of Cosmetology,Norwalk,OH,1,3,31.0,0.0,0.0,0.0,0.0,0.0,0.0,0.0,0.0,0.0,,,,200.0,,,7412,23547.0
462008,Paul Mitchell the School-Las Vegas,Las Vegas,NV,1,3,11.0,0.0,0.0,0.0,0.0,0.0,0.0,0.0,0.0,0.0,,,,204.0,,,13667,
462017,Summit Salon Academy-Kokomo,Kokomo,IN,1,3,13.0,0.0,0.0,0.0,0.0,0.0,0.0,0.0,0.0,0.0,,,,98.0,,,8973,23226.0
462035,Florida Academy,Fort Myers,FL,1,3,13.0,0.0,0.0,0.0,0.0,0.0,0.0,0.0,0.0,0.0,,,,350.0,,,6333,
462044,Institute for Doctoral Studies in the Visual Arts,Portland,ME,4,2,13.0,0.0,0.0,0.0,0.0,0.0,0.0,0.0,0.0,0.0,,,,,,,,
462053,State Career College,Gurnee,IL,1,3,21.0,0.0,0.0,0.0,0.0,0.0,0.0,0.0,0.0,0.0,,,,185.0,,,9500,
462062,Academy for Salon Professionals,Northridge,CA,1,3,11.0,0.0,0.0,0.0,0.0,0.0,0.0,0.0,0.0,0.0,,,,134.0,,,6333,
462071,Paul Mitchell the School-Spokane,Spokane Valley,WA,1,3,12.0,0.0,0.0,0.0,0.0,0.0,0.0,0.0,0.0,0.0,,,,296.0,,,10556,27209.0
462336,International College of Beauty Arts & Sciences,Los Angeles,CA,1,3,11.0,0.0,0.0,0.0,0.0,0.0,0.0,0.0,0.0,0.0,,,,62.0,,,PS,
462354,John Paul the Great Catholic University,Escondido,CA,3,2,21.0,0.0,0.0,0.0,0.0,0.0,1.0,0.0,0.0,0.0,30.0,0.7963,1130.0,286.0,30265.0,30265.0,26968,56930.0
463056,University of Connecticut-Hartford Campus,Hartford,CT,3,1,12.0,0.0,0.0,0.0,0.0,1.0,0.0,0.0,0.0,0.0,,0.8833,1073.0,1525.0,18130.0,40798.0,21500,73997.0
464226,Ottawa University-Surprise,Surprise,AZ,3,2,21.0,0.0,0.0,0.0,0.0,0.0,1.0,0.0,0.0,0.0,52.0,0.7815,972.0,836.0,35880.0,35880.0,21500,55552.0
466921,Chamberlain University-Missouri,St. Louis,MO,3,3,21.0,0.0,0.0,0.0,0.0,0.0,0.0,0.0,0.0,0.0,,1.0,,284.0,19975.0,19975.0,20919,92405.0
466930,Chamberlain University-Texas,Houston,TX,3,3,11.0,0.0,0.0,0.0,0.0,0.0,0.0,0.0,0.0,0.0,,0.8387,,2270.0,20380.0,20380.0,20919,92405.0
467094,Continental School of Beauty Culture-Mattydale,Mattydale,NY,1,3,21.0,0.0,0.0,0.0,0.0,0.0,0.0,0.0,0.0,0.0,,,,152.0,,,6333,23906.0
467863,Paul Mitchell the School-Columbia,West Columbia,SC,1,3,21.0,0.0,0.0,0.0,0.0,0.0,0.0,0.0,0.0,0.0,,,,256.0,,,11740,26696.0
467872,Paul Mitchell the School-Charleston,North Charleston,SC,1,3,12.0,0.0,0.0,0.0,0.0,0.0,0.0,0.0,0.0,0.0,,,,264.0,,,11740,26696.0
467906,Kenneth Shuler School of Cosmetology-Greenville,Greenville,SC,1,3,21.0,0.0,0.0,0.0,0.0,0.0,0.0,0.0,0.0,0.0,,,,157.0,,,6333,23193.0
468246,Northwest College-Eugene,Springfield,OR,1,3,13.0,0.0,0.0,0.0,0.0,0.0,0.0,0.0,0.0,0.0,,,,139.0,,,7564,24421.0
468255,Northwest College-Tualatin,Tualatin,OR,1,3,21.0,0.0,0.0,0.0,0.0,0.0,0.0,0.0,0.0,0.0,,,,35.0,,,7564,24421.0
468769,CET-Soledad,Soledad,CA,1,2,32.0,0.0,0.0,0.0,0.0,0.0,0.0,0.0,0.0,0.0,,,,155.0,,,7041,32986.0
468848,UEI College-Oceanside,Oceanside,CA,1,3,21.0,0.0,0.0,0.0,0.0,0.0,0.0,0.0,0.0,0.0,,,,814.0,,,9500,31141.0
468893,Paul Mitchell the School-New Orleans,Metairie,LA,1,3,12.0,0.0,0.0,0.0,0.0,0.0,0.0,0.0,0.0,0.0,,,,185.0,,,9833,25699.0
468909,UEI College-Garden Grove,Garden Grove,CA,1,3,21.0,0.0,0.0,0.0,0.0,0.0,0.0,0.0,0.0,0.0,,,,1073.0,,,9500,31141.0
468963,New England Tractor Trailer Training School of Massachusetts,North Andover,MA,1,3,21.0,0.0,0.0,0.0,0.0,0.0,0.0,0.0,0.0,0.0,,,,430.0,,,6333,53085.0
469416,Dewey University-Manati,Manati,PR,2,2,21.0,0.0,0.0,0.0,0.0,0.0,1.0,0.0,0.0,0.0,,,,221.0,7630.0,7630.0,5185,19761.0
469610,Allen School-Phoenix,Phoenix,AZ,1,3,11.0,0.0,0.0,0.0,0.0,0.0,0.0,0.0,0.0,0.0,,,,8.0,,,9500,34186.0
469629,Oklahoma Technical College,Tulsa,OK,1,2,11.0,0.0,0.0,0.0,0.0,0.0,0.0,1.0,0.0,0.0,,,,128.0,,,8898,28954.0
469911,Unitech Training Academy-Alexandria,Alexandria,LA,1,3,13.0,0.0,0.0,0.0,0.0,0.0,0.0,0.0,0.0,0.0,,,,86.0,,,8721,24707.0
470038,UEI College-Riverside,Riverside,CA,1,3,11.0,0.0,0.0,0.0,0.0,0.0,0.0,0.0,0.0,0.0,,,,1616.0,,,9500,30848.0
470047,WellSpring School of Allied Health-Lawrence,Lawrence,KS,2,3,13.0,0.0,0.0,0.0,0.0,0.0,0.0,0.0,0.0,0.0,,,,37.0,,,7917,29839.0
470296,Manuel and Theresa's School of Hair Design-Victoria,Victoria,TX,1,3,13.0,0.0,0.0,0.0,0.0,0.0,0.0,0.0,0.0,0.0,,,,18.0,,,7924,
470393,Tricoci University of Beauty Culture-Chicago NE,Chicago,IL,1,3,11.0,0.0,0.0,0.0,0.0,0.0,0.0,0.0,0.0,0.0,,,,160.0,,,7307,27330.0
474863,Los Angeles Pacific University,Glendora,CA,3,2,21.0,0.0,0.0,0.0,0.0,0.0,1.0,0.0,0.0,0.0,88.0,,,1483.0,12360.0,12360.0,18750,
474915,Avalon Institute-Phoenix,Phoenix,AZ,1,3,11.0,0.0,0.0,0.0,0.0,0.0,0.0,0.0,0.0,0.0,,,,219.0,,,6332,30803.0
474924,Avalon Institute-Layton,Layton,UT,1,3,21.0,0.0,0.0,0.0,0.0,0.0,0.0,0.0,0.0,0.0,,,,186.0,,,6332,30803.0
475015,Aveda Institute-Des Moines,West Des Moines,IA,1,3,13.0,0.0,0.0,0.0,0.0,0.0,0.0,0.0,0.0,0.0,,,,244.0,,,8461,36132.0
475024,Fortis Institute-Lawrenceville,Lawrenceville,NJ,1,3,21.0,0.0,0.0,0.0,0.0,0.0,0.0,0.0,0.0,0.0,,,,373.0,,,9500,36920.0
475033,Relay Graduate School of Education,New York,NY,1,2,11.0,0.0,0.0,0.0,0.0,0.0,0.0,0.0,0.0,0.0,,,,44.0,,,PS,
475060,Miller-Motte College-Macon,Macon,GA,1,3,12.0,0.0,0.0,0.0,0.0,0.0,0.0,0.0,0.0,0.0,,,,230.0,,,15917,31102.0
475121,South University-Savannah Online,Savannah,GA,3,3,12.0,0.0,0.0,0.0,0.0,0.0,0.0,0.0,0.0,0.0,,,,6433.0,18145.0,18145.0,26123,34421.0
475176,San Joaquin Valley College-Temecula,Temecula,CA,1,3,12.0,0.0,0.0,0.0,0.0,0.0,0.0,0.0,0.0,0.0,,,,650.0,,,10674,38317.0
475200,Whitworth University-Adult Degree Programs,Spokane,WA,3,2,21.0,0.0,0.0,0.0,0.0,0.0,0.0,0.0,0.0,0.0,103.0,0.2857,,145.0,13560.0,13560.0,25000,58561.0
475228,The Colleges of Law at Santa Barbara,Santa Barbara,CA,4,2,13.0,0.0,0.0,0.0,0.0,0.0,0.0,0.0,0.0,0.0,,,,,,,PS,
475273,Springfield College-Regional Online and Continuing Education,Springfield,MA,3,2,12.0,0.0,0.0,0.0,0.0,0.0,0.0,0.0,0.0,0.0,,,,176.0,,,26250,48036.0
475282,Marian Health Careers Center-Van Nuys Campus,Van Nuys,CA,1,3,11.0,0.0,0.0,0.0,0.0,0.0,0.0,0.0,0.0,0.0,,,,90.0,,,12337,63612.0
475325,Milan Institute-Las Vegas,Las Vegas,NV,1,3,11.0,0.0,0.0,0.0,0.0,0.0,0.0,0.0,0.0,0.0,,,,331.0,,,6333,24879.0
475398,Catholic International University,Charles Town,WV,3,2,31.0,0.0,0.0,0.0,0.0,0.0,0.0,0.0,0.0,0.0,30.0,,,116.0,10080.0,10080.0,PS,
475404,New York School of Esthetics & Day Spa,white plains,NY,1,3,13.0,0.0,0.0,0.0,0.0,0.0,0.0,0.0,0.0,0.0,,,,120.0,,,PS,
475422,Finger Lakes Health College of Nursing & Health Sciences,Geneva,NY,2,2,32.0,0.0,0.0,0.0,0.0,0.0,0.0,0.0,0.0,0.0,,1.0,,65.0,13620.0,13620.0,12975,40054.0
475431,ASI Career Institute,Turnersville,NJ,1,3,21.0,0.0,0.0,0.0,0.0,0.0,0.0,0.0,0.0,0.0,,,,62.0,,,PS,
475468,Christine Valmy International School of Esthetics & Cosmetology,Wayne,NJ,1,3,21.0,0.0,0.0,0.0,0.0,0.0,0.0,0.0,0.0,0.0,,,,353.0,,,5457,
475486,Paul Mitchell the School-Arlington,Arlington,TX,1,3,11.0,0.0,0.0,0.0,0.0,0.0,0.0,0.0,0.0,0.0,,,,360.0,,,8505,28693.0
475495,Rocky Mountain University of Health Professions,Provo,UT,4,3,12.0,0.0,0.0,0.0,0.0,0.0,0.0,0.0,0.0,0.0,,,,,,,,
475547,Paul Mitchell the School-Fort Myers,Fort Myers,FL,1,3,41.0,0.0,0.0,0.0,0.0,0.0,0.0,0.0,0.0,0.0,,,,104.0,,,9667,16715.0
475556,Paul Mitchell the School-Raleigh,Raleigh,NC,1,3,11.0,0.0,0.0,0.0,0.0,0.0,0.0,0.0,0.0,0.0,,,,130.0,,,10500,
475565,CUNY Stella and Charles Guttman Community College,New York,NY,2,1,11.0,0.0,0.0,0.0,0.0,0.0,1.0,0.0,0.0,0.0,,,,978.0,5194.0,8074.0,6500,
475574,Lil Lou's Beauty and Barber College,Gary,IN,1,3,21.0,0.0,0.0,0.0,0.0,0.0,0.0,0.0,0.0,0.0,,,,40.0,,,14302,
475608,Criswell College,Dallas,TX,3,2,11.0,0.0,0.0,0.0,0.0,0.0,0.0,0.0,0.0,0.0,75.0,1.0,,132.0,15750.0,15750.0,25346,43185.0
475653,Reflections Academy of Beauty,Decatur,IL,1,3,13.0,0.0,0.0,0.0,0.0,0.0,0.0,0.0,0.0,0.0,,,,40.0,,,16500,
475662,UCAS University of Cosmetology Arts & Sciences-La Joya,La Joya,TX,1,3,21.0,0.0,0.0,0.0,0.0,0.0,0.0,0.0,0.0,0.0,,,,51.0,,,6447,19880.0
475705,Annenberg School of Nursing,Reseda,CA,1,2,11.0,0.0,0.0,0.0,0.0,0.0,0.0,0.0,0.0,0.0,,1.0,,7.0,,,PS,
475714,American Medical Academy,Miami,FL,1,3,21.0,0.0,0.0,0.0,0.0,0.0,0.0,0.0,0.0,0.0,,,,412.0,,,10831,
475723,Tooele Technical College,Tooele,UT,1,1,32.0,0.0,0.0,0.0,0.0,0.0,0.0,0.0,0.0,0.0,,,,303.0,,,PS,
475732,Chamberlain University-Georgia,Sandy Springs,GA,3,3,12.0,0.0,0.0,0.0,0.0,0.0,0.0,0.0,0.0,0.0,,0.9143,,1940.0,20515.0,20515.0,20919,92405.0
475741,Chamberlain University-Indiana,Indianapolis,IN,3,3,11.0,0.0,0.0,0.0,0.0,0.0,0.0,0.0,0.0,0.0,,1.0,,144.0,19975.0,19975.0,20919,92405.0
475839,Sessions College,Tempe,AZ,1,3,12.0,0.0,0.0,0.0,0.0,0.0,0.0,0.0,0.0,0.0,,,,188.0,7400.0,7400.0,17813,
476063,Tulsa Welding School-Jacksonville,Jacksonville,FL,1,3,11.0,0.0,0.0,0.0,0.0,0.0,0.0,0.0,0.0,0.0,,,,579.0,,,9500,41067.0
476179,Empire Beauty School-Virginia Beach,Virginia Beach,VA,1,3,11.0,0.0,0.0,0.0,0.0,0.0,0.0,0.0,0.0,0.0,,,,163.0,,,13583,24407.0
476230,Ross College-Morgantown,Morgantown,WV,1,3,13.0,0.0,0.0,0.0,0.0,0.0,0.0,0.0,0.0,0.0,,,,30.0,,,9500,30481.0
476355,Miami Ad School-New York,Astoria,NY,1,3,11.0,0.0,0.0,0.0,0.0,0.0,0.0,0.0,0.0,0.0,,,,31.0,19400.0,19400.0,25967,106192.0
476489,Larry's Barber College,Chicago,IL,1,3,11.0,0.0,0.0,0.0,0.0,0.0,0.0,0.0,0.0,0.0,,,,68.0,,,3945,
476498,Futura Career Institute,Hialeah,FL,1,3,21.0,0.0,0.0,0.0,0.0,0.0,0.0,0.0,0.0,0.0,,,,404.0,,,PS,
476540,Vogue College of Cosmetology-San Antonio Fredericksburg,San Antonio,TX,1,3,11.0,0.0,0.0,0.0,0.0,0.0,0.0,0.0,0.0,0.0,,,,90.0,,,6333,
476559,Vogue College of Cosmetology,San Antonio,TX,1,3,11.0,0.0,0.0,0.0,0.0,0.0,0.0,0.0,0.0,0.0,,,,92.0,,,6333,
476568,Tomorrow's Image Barber And Beauty Academy of Virginia,Newport News,VA,1,3,12.0,0.0,0.0,0.0,0.0,0.0,0.0,0.0,0.0,0.0,,,,15.0,,,12179,
476595,Medical Allied Career Center,Santa Fe Springs,CA,1,3,21.0,0.0,0.0,0.0,0.0,0.0,0.0,0.0,0.0,0.0,,,,48.0,,,17130,
476601,Bais HaMedrash and Mesivta of Baltimore,Baltimore,MD,3,2,21.0,0.0,0.0,0.0,0.0,0.0,0.0,0.0,0.0,0.0,,1.0,,87.0,13100.0,13100.0,PS,
476610,Barber & Beauty Institute of New York,Hempstead,NY,1,3,21.0,0.0,0.0,0.0,0.0,0.0,0.0,0.0,0.0,0.0,,,,16.0,,,4223,
476629,Salon Institute-Toledo Campus,Toledo,OH,1,3,21.0,0.0,0.0,0.0,0.0,0.0,0.0,0.0,0.0,0.0,,,,152.0,,,12000,
476683,Athena Career Academy,Toledo,OH,1,3,11.0,0.0,0.0,0.0,0.0,0.0,0.0,0.0,0.0,0.0,,0.7805,,516.0,,,14120,
476692,Yeshiva Gedolah Zichron Leyma,Union,NJ,2,2,21.0,0.0,0.0,0.0,0.0,0.0,0.0,0.0,0.0,0.0,,0.5667,,47.0,11350.0,11350.0,PS,
476708,The Barber School,Midvale,UT,1,3,21.0,0.0,0.0,0.0,0.0,0.0,0.0,0.0,0.0,0.0,,,,169.0,,,8096,
476717,Be'er Yaakov Talmudic Seminary,Spring Valley,NY,3,2,21.0,0.0,0.0,0.0,0.0,0.0,0.0,0.0,0.0,0.0,,,,765.0,12300.0,12300.0,PS,17360.0
476726,Rio Grande Valley College,Pharr,TX,1,3,13.0,0.0,0.0,0.0,0.0,0.0,0.0,0.0,0.0,0.0,,,,808.0,,,12359,
476735,Alexander Academy,Lunenburg,MA,1,3,22.0,0.0,0.0,0.0,0.0,0.0,0.0,0.0,0.0,0.0,,,,39.0,,,9500,
476753,Aveda Institute-Tucson,Tucson,AZ,1,3,11.0,0.0,0.0,0.0,0.0,0.0,0.0,0.0,0.0,0.0,,,,240.0,,,6333,
476780,Diamond Beauty College,South El Monte,CA,1,3,21.0,0.0,0.0,0.0,0.0,0.0,0.0,0.0,0.0,0.0,,,,67.0,,,PS,
476799,Unitek College,South San Francisco,CA,1,3,13.0,0.0,0.0,0.0,0.0,0.0,0.0,0.0,0.0,0.0,,,,191.0,,,10700,87877.0
476805,University Academy of Hair Design,Tuscaloosa,AL,1,3,12.0,0.0,0.0,0.0,0.0,0.0,0.0,0.0,0.0,0.0,,,,38.0,,,9833,
476814,Florida Institute of Recording Sound and Technology,Orlando,FL,1,3,21.0,0.0,0.0,0.0,0.0,0.0,0.0,0.0,0.0,0.0,,,,757.0,,,9500,
476841,Paul Mitchell the School-Reno,Reno,NV,1,3,11.0,0.0,0.0,0.0,0.0,0.0,0.0,0.0,0.0,0.0,,,,161.0,,,10500,
476850,Boise Barber College,Boise,ID,1,3,12.0,0.0,0.0,0.0,0.0,0.0,0.0,0.0,0.0,0.0,,,,104.0,,,9500,
476869,Austin Kade Academy,Idaho Falls,ID,1,3,13.0,0.0,0.0,0.0,0.0,0.0,0.0,0.0,0.0,0.0,,,,82.0,,,6333,
476878,Aesthetic Science Institute,Latham,NY,1,3,21.0,0.0,0.0,0.0,0.0,0.0,0.0,0.0,0.0,0.0,,,,164.0,,,6333,
476887,Elaine Sterling Institute,Atlanta,GA,1,3,11.0,0.0,0.0,0.0,0.0,0.0,0.0,0.0,0.0,0.0,,,,641.0,,,9500,
476896,Wade Gordon Hairdressing Academy,Amarillo,TX,1,3,12.0,0.0,0.0,0.0,0.0,0.0,0.0,0.0,0.0,0.0,,,,129.0,,,9833,
476902,Mitsu Sato Hair Academy,Overland Park,KS,1,3,12.0,0.0,0.0,0.0,0.0,0.0,0.0,0.0,0.0,0.0,,,,85.0,,,9500,
476939,FVI School of Nursing and Technology,Miami,FL,1,3,21.0,0.0,0.0,0.0,0.0,0.0,0.0,0.0,0.0,0.0,,0.7358,,661.0,,,9396,
476975,Colorado State University Global,Denver,CO,3,1,11.0,0.0,0.0,0.0,0.0,0.0,0.0,0.0,0.0,0.0,,0.984,,6563.0,9000.0,9000.0,25000,76813.0
476984,Paul Mitchell the School-Overland Park,Overland Park,KS,1,3,12.0,0.0,0.0,0.0,0.0,0.0,0.0,0.0,0.0,0.0,,,,179.0,,,9833,
476993,Medspa Academies,South Jordan,UT,1,3,21.0,0.0,0.0,0.0,0.0,0.0,0.0,0.0,0.0,0.0,,,,241.0,,,PS,
477002,Brighton Institute of Cosmetology,Brighton,MI,1,3,22.0,0.0,0.0,0.0,0.0,0.0,0.0,0.0,0.0,0.0,,,,43.0,,,PS,
477233,Evangel University-James River Assembly of God Church,Ozark,MO,2,2,21.0,0.0,0.0,0.0,0.0,0.0,0.0,0.0,0.0,0.0,27.0,0.7405,720.0,89.0,18080.0,18080.0,24736,46573.0
478582,Empire Beauty School-Savannah,Savannah,GA,1,3,12.0,0.0,0.0,0.0,0.0,0.0,0.0,0.0,0.0,0.0,,,,127.0,,,10667,24022.0
478591,Ogle School Hair Skin Nails-Denton,Denton,TX,1,3,12.0,0.0,0.0,0.0,0.0,0.0,0.0,0.0,0.0,0.0,,,,228.0,,,7917,31055.0
478616,Empire Beauty School-West Greensboro,Greensboro,NC,1,3,11.0,0.0,0.0,0.0,0.0,0.0,0.0,0.0,0.0,0.0,,,,99.0,,,13583,24407.0
478917,Hays Academy of Hair Design,Salina,KS,1,3,33.0,0.0,0.0,0.0,0.0,0.0,0.0,0.0,0.0,0.0,,,,46.0,,,9833,23712.0
478953,Bellus Academy,Manhattan,KS,1,3,13.0,0.0,0.0,0.0,0.0,0.0,0.0,0.0,0.0,0.0,,,,209.0,,,7917,25223.0
479062,MotoRing Technical Training Institute,East Providence,RI,1,3,21.0,0.0,0.0,0.0,0.0,0.0,0.0,0.0,0.0,0.0,,,,124.0,,,9500,48281.0
479424,Unitek College,Hayward,CA,1,3,21.0,0.0,0.0,0.0,0.0,0.0,0.0,0.0,0.0,0.0,,,,284.0,,,10700,87877.0
479956,Pennsylvania State University-World Campus,University Park,PA,3,1,13.0,0.0,0.0,0.0,0.0,0.0,0.0,0.0,0.0,0.0,,0.9115,1248.0,7877.0,15356.0,15356.0,25000,63435.0
479965,MCI Institute of NJ,Ocean,NJ,1,3,21.0,0.0,0.0,0.0,0.0,0.0,0.0,0.0,0.0,0.0,,,,150.0,,,10836,
479974,Advance Beauty Techs Academy,Corona,CA,1,3,12.0,0.0,0.0,0.0,0.0,0.0,0.0,0.0,0.0,0.0,,,,90.0,,,5406,
479992,Brand College,Glendale,CA,1,3,12.0,0.0,0.0,0.0,0.0,0.0,0.0,0.0,0.0,0.0,,0.8,,15.0,,,,
480000,Hinton Barber and Beauty College,Vallejo,CA,1,3,12.0,0.0,0.0,0.0,0.0,0.0,0.0,0.0,0.0,0.0,,,,50.0,,,11445,
480019,Advanced Career Institute,Visalia,CA,1,3,12.0,0.0,0.0,0.0,0.0,0.0,0.0,0.0,0.0,0.0,,,,664.0,,,6331,
480037,MyComputerCareer at Raleigh,Raleigh,NC,1,3,11.0,0.0,0.0,0.0,0.0,0.0,0.0,0.0,0.0,0.0,,,,1466.0,,,9500,
480073,South University-Austin,Round Rock,TX,3,3,12.0,0.0,0.0,0.0,0.0,0.0,0.0,0.0,0.0,0.0,,,,211.0,18145.0,18145.0,26123,34421.0
480091,Bryant & Stratton College-Online,Orchard Park,NY,2,2,21.0,0.0,0.0,0.0,0.0,0.0,0.0,0.0,0.0,0.0,,,,8841.0,16299.0,16299.0,21549,32568.0
480125,Ogle School Hair Skin Nails-San Antonio,San Antonio,TX,1,3,11.0,0.0,0.0,0.0,0.0,0.0,0.0,0.0,0.0,0.0,,,,466.0,,,7917,31055.0
480198,Warner Pacific University Professional and Graduate Studies,Portland,OR,3,2,11.0,0.0,0.0,0.0,0.0,0.0,0.0,0.0,0.0,0.0,57.0,0.5935,,144.0,14640.0,14640.0,25000,55204.0
480204,Platt College-Riverside,Riverside,CA,2,3,11.0,0.0,0.0,0.0,0.0,0.0,0.0,0.0,0.0,0.0,,,,413.0,14922.0,14922.0,18685,40669.0
480310,Empire Beauty School-Glen Burnie,Glen Burnie,MD,1,3,21.0,0.0,0.0,0.0,0.0,0.0,0.0,0.0,0.0,0.0,,,,77.0,,,13000,25073.0
480471,UEI College-Stockton,Stockton,CA,1,3,11.0,0.0,0.0,0.0,0.0,0.0,0.0,0.0,0.0,0.0,,,,868.0,,,9500,31141.0
480523,Ross Medical Education Center-Dayton,Fairborn,OH,1,3,21.0,0.0,0.0,0.0,0.0,0.0,0.0,0.0,0.0,0.0,,,,84.0,,,9500,33079.0
480532,Ross Medical Education Center-Ontario,Ontario,OH,1,3,23.0,0.0,0.0,0.0,0.0,0.0,0.0,0.0,0.0,0.0,,,,79.0,,,9500,29898.0
480550,Ross Medical Education Center-Bowling Green,Bowling Green,KY,1,3,13.0,0.0,0.0,0.0,0.0,0.0,0.0,0.0,0.0,0.0,,,,57.0,,,9500,30060.0
480657,Rasmussen University-Kansas,Topeka,KS,2,3,12.0,0.0,0.0,0.0,0.0,0.0,0.0,0.0,0.0,0.0,,,,359.0,17160.0,17160.0,20899,39080.0
480727,School of Missionary Aviation Technology,Ionia,MI,1,2,41.0,0.0,0.0,0.0,0.0,0.0,0.0,0.0,0.0,0.0,,,,36.0,,,PS,
480781,California Miramar University,San Diego,CA,3,3,11.0,0.0,0.0,0.0,0.0,0.0,0.0,0.0,0.0,0.0,,0.1847,,135.0,12442.0,12442.0,31000,
480790,Rocky Vista University,Parker,CO,4,3,21.0,0.0,0.0,0.0,0.0,0.0,0.0,0.0,0.0,0.0,,,,,,,,
480824,The College of Health Care Professions-Dallas,Dallas,TX,1,3,11.0,0.0,0.0,0.0,0.0,0.0,0.0,0.0,0.0,0.0,,,,720.0,,,9120,38922.0
480833,The College of Health Care Professions-Fort Worth,Fort Worth,TX,1,3,11.0,0.0,0.0,0.0,0.0,0.0,0.0,0.0,0.0,0.0,,,,1076.0,,,9500,33070.0
480842,Shear Finesse Beauty Academy,Jacksonville,FL,1,3,11.0,0.0,0.0,0.0,0.0,0.0,0.0,0.0,0.0,0.0,,,,49.0,,,PS,
480851,Miami Media School,Doral,FL,1,3,13.0,0.0,0.0,0.0,0.0,0.0,0.0,0.0,0.0,0.0,,,,28.0,,,9500,28918.0
480879,Academy of Salon Professionals,Sedalia,MO,1,3,33.0,0.0,0.0,0.0,0.0,0.0,0.0,0.0,0.0,0.0,,,,50.0,,,9833,
480888,CyberTex Institute of Technology,Austin,TX,1,3,11.0,0.0,0.0,0.0,0.0,0.0,0.0,0.0,0.0,0.0,,,,152.0,,,7811,
480903,New England Tractor Trailer Training School of CT-Bridgeport,Bridgeport,CT,1,3,12.0,0.0,0.0,0.0,0.0,0.0,0.0,0.0,0.0,0.0,,,,428.0,,,6333,44444.0
480921,Designer Barber & Stylist School,Fort Smith,AR,1,3,13.0,0.0,0.0,0.0,0.0,0.0,0.0,0.0,0.0,0.0,,,,95.0,,,PS,
480967,College of the Muscogee Nation,Okmulgee,OK,2,1,41.0,0.0,0.0,0.0,1.0,0.0,0.0,0.0,0.0,0.0,,,,222.0,6600.0,6600.0,PS,
480976,The Salon Professional Academy-Huntsville,Huntsville,AL,1,3,12.0,0.0,0.0,0.0,0.0,0.0,0.0,0.0,0.0,0.0,,,,53.0,,,PS,
480985,Midwives College of Utah,Salt Lake City,UT,3,2,12.0,0.0,0.0,0.0,0.0,0.0,0.0,0.0,0.0,0.0,,0.8571,,234.0,8583.0,8583.0,21054,
480994,Aspen Beauty Academy of Laurel,Laurel,MD,1,3,21.0,0.0,0.0,0.0,0.0,0.0,0.0,0.0,0.0,0.0,,,,118.0,,,16500,
481003,M T Training Center,Desoto,TX,1,3,21.0,0.0,0.0,0.0,0.0,0.0,0.0,0.0,0.0,0.0,,,,293.0,,,6755,
481021,Berks Career & Technology Center,Leesport,PA,1,1,21.0,0.0,0.0,0.0,0.0,0.0,0.0,0.0,0.0,0.0,,,,47.0,,,PS,
481030,Future Generations University,Franklin,WV,4,2,43.0,0.0,0.0,0.0,0.0,0.0,0.0,0.0,0.0,0.0,,,,,,,PS,
481049,Carthage R9 School District-Carthage Technical Center,Carthage,MO,1,1,31.0,0.0,0.0,0.0,0.0,0.0,0.0,0.0,0.0,0.0,,,,26.0,,,PS,
481058,Grace Mission University,Fullerton,CA,3,2,21.0,0.0,0.0,0.0,0.0,0.0,0.0,0.0,0.0,0.0,66.0,,,68.0,3370.0,3370.0,PS,
481067,World A Cuts Barber Institute,York,PA,1,3,13.0,0.0,0.0,0.0,0.0,0.0,0.0,0.0,0.0,0.0,,,,20.0,,,,
481085,Verve College,Oak Brook,IL,1,3,21.0,0.0,0.0,0.0,0.0,0.0,0.0,0.0,0.0,0.0,,,,176.0,,,11600,
481094,Sotheby's Institute of Art-NY,New York,NY,4,3,11.0,0.0,0.0,0.0,0.0,0.0,0.0,0.0,0.0,0.0,,,,,,,PS,
481100,Top Nails & Hair Beauty School,Taylorsville,UT,1,3,21.0,0.0,0.0,0.0,0.0,0.0,0.0,0.0,0.0,0.0,,,,92.0,,,PS,
481128,Santa Ana Beauty College,Santa Ana,CA,1,3,11.0,0.0,0.0,0.0,0.0,0.0,0.0,0.0,0.0,0.0,,,,99.0,,,PS,
481155,Helms College,Augusta,GA,1,2,12.0,0.0,0.0,0.0,0.0,0.0,0.0,0.0,0.0,0.0,,,,183.0,17924.0,17924.0,9500,
481182,Ukiah Adult School,Ukiah,CA,1,1,33.0,0.0,0.0,0.0,0.0,0.0,0.0,0.0,0.0,0.0,,0.1818,,34.0,,,PS,
481191,Riverside County Office of Education-School of Career Education,Riverside,CA,1,1,41.0,0.0,0.0,0.0,0.0,0.0,0.0,0.0,0.0,0.0,,,,105.0,,,PS,
481207,Institute of Health Sciences,Hunt Valley,MD,1,3,21.0,0.0,0.0,0.0,0.0,0.0,0.0,0.0,0.0,0.0,,,,87.0,16200.0,16200.0,9500,
481225,Mid-South Christian College,Memphis,TN,3,2,11.0,0.0,0.0,0.0,0.0,0.0,0.0,0.0,0.0,0.0,48.0,1.0,,19.0,10500.0,10500.0,PS,
481243,New York Institute of Beauty,Islandia,NY,1,3,21.0,0.0,0.0,0.0,0.0,0.0,0.0,0.0,0.0,0.0,,,,211.0,,,5422,
481252,Ultrasound Medical Institute,Wellington,FL,2,3,21.0,0.0,0.0,0.0,0.0,0.0,0.0,0.0,0.0,0.0,,,,121.0,,,20000,
481289,Xavier College School of Nursing,Stockton,CA,1,3,11.0,0.0,0.0,0.0,0.0,0.0,0.0,0.0,0.0,0.0,,0.3562,,106.0,,,16652,
481298,Lawrence & Company College of Cosmetology,Hanford,CA,1,3,13.0,0.0,0.0,0.0,0.0,0.0,0.0,0.0,0.0,0.0,,,,34.0,,,7400,
481313,Kaizen Beauty Academy,Pembroke Pines,FL,1,3,21.0,0.0,0.0,0.0,0.0,0.0,0.0,0.0,0.0,0.0,,,,95.0,,,6333,
481331,Sharp Edgez Barber Institute,Rochester,NY,1,3,12.0,0.0,0.0,0.0,0.0,0.0,0.0,0.0,0.0,0.0,,,,57.0,,,5476,
481340,The Salon Professional Academy-Nashville,Nashville,TN,1,3,11.0,0.0,0.0,0.0,0.0,0.0,0.0,0.0,0.0,0.0,,,,33.0,,,9833,
481368,Prestige Health & Beauty Sciences Academy,Hallandale Beach,FL,1,3,21.0,0.0,0.0,0.0,0.0,0.0,0.0,0.0,0.0,0.0,,,,119.0,,,PS,
481386,California Career Institute,Anaheim,CA,1,3,11.0,0.0,0.0,0.0,0.0,0.0,0.0,0.0,0.0,0.0,,,,628.0,,,17363,
481401,Grace School of Theology,The Woodlands,TX,3,2,12.0,0.0,0.0,0.0,0.0,0.0,0.0,0.0,0.0,0.0,42.0,,,229.0,7720.0,7720.0,PS,
481410,Yeshiva Gedolah Kesser Torah,Monsey,NY,3,2,21.0,0.0,0.0,0.0,0.0,0.0,0.0,0.0,0.0,0.0,,0.5238,,84.0,9600.0,9600.0,PS,
481429,Universal Training Institute,Perth Amboy,NJ,1,3,21.0,0.0,0.0,0.0,0.0,0.0,0.0,0.0,0.0,0.0,,,,158.0,,,12546,
481438,Yeshiva Yesodei Hatorah,Lakewood,NJ,3,2,21.0,0.0,0.0,0.0,0.0,0.0,0.0,0.0,0.0,0.0,,0.8519,,75.0,12500.0,12500.0,PS,
481447,Center for the Healing Arts,Voorhees,NJ,1,3,21.0,0.0,0.0,0.0,0.0,0.0,0.0,0.0,0.0,0.0,,,,39.0,,,PS,
481456,Bonnie Joseph Academy of Cosmetology & Barbering,Heber City,UT,1,3,32.0,0.0,0.0,0.0,0.0,0.0,0.0,0.0,0.0,0.0,,1.0,,20.0,,,PS,
481465,Healthcare Training Institute,Kenner,LA,1,3,21.0,0.0,0.0,0.0,0.0,0.0,0.0,0.0,0.0,0.0,,,,94.0,,,20000,
481474,J D Academy of Salon and Spa,Danville,CA,1,3,21.0,0.0,0.0,0.0,0.0,0.0,0.0,0.0,0.0,0.0,,,,91.0,,,6211,
481483,Boca Beauty Academy,Boca Raton,FL,1,3,21.0,0.0,0.0,0.0,0.0,0.0,0.0,0.0,0.0,0.0,,,,228.0,,,6333,
481517,SPBK Enterprises Inc,Webb City,MO,1,3,23.0,0.0,0.0,0.0,0.0,0.0,0.0,0.0,0.0,0.0,,,,96.0,,,7641,
481526,The Chrysm Institute of Esthetics,Virginia Beach,VA,1,3,11.0,0.0,0.0,0.0,0.0,0.0,0.0,0.0,0.0,0.0,,,,271.0,,,6333,
481535,Sanford Burnham Prebys Medical Discovery Institute,La Jolla,CA,4,2,11.0,0.0,0.0,0.0,0.0,0.0,0.0,0.0,0.0,0.0,,,,,,,,
481571,Belle Academy of Cosmetology LLC,Waterbury,CT,1,3,41.0,0.0,0.0,0.0,0.0,0.0,0.0,0.0,0.0,0.0,,,,5.0,,,PS,
481678,Empire Beauty School-Augusta,Augusta,GA,1,3,12.0,0.0,0.0,0.0,0.0,0.0,0.0,0.0,0.0,0.0,,,,73.0,,,10667,23921.0
481720,South University-High Point,High Point,NC,3,3,12.0,0.0,0.0,0.0,0.0,0.0,0.0,0.0,0.0,0.0,,,,67.0,18145.0,18145.0,26123,34421.0
481739,Empire Beauty School-Vernon Hills,Vernon Hills,IL,1,3,21.0,0.0,0.0,0.0,0.0,0.0,0.0,0.0,0.0,0.0,,,,50.0,,,13583,24407.0
481748,Empire Beauty School-Stone Park,Stone Park,IL,1,3,21.0,0.0,0.0,0.0,0.0,0.0,0.0,0.0,0.0,0.0,,,,136.0,,,13583,24407.0
481775,San Joaquin Valley College-Lancaster,Lancaster,CA,1,3,21.0,0.0,0.0,0.0,0.0,0.0,0.0,0.0,0.0,0.0,,,,257.0,,,10674,38317.0
481845,Empire Beauty School-Rochester,Rochester,NY,1,3,21.0,0.0,0.0,0.0,0.0,0.0,0.0,0.0,0.0,0.0,,,,67.0,,,10667,24022.0
481863,Ross Medical Education Center-Kokomo,Kokomo,IN,1,3,13.0,0.0,0.0,0.0,0.0,0.0,0.0,0.0,0.0,0.0,,,,75.0,,,9500,33079.0
481890,Ross Medical Education Center-Erlanger,Erlanger,KY,1,3,21.0,0.0,0.0,0.0,0.0,0.0,0.0,0.0,0.0,0.0,,,,77.0,,,9500,29898.0
481906,Ross Medical Education Center-Charleston,Charleston,WV,1,3,13.0,0.0,0.0,0.0,0.0,0.0,0.0,0.0,0.0,0.0,,,,65.0,,,9500,30072.0
481960,InterCoast Colleges-Fairfield,Fairfield,CA,1,3,22.0,0.0,0.0,0.0,0.0,0.0,0.0,0.0,0.0,0.0,,,,183.0,,,10313,36089.0
482015,Southern Careers Institute-San Antonio,San Antonio,TX,1,3,11.0,0.0,0.0,0.0,0.0,0.0,0.0,0.0,0.0,0.0,,,,1089.0,,,8708,27035.0
482060,Milan Institute-Merced,Merced,CA,1,3,13.0,0.0,0.0,0.0,0.0,0.0,0.0,0.0,0.0,0.0,,,,359.0,,,6333,24879.0
482097,Midwest Technical Institute-Missouri,Springfield,MO,1,3,12.0,0.0,0.0,0.0,0.0,0.0,0.0,0.0,0.0,0.0,,,,396.0,,,9500,33601.0
482149,Augusta University,Augusta,GA,3,1,12.0,0.0,0.0,0.0,0.0,0.0,0.0,0.0,0.0,0.0,,0.8641,1070.0,5613.0,8414.0,24734.0,20500,48472.0
482158,Middle Georgia State University,Macon,GA,3,1,12.0,0.0,0.0,0.0,0.0,0.0,0.0,0.0,0.0,0.0,,0.9968,1083.0,6574.0,5038.0,16390.0,19000,40863.0
482167,Trenz Beauty Academy,Calumet City,IL,1,3,21.0,0.0,0.0,0.0,0.0,0.0,0.0,0.0,0.0,0.0,,,,109.0,,,13822,
482176,Paul Mitchell the School-Denver,Lakewood,CO,1,3,21.0,0.0,0.0,0.0,0.0,0.0,0.0,0.0,0.0,0.0,,,,213.0,,,9783,
482185,Academy of Interactive Entertainment,Seattle,WA,1,2,11.0,0.0,0.0,0.0,0.0,0.0,0.0,0.0,0.0,0.0,,0.416,,47.0,25800.0,25800.0,12000,
482194,ARROJO Academy,New York,NY,1,3,11.0,0.0,0.0,0.0,0.0,0.0,0.0,0.0,0.0,0.0,,,,104.0,,,PS,
482200,Cosmetology Academy of Texarkana,Texarkana,TX,1,3,13.0,0.0,0.0,0.0,0.0,0.0,0.0,0.0,0.0,0.0,,,,28.0,,,10637,
482228,Veritas Baptist College,Lawrenceburg,IN,3,2,31.0,0.0,0.0,0.0,0.0,0.0,0.0,0.0,0.0,0.0,54.0,0.95,,111.0,10522.0,10522.0,PS,
482246,Lynnes Welding Training,Fargo,ND,1,3,12.0,0.0,0.0,0.0,0.0,0.0,0.0,0.0,0.0,0.0,,,,55.0,,,PS,
482255,Aviation Institute of Maintenance-Las Vegas,Las Vegas,NV,1,3,12.0,0.0,0.0,0.0,0.0,0.0,0.0,0.0,0.0,0.0,,,,429.0,16757.0,16757.0,31500,48191.0
482291,UEI College-Bakersfield,Bakersfield,CA,1,3,11.0,0.0,0.0,0.0,0.0,0.0,0.0,0.0,0.0,0.0,,,,1415.0,,,9500,27688.0
482413,DeVry College of New York,New York,NY,3,3,11.0,0.0,0.0,0.0,0.0,0.0,0.0,0.0,0.0,0.0,,1.0,,86.0,17408.0,17408.0,24807,45987.0
482422,DeVry University-Arizona,Phoenix,AZ,3,3,11.0,0.0,0.0,0.0,0.0,0.0,0.0,0.0,0.0,0.0,,,,6.0,17408.0,17408.0,24807,45987.0
482431,DeVry University-California,Ontario,CA,1,3,12.0,0.0,0.0,0.0,0.0,0.0,0.0,0.0,0.0,0.0,,0.985,,2378.0,17408.0,17408.0,24807,45987.0
482459,DeVry University-Florida,Orlando,FL,3,3,11.0,0.0,0.0,0.0,0.0,0.0,0.0,0.0,0.0,0.0,,,,109.0,17408.0,17408.0,24807,45987.0
482468,DeVry University-Georgia,Decatur,GA,3,3,21.0,0.0,0.0,0.0,0.0,0.0,0.0,0.0,0.0,0.0,,1.0,,516.0,17408.0,17408.0,24807,45987.0
482477,DeVry University-Illinois,Lisle,IL,1,3,21.0,0.0,0.0,0.0,0.0,0.0,0.0,0.0,0.0,0.0,,0.9838,868.0,27825.0,17408.0,17408.0,24807,45987.0
482547,DeVry University-Nevada,Henderson,NV,3,3,11.0,0.0,0.0,0.0,0.0,0.0,0.0,0.0,0.0,0.0,,,,1.0,17408.0,17408.0,24807,45987.0
482556,DeVry University-New Jersey,Iselin,NJ,3,3,21.0,0.0,0.0,0.0,0.0,0.0,0.0,0.0,0.0,0.0,,1.0,,62.0,17408.0,17408.0,24807,45987.0
482574,DeVry University-Ohio,Columbus,OH,3,3,11.0,0.0,0.0,0.0,0.0,0.0,0.0,0.0,0.0,0.0,,1.0,,210.0,17408.0,17408.0,24807,45987.0
482635,DeVry University-Texas,Irving,TX,3,3,11.0,0.0,0.0,0.0,0.0,0.0,0.0,0.0,0.0,0.0,,,,8.0,17408.0,17408.0,24807,45987.0
482653,DeVry University-Virginia,Arlington,VA,3,3,12.0,0.0,0.0,0.0,0.0,0.0,0.0,0.0,0.0,0.0,,,,13.0,17408.0,17408.0,24807,45987.0
482680,University of North Georgia,Dahlonega,GA,3,1,32.0,0.0,0.0,0.0,0.0,0.0,0.0,0.0,0.0,0.0,,0.6794,1106.0,16146.0,5285.0,16503.0,17750,50135.0
482699,South Georgia State College,Douglas,GA,2,1,33.0,0.0,0.0,0.0,0.0,0.0,0.0,0.0,0.0,0.0,,,,1466.0,3314.0,10274.0,11500,35697.0
482705,Northeastern University Professional Programs,Boston,MA,3,2,11.0,0.0,0.0,0.0,0.0,0.0,0.0,0.0,0.0,0.0,,,,1802.0,,,24250,92538.0
482936,Florida Polytechnic University,Lakeland,FL,3,1,41.0,0.0,0.0,0.0,0.0,0.0,0.0,0.0,0.0,0.0,,0.5752,1268.0,1689.0,4940.0,21005.0,14250,
482963,American Institute-Toms River,Toms River,NJ,1,3,21.0,0.0,0.0,0.0,0.0,0.0,0.0,0.0,0.0,0.0,,,,484.0,,,11979,28710.0
482981,Alamo City Barber College,San Antonio,TX,1,3,11.0,0.0,0.0,0.0,0.0,0.0,0.0,0.0,0.0,0.0,,,,114.0,,,6937,
482990,Arizona College-Mesa,Mesa,AZ,1,3,11.0,0.0,0.0,0.0,0.0,0.0,0.0,0.0,0.0,0.0,,,,140.0,,,9500,34657.0
483009,American College of Healthcare and Technology,Huntington Park,CA,1,3,21.0,0.0,0.0,0.0,0.0,0.0,0.0,0.0,0.0,0.0,,,,125.0,,,9500,31109.0
483018,Antioch College,Yellow Springs,OH,3,2,41.0,0.0,0.0,0.0,0.0,0.0,0.0,0.0,0.0,0.0,,0.8913,,121.0,37143.0,37143.0,PS,
483036,Texas A&M University-Central Texas,Killeen,TX,3,1,41.0,0.0,0.0,0.0,0.0,0.0,1.0,0.0,0.0,0.0,,1.0,,1750.0,7363.0,17154.0,17750,
483045,Central Georgia Technical College,Warner Robins,GA,1,1,13.0,0.0,1.0,0.0,0.0,0.0,0.0,0.0,0.0,0.0,,,,6174.0,3448.0,6016.0,9608,30848.0
483054,Barber School of Pittsburgh,Pittsburgh,PA,1,3,11.0,0.0,0.0,0.0,0.0,0.0,0.0,0.0,0.0,0.0,,,,86.0,,,13583,
483106,Innovate Salon Academy,South Plainfield,NJ,1,3,21.0,0.0,0.0,0.0,0.0,0.0,0.0,0.0,0.0,0.0,,,,288.0,,,6333,
483124,Arizona State University Digital Immersion,Scottsdale,AZ,3,1,12.0,0.0,0.0,0.0,0.0,0.0,1.0,0.0,0.0,0.0,,0.6669,,53782.0,,,19500,62668.0
483212,Louisiana Delta Community College,Monroe,LA,1,1,13.0,0.0,0.0,0.0,0.0,0.0,0.0,0.0,0.0,0.0,,,,3057.0,4159.0,4159.0,12500,30438.0
483230,The Fab School,Rancho Cucamonga,CA,1,3,21.0,0.0,0.0,0.0,0.0,0.0,0.0,0.0,0.0,0.0,,,,161.0,,,PS,
483258,Networks Barber College,Calumet City,IL,1,3,21.0,0.0,0.0,0.0,0.0,0.0,0.0,0.0,0.0,0.0,,,,54.0,,,16500,
483276,JB's Hair Design and Barber College,Oklahoma City,OK,1,3,11.0,0.0,0.0,0.0,0.0,0.0,0.0,0.0,0.0,0.0,,,,59.0,,,PS,
483337,Paul Mitchell the School-Greenville,Greenville,SC,1,3,22.0,0.0,0.0,0.0,0.0,0.0,0.0,0.0,0.0,0.0,,,,196.0,,,11740,26696.0
483346,Barber and Beauty Academy of Pennsylvania,Harrisburg,PA,1,3,21.0,0.0,0.0,0.0,0.0,0.0,0.0,0.0,0.0,0.0,,,,47.0,,,PS,
483355,Delta College of Arts & Technology-Lafayette Campus,Lafayette,LA,1,3,12.0,0.0,0.0,0.0,0.0,0.0,0.0,0.0,0.0,0.0,,,,189.0,,,7393,34222.0
483364,Delta College-Slidell Campus,Slidell,LA,1,3,13.0,0.0,0.0,0.0,0.0,0.0,0.0,0.0,0.0,0.0,,,,162.0,,,6397,32044.0
483373,Integrity College of Health,Pasadena,CA,1,3,12.0,0.0,0.0,0.0,0.0,0.0,0.0,0.0,0.0,0.0,,,,225.0,,,13194,
483382,Electrical and HVAC/R Training Center,Copiague,NY,1,3,21.0,0.0,0.0,0.0,0.0,0.0,0.0,0.0,0.0,0.0,,,,226.0,,,6333,
483425,Alexander Paul Institute of Hair Design,Greenville,NC,1,3,13.0,0.0,0.0,0.0,0.0,0.0,0.0,0.0,0.0,0.0,,,,55.0,,,8750,
483470,More Tech Institute,Hialeah,FL,1,3,21.0,0.0,0.0,0.0,0.0,0.0,0.0,0.0,0.0,0.0,,,,102.0,,,PS,
483504,Dorsey College-Dearborn,Detroit,MI,1,3,11.0,0.0,0.0,0.0,0.0,0.0,0.0,0.0,0.0,0.0,,,,430.0,15154.0,15154.0,13000,29392.0
483513,Neecee's Barber College,Abilene,TX,1,3,12.0,0.0,0.0,0.0,0.0,0.0,0.0,0.0,0.0,0.0,,,,32.0,,,10667,
483559,Bella Cosmetology and Barber College,Greenville,TX,1,3,32.0,0.0,0.0,0.0,0.0,0.0,0.0,0.0,0.0,0.0,,,,57.0,,,10667,
483577,Franklin Hair Academy School of Cosmetology,Franklin,TN,1,3,13.0,0.0,0.0,0.0,0.0,0.0,0.0,0.0,0.0,0.0,,,,116.0,,,PS,
483595,Ana G. Mendez University,Orlando,FL,3,2,11.0,0.0,0.0,0.0,0.0,0.0,1.0,0.0,0.0,0.0,,,,4763.0,13575.0,13575.0,12188,
483647,Ohio Institute of Allied Health,Huber Heights,OH,1,2,21.0,0.0,0.0,0.0,0.0,0.0,0.0,0.0,0.0,0.0,,,,121.0,27408.0,27408.0,9500,
483708,Access Careers,Hempstead,NY,1,3,21.0,0.0,0.0,0.0,0.0,0.0,0.0,0.0,0.0,0.0,,,,511.0,,,5500,
483726,Luckes Beauty Academy LLC,Newport  News,VA,1,3,12.0,0.0,0.0,0.0,0.0,0.0,0.0,0.0,0.0,0.0,,,,17.0,,,PS,
483735,Total Transformation Institute of Cosmetology,San Marcos,TX,1,3,13.0,0.0,0.0,0.0,0.0,0.0,0.0,0.0,0.0,0.0,,,,112.0,,,7917,
483744,Vibe Barber College,Memphis,TN,1,3,11.0,0.0,0.0,0.0,0.0,0.0,0.0,0.0,0.0,0.0,,,,71.0,,,9500,
483753,Champ's Barber School,Lancaster,PA,1,3,13.0,0.0,0.0,0.0,0.0,0.0,0.0,0.0,0.0,0.0,,,,62.0,,,PS,
483780,Washington University of Science and Technology,Alexandria,VA,3,3,12.0,0.0,0.0,0.0,0.0,0.0,0.0,0.0,0.0,0.0,,0.0726,,400.0,13785.0,13785.0,PS,
483799,East-West Healing Arts Institute,Madison,WI,1,3,11.0,0.0,0.0,0.0,0.0,0.0,0.0,0.0,0.0,0.0,,,,72.0,,,PS,
483814,Standard Healthcare Services-College of Nursing,Falls Church,VA,1,3,21.0,0.0,0.0,0.0,0.0,0.0,0.0,0.0,0.0,0.0,,0.2794,,730.0,,,14750,
483823,Philadelphia Technician Training,Philadelphia,PA,1,2,11.0,0.0,0.0,0.0,0.0,0.0,0.0,0.0,0.0,0.0,,,,512.0,,,9500,
483850,Alliance Computing Solutions,Flushing,NY,1,3,11.0,0.0,0.0,0.0,0.0,0.0,0.0,0.0,0.0,0.0,,,,7.0,,,PS,
483869,InterAmerican Technical Institute,Miami,FL,1,3,21.0,0.0,0.0,0.0,0.0,0.0,0.0,0.0,0.0,0.0,,,,500.0,,,PS,
483878,Bay Area Medical Academy,San Francisco,CA,1,3,11.0,0.0,0.0,0.0,0.0,0.0,0.0,0.0,0.0,0.0,,,,209.0,,,9089,
483887,Mind Body Institute,Madison,TN,1,3,11.0,0.0,0.0,0.0,0.0,0.0,0.0,0.0,0.0,0.0,,,,29.0,,,PS,
483896,Parisian Spa Institute,Jacksonville,FL,1,3,11.0,0.0,0.0,0.0,0.0,0.0,0.0,0.0,0.0,0.0,,,,61.0,,,3167,
483911,Creative Touch Cosmetology School,Waterloo,IL,1,3,31.0,0.0,0.0,0.0,0.0,0.0,0.0,0.0,0.0,0.0,,,,16.0,,,PS,
483920,LaBarberia Institute of Hair,Mayfield Hts,OH,1,3,21.0,0.0,0.0,0.0,0.0,0.0,0.0,0.0,0.0,0.0,,,,169.0,,,20000,
483948,Bos-Man's Barber College,Shreveport,LA,1,3,12.0,0.0,0.0,0.0,0.0,0.0,0.0,0.0,0.0,0.0,,1.0,,56.0,,,PS,
483957,Lawrence & Company College of Cosmetology,Selma,CA,1,3,31.0,0.0,0.0,0.0,0.0,0.0,0.0,0.0,0.0,0.0,,,,21.0,,,PS,
483975,Alabama College of Osteopathic Medicine,Dothan,AL,4,2,13.0,0.0,0.0,0.0,0.0,0.0,0.0,0.0,0.0,0.0,,,,,,,,
484002,High Desert Medical College,Lancaster,CA,1,3,21.0,0.0,0.0,0.0,0.0,0.0,0.0,0.0,0.0,0.0,,,,2245.0,,,13555,
484011,Paul Mitchell the School-Schenectady,Schenectady,NY,1,3,13.0,0.0,0.0,0.0,0.0,0.0,0.0,0.0,0.0,0.0,,,,87.0,,,6650,
484020,Beyond Measure Barbering Institute,Mebane,NC,1,3,22.0,0.0,0.0,0.0,0.0,0.0,0.0,0.0,0.0,0.0,,,,38.0,,,12533,
484057,Jupiter Beauty Academy,Boston,MA,1,3,11.0,0.0,0.0,0.0,0.0,0.0,0.0,0.0,0.0,0.0,,,,201.0,,,PS,
484066,MedQuest College,Louisville,KY,1,3,21.0,0.0,0.0,0.0,0.0,0.0,0.0,0.0,0.0,0.0,,,,524.0,,,9500,
484075,First Coast Barber Academy,Jacksonville,FL,1,3,11.0,0.0,0.0,0.0,0.0,0.0,0.0,0.0,0.0,0.0,,0.9,,82.0,,,12090,
484084,Debutantes School of Cosmetology and Nail Technology,Dekalb,IL,1,3,23.0,0.0,0.0,0.0,0.0,0.0,0.0,0.0,0.0,0.0,,,,99.0,,,7917,
484093,Paul Mitchell the School-Farmington Hills,Farmington Hills,MI,1,3,13.0,0.0,0.0,0.0,0.0,0.0,0.0,0.0,0.0,0.0,,,,99.0,,,9833,
484109,Paul Mitchell the School-Merrillville,Merrillville,IN,1,3,21.0,0.0,0.0,0.0,0.0,0.0,0.0,0.0,0.0,0.0,,,,107.0,,,9833,
484127,TIGI Hairdressing Academy Newtown,Newtown,CT,1,3,22.0,0.0,0.0,0.0,0.0,0.0,0.0,0.0,0.0,0.0,,,,53.0,,,9833,
484136,Yahweh Beauty Academy,Killeen,TX,1,3,12.0,0.0,0.0,0.0,0.0,0.0,0.0,0.0,0.0,0.0,,,,29.0,,,PS,
484163,Arizona School of Integrative Studies,Mesa,AZ,1,3,11.0,0.0,0.0,0.0,0.0,0.0,0.0,0.0,0.0,0.0,,,,155.0,,,8444,
484172,Lee Professional Institute,Fort Myers,FL,1,3,13.0,0.0,0.0,0.0,0.0,0.0,0.0,0.0,0.0,0.0,,,,36.0,,,PS,
484190,Park Place Premier Barber School,New Orleans,LA,1,3,11.0,0.0,0.0,0.0,0.0,0.0,0.0,0.0,0.0,0.0,,,,32.0,,,PS,
484206,The Salon Professional Academy-San Jose,San Jose,CA,1,3,11.0,0.0,0.0,0.0,0.0,0.0,0.0,0.0,0.0,0.0,,,,196.0,,,6333,
484233,Tri-Community Adult Education,Covina,CA,1,1,21.0,0.0,0.0,0.0,0.0,0.0,0.0,0.0,0.0,0.0,,,,217.0,,,PS,
484330,Ross Medical Education Center-Owensboro,Owensboro,KY,1,3,13.0,0.0,0.0,0.0,0.0,0.0,0.0,0.0,0.0,0.0,,,,38.0,,,9500,30481.0
484349,Ross Medical Education Center-Evansville,Evansville,IN,1,3,12.0,0.0,0.0,0.0,0.0,0.0,0.0,0.0,0.0,0.0,,,,91.0,,,9500,33079.0
484358,Ross Medical Education Center-Johnson City,Johnson City,TN,1,3,13.0,0.0,0.0,0.0,0.0,0.0,0.0,0.0,0.0,0.0,,,,87.0,,,9500,33079.0
484367,North-West College-Anaheim,Anaheim,CA,1,3,11.0,0.0,0.0,0.0,0.0,0.0,0.0,0.0,0.0,0.0,,,,513.0,,,9500,39876.0
484376,North-West College-Long Beach,Long Beach,CA,1,3,11.0,0.0,0.0,0.0,0.0,0.0,0.0,0.0,0.0,0.0,,,,652.0,,,9500,39876.0
484394,Taylor Andrews Academy of Hair Design-Provo,Provo,UT,1,3,12.0,0.0,0.0,0.0,0.0,0.0,0.0,0.0,0.0,0.0,,,,147.0,,,10556,36048.0
484473,University of Florida-Online,Gainesville,FL,3,1,12.0,0.0,0.0,0.0,0.0,0.0,0.0,0.0,0.0,0.0,,0.6126,1338.0,4627.0,3876.0,16579.0,15000,71588.0
484604,Ogle School Hair Skin Nails-Stafford,Stafford,TX,1,3,21.0,0.0,0.0,0.0,0.0,0.0,0.0,0.0,0.0,0.0,,,,550.0,,,7917,31488.0
484613,University of Phoenix-Arizona,Phoenix,AZ,3,3,11.0,0.0,0.0,0.0,0.0,0.0,0.0,0.0,0.0,0.0,,,,85991.0,9552.0,9552.0,31553,37752.0
484844,Minerva University,San Francisco,CA,3,2,11.0,0.0,0.0,0.0,0.0,0.0,0.0,0.0,0.0,0.0,,0.0304,,637.0,23630.0,23630.0,,
484862,University of West Los Angeles,Inglewood,CA,3,3,21.0,0.0,0.0,0.0,0.0,0.0,0.0,0.0,0.0,0.0,,,,7.0,,,,
484871,Rabbinical College Ohr Yisroel,Brooklyn,NY,3,2,11.0,0.0,0.0,0.0,0.0,0.0,0.0,0.0,0.0,0.0,80.0,,,114.0,9000.0,9000.0,PS,
484899,Aveda Institute-Phoenix,Tempe,AZ,1,3,12.0,0.0,0.0,0.0,0.0,0.0,0.0,0.0,0.0,0.0,,,,218.0,,,6333,
484905,University of North Texas at Dallas,Dallas,TX,3,1,11.0,0.0,0.0,0.0,0.0,0.0,1.0,0.0,0.0,0.0,,0.8445,940.0,2878.0,9595.0,21894.0,18606,
484923,Dermal Science International Aesthetics and Nail Academy,Reston,VA,1,3,13.0,0.0,0.0,0.0,0.0,0.0,0.0,0.0,0.0,0.0,,,,36.0,,,PS,
484932,BridgeValley Community & Technical College,South  Charleston,WV,2,1,22.0,0.0,0.0,0.0,0.0,0.0,0.0,0.0,0.0,0.0,,,,1854.0,5800.0,12428.0,9829,36432.0
484950,Northwest College-Medford,Medford,OR,1,3,13.0,0.0,0.0,0.0,0.0,0.0,0.0,0.0,0.0,0.0,,,,95.0,,,7564,24421.0
484996,Houston Training Schools-Gessner,Houston,TX,1,3,11.0,0.0,0.0,0.0,0.0,0.0,0.0,0.0,0.0,0.0,,,,138.0,,,PS,18991.0
485014,Empire Beauty School-Buffalo,Cheektowaga,NY,1,3,13.0,0.0,0.0,0.0,0.0,0.0,0.0,0.0,0.0,0.0,,,,87.0,,,10667,22377.0
485032,Paul Mitchell the School-Toledo,Sylvania,OH,1,3,21.0,0.0,0.0,0.0,0.0,0.0,0.0,0.0,0.0,0.0,,,,165.0,,,12500,28363.0
485111,Georgia Military College,Milledgeville,GA,2,1,32.0,0.0,0.0,0.0,0.0,0.0,0.0,0.0,0.0,0.0,,,,3992.0,8112.0,8112.0,8563,39257.0
485166,Beau Monde Academy of Barbering and Cosmetology,Portland,OR,1,3,11.0,0.0,0.0,0.0,0.0,0.0,0.0,0.0,0.0,0.0,,,,92.0,,,8769,24565.0
485236,Fountain of Youth Academy of Cosmetology,Pittsburgh,PA,1,3,11.0,0.0,0.0,0.0,0.0,0.0,0.0,0.0,0.0,0.0,,,,45.0,,,6333,
485272,West Coast University-Miami,Doral,FL,3,3,13.0,0.0,0.0,0.0,0.0,0.0,0.0,0.0,0.0,0.0,,,,961.0,23317.0,23317.0,32946,102672.0
485342,Aparicio-Levy Technical College,Tampa,FL,1,1,21.0,0.0,0.0,0.0,0.0,0.0,0.0,0.0,0.0,0.0,,,,150.0,,,PS,
485360,Graduate America,Houston,TX,1,2,11.0,0.0,0.0,0.0,0.0,0.0,0.0,0.0,0.0,0.0,,1.0,,3.0,,,PS,
485379,Hollywood Institute of Beauty Careers-West Palm Beach,West Palm Beach,FL,1,3,12.0,0.0,0.0,0.0,0.0,0.0,0.0,0.0,0.0,0.0,,,,239.0,,,6199,21386.0
485388,Hollywood Institute of Beauty Careers-Casselberry,Casselberry,FL,1,3,21.0,0.0,0.0,0.0,0.0,0.0,0.0,0.0,0.0,0.0,,,,273.0,,,6199,21386.0
485397,Empire Beauty School-Cheltenham,Wyncote,PA,1,3,21.0,0.0,0.0,0.0,0.0,0.0,0.0,0.0,0.0,0.0,,,,152.0,,,10667,23921.0
485403,High Tech High Graduate School of Education,San Diego,CA,4,2,11.0,0.0,0.0,0.0,0.0,0.0,0.0,0.0,0.0,0.0,,,,,,,,
485412,MJ Barber & Beauty Academy,Hemet,CA,1,3,22.0,0.0,0.0,0.0,0.0,0.0,0.0,0.0,0.0,0.0,,,,94.0,,,2905,19665.0
485458,Coastal Pines Technical College,Waycross,GA,1,1,33.0,0.0,0.0,0.0,0.0,0.0,0.0,0.0,0.0,0.0,,,,1648.0,3268.0,5836.0,PS,30214.0
485476,Studio Beauty School,Spokane Valley,WA,1,3,12.0,0.0,0.0,0.0,0.0,0.0,0.0,0.0,0.0,0.0,,,,81.0,,,6582,
485485,Latin Beauty Academy,greenacres,FL,1,3,21.0,0.0,0.0,0.0,0.0,0.0,0.0,0.0,0.0,0.0,,,,283.0,,,7333,
485494,Associated Barber College of San Diego,San Diego,CA,1,3,11.0,0.0,0.0,0.0,0.0,0.0,0.0,0.0,0.0,0.0,,,,121.0,,,16500,
485500,ABCO Technology,Los Angeles,CA,1,3,11.0,0.0,0.0,0.0,0.0,0.0,0.0,0.0,0.0,0.0,,,,75.0,9354.0,9354.0,PS,
485519,Lionel University,Carpinteria,CA,3,3,22.0,0.0,0.0,0.0,0.0,0.0,0.0,0.0,0.0,0.0,,,,370.0,15265.0,15265.0,12668,
485546,California Intercontinental University,Sioux Falls,SD,2,3,12.0,0.0,0.0,0.0,0.0,0.0,0.0,0.0,0.0,0.0,,,,151.0,,,PS,
485564,Infinity College,Lafayette,LA,1,3,12.0,0.0,0.0,0.0,0.0,0.0,0.0,0.0,0.0,0.0,,,,179.0,,,6333,
485573,Universal Healthcare Careers College,Los Angeles,CA,1,3,11.0,0.0,0.0,0.0,0.0,0.0,0.0,0.0,0.0,0.0,,,,287.0,,,PS,
485607,Dolce The Academy,Waterbury,CT,1,3,12.0,0.0,0.0,0.0,0.0,0.0,0.0,0.0,0.0,0.0,,,,44.0,,,9833,
485698,American College of the Building Arts,Charleston,SC,3,2,12.0,0.0,0.0,0.0,0.0,0.0,0.0,0.0,0.0,0.0,,0.4444,1190.0,155.0,21500.0,21500.0,12500,
485768,Atlantis University,Miami,FL,2,3,11.0,0.0,0.0,0.0,0.0,0.0,0.0,0.0,0.0,0.0,,,,330.0,12820.0,12820.0,25870,
485801,Westchester School for Medical & Dental Assistants,Ardsley,NY,1,3,21.0,0.0,0.0,0.0,0.0,0.0,0.0,0.0,0.0,0.0,,,,67.0,,,4171,
485856,Studio Incamminati,Philadelphia,PA,1,2,11.0,0.0,0.0,0.0,0.0,0.0,0.0,0.0,0.0,0.0,,1.0,,39.0,18915.0,18915.0,PS,
485874,Salon Boutique Academy,Addison,TX,1,3,21.0,0.0,0.0,0.0,0.0,0.0,0.0,0.0,0.0,0.0,,,,200.0,,,7917,
485926,GA Beauty & Barber School,McAllen,TX,1,3,12.0,0.0,0.0,0.0,0.0,0.0,0.0,0.0,0.0,0.0,,,,171.0,,,2783,
485953,The Recording Conservatory of Austin,Austin,TX,1,3,41.0,0.0,0.0,0.0,0.0,0.0,0.0,0.0,0.0,0.0,,,,77.0,,,PS,
485962,VH Barber & Styling Academy,Bossier City,LA,1,3,13.0,0.0,0.0,0.0,0.0,0.0,0.0,0.0,0.0,0.0,,,,27.0,,,14250,
485999,Bet Medrash Gadol Ateret Torah,Brooklyn,NY,3,2,11.0,0.0,0.0,0.0,0.0,0.0,0.0,0.0,0.0,0.0,,0.8889,,112.0,10700.0,10700.0,PS,
486017,Yeshiva Ohr Yisrael,Brooklyn,NY,3,2,11.0,0.0,0.0,0.0,0.0,0.0,0.0,0.0,0.0,0.0,,0.5,,23.0,9800.0,9800.0,PS,
486026,Yeshiva Sholom Shachna,Brooklyn,NY,3,2,11.0,0.0,0.0,0.0,0.0,0.0,0.0,0.0,0.0,0.0,,1.0,,130.0,10750.0,10750.0,PS,
486053,Bethlehem College & Seminary,Minneapolis,MN,3,2,11.0,0.0,0.0,0.0,0.0,0.0,0.0,0.0,0.0,0.0,54.0,,,117.0,8200.0,8200.0,,
486080,Elmezzi Graduate School of Molecular Medicine,Manhasset,NY,4,2,21.0,0.0,0.0,0.0,0.0,0.0,0.0,0.0,0.0,0.0,,,,,,,,
486150,Treasure Coast Technical College,Vero Beach,FL,1,1,22.0,0.0,0.0,0.0,0.0,0.0,0.0,0.0,0.0,0.0,,,,75.0,,,PS,
486169,American College of Barbering,Louisville,KY,1,3,11.0,0.0,0.0,0.0,0.0,0.0,0.0,0.0,0.0,0.0,,,,84.0,,,14143,
486196,Beth Medrash Meor Yitzchok,Monsey,NY,2,2,21.0,0.0,0.0,0.0,0.0,0.0,0.0,0.0,0.0,0.0,,0.5278,,226.0,12600.0,12600.0,PS,
486202,Mingo Extended Learning Center,Delbarton,WV,1,1,43.0,0.0,0.0,0.0,0.0,0.0,0.0,0.0,0.0,0.0,,,,9.0,,,PS,
486239,San Ignacio University,Doral,FL,1,3,13.0,0.0,0.0,0.0,0.0,0.0,0.0,0.0,0.0,0.0,,,,77.0,10405.0,10405.0,PS,
486248,ZMS The Academy,Los Angeles,CA,1,3,11.0,0.0,0.0,0.0,0.0,0.0,0.0,0.0,0.0,0.0,,,,144.0,,,PS,
486257,Valor Christian College,Canal Winchester,OH,2,2,11.0,0.0,0.0,0.0,0.0,0.0,0.0,0.0,0.0,0.0,79.0,,,414.0,10012.0,10012.0,15250,
486284,Bethany Global University,Bloomington,MN,3,2,13.0,0.0,0.0,0.0,0.0,0.0,0.0,0.0,0.0,0.0,42.0,0.9286,,81.0,11000.0,11000.0,12000,
486345,HVAC Technical Institute,Chicago,IL,1,3,11.0,0.0,0.0,0.0,0.0,0.0,0.0,0.0,0.0,0.0,,,,285.0,,,6851,
486354,United International College,Dania Beach,FL,2,3,21.0,0.0,0.0,0.0,0.0,0.0,0.0,0.0,0.0,0.0,,,,113.0,10320.0,10320.0,PS,
486372,San Francisco Film School,San Francisco,CA,2,3,11.0,0.0,0.0,0.0,0.0,0.0,0.0,0.0,0.0,0.0,,,,127.0,,,PS,
486381,Center for Ultrasound Research & Education,White Plains,NY,1,3,13.0,0.0,0.0,0.0,0.0,0.0,0.0,0.0,0.0,0.0,,,,37.0,,,14635,
486406,Randolph Technical Center,Elkins,WV,1,1,33.0,0.0,0.0,0.0,0.0,0.0,0.0,0.0,0.0,0.0,,,,15.0,,,PS,
486415,AMG School of Nursing,Brooklyn,NY,2,3,11.0,0.0,0.0,0.0,0.0,0.0,0.0,0.0,0.0,0.0,,,,552.0,,,14167,
486424,Saint Michael College of Allied Health,Washington,DC,1,3,11.0,0.0,0.0,0.0,0.0,0.0,0.0,0.0,0.0,0.0,,0.7525,,136.0,19405.0,19405.0,17713,
486442,Sandra Academy of Salon Services,New Tazewell,TN,1,3,32.0,0.0,0.0,0.0,0.0,0.0,0.0,0.0,0.0,0.0,,,,117.0,,,9833,
486497,California Barber and Beauty College,San Diego,CA,1,3,11.0,0.0,0.0,0.0,0.0,0.0,0.0,0.0,0.0,0.0,,,,50.0,,,PS,
486503,Laredo CHI Academy Beauty School,Laredo,TX,1,3,11.0,0.0,0.0,0.0,0.0,0.0,0.0,0.0,0.0,0.0,,,,54.0,,,PS,
486512,Florida International Training Institute,Miami,FL,1,3,21.0,0.0,0.0,0.0,0.0,0.0,0.0,0.0,0.0,0.0,,0.7912,,494.0,,,3077,
486530,Gould's Academy,Memphis,TN,1,3,11.0,0.0,0.0,0.0,0.0,0.0,0.0,0.0,0.0,0.0,,,,148.0,,,7767,
486558,Aviation Institute of Maintenance-Fremont,Fremont,CA,1,3,12.0,0.0,0.0,0.0,0.0,0.0,0.0,0.0,0.0,0.0,,,,343.0,16757.0,16757.0,31786,
486567,Paul Mitchell the School-Tulsa,Tulsa,OK,1,3,11.0,0.0,0.0,0.0,0.0,0.0,0.0,0.0,0.0,0.0,,,,234.0,,,10150,
486576,PPG Technical College,Caguas,PR,1,3,13.0,0.0,0.0,0.0,0.0,0.0,0.0,0.0,0.0,0.0,,,,235.0,8620.0,8620.0,PS,
486619,Academy of Professional Cosmetology,Rogers,AR,1,3,13.0,0.0,0.0,0.0,0.0,0.0,0.0,0.0,0.0,0.0,,,,115.0,,,5500,
486691,Empire Beauty School-Northlake,Atlanta,GA,1,3,21.0,0.0,0.0,0.0,0.0,0.0,0.0,0.0,0.0,0.0,,,,127.0,,,13583,24407.0
486707,Ross Medical Education Center-Huntsville,Huntsville,AL,1,3,12.0,0.0,0.0,0.0,0.0,0.0,0.0,0.0,0.0,0.0,,,,132.0,,,9500,30060.0
486716,Ross Medical Education Center-Knoxville,Knoxville,TN,1,3,12.0,0.0,0.0,0.0,0.0,0.0,0.0,0.0,0.0,0.0,,,,75.0,,,9500,30072.0
486752,Ross Medical Education Center-Muncie,Muncie,IN,1,3,13.0,0.0,0.0,0.0,0.0,0.0,0.0,0.0,0.0,0.0,,,,63.0,,,9500,29898.0
486770,Cortiva Institute-Arlington,Arlington,TX,1,3,11.0,0.0,0.0,0.0,0.0,0.0,0.0,0.0,0.0,0.0,,,,155.0,,,7521,29204.0
486798,Tulsa Welding School-Houston,Houston,TX,1,3,11.0,0.0,0.0,0.0,0.0,0.0,0.0,0.0,0.0,0.0,,,,1962.0,,,9500,41067.0
486813,Pima Medical Institute-El Paso,El Paso,TX,1,3,11.0,0.0,0.0,0.0,0.0,0.0,0.0,0.0,0.0,0.0,,,,617.0,,,9500,38673.0
486822,Pima Medical Institute-Phoenix,Phoenix,AZ,1,3,11.0,0.0,0.0,0.0,0.0,0.0,0.0,0.0,0.0,0.0,,,,780.0,,,8521,
486840,Kennesaw State University,Kennesaw,GA,3,1,21.0,0.0,0.0,0.0,0.0,0.0,0.0,0.0,0.0,0.0,,0.6919,1113.0,41254.0,5808.0,17736.0,23833,57552.0
486859,Entourage Institute of Beauty and Esthetics,Lincoln,NE,1,3,11.0,0.0,0.0,0.0,0.0,0.0,0.0,0.0,0.0,0.0,,,,99.0,,,9955,
486877,Eastern Suffolk BOCES,Riverhead,NY,1,1,23.0,0.0,0.0,0.0,0.0,0.0,0.0,0.0,0.0,0.0,,,,9.0,,,9500,63394.0
486886,Eastern Suffolk BOCES,Oakdale,NY,1,1,21.0,0.0,0.0,0.0,0.0,0.0,0.0,0.0,0.0,0.0,,,,31.0,,,9500,63394.0
486901,Milligan University,Milligan,TN,3,2,22.0,0.0,0.0,0.0,0.0,0.0,0.0,0.0,0.0,0.0,48.0,0.7229,1189.0,818.0,40450.0,40450.0,25219,46641.0
486938,Chamberlain University-Nevada,Las Vegas,NV,3,3,11.0,0.0,0.0,0.0,0.0,0.0,0.0,0.0,0.0,0.0,,0.7647,,652.0,19975.0,19975.0,20919,92405.0
486947,Chamberlain University-Michigan,Troy,MI,3,3,13.0,0.0,0.0,0.0,0.0,0.0,0.0,0.0,0.0,0.0,,0.8571,,629.0,20785.0,20785.0,20919,92405.0
486956,Chamberlain University-New Jersey,North Brunswick,NJ,3,3,21.0,0.0,0.0,0.0,0.0,0.0,0.0,0.0,0.0,0.0,,1.0,,1226.0,20785.0,20785.0,20919,92405.0
487010,The University of Tennessee Health Science Center,Memphis,TN,3,1,11.0,0.0,0.0,0.0,0.0,0.0,0.0,0.0,0.0,0.0,,,,394.0,,,12500,66318.0
487047,Unitech Training Academy-New Orleans,New Orleans,LA,1,3,21.0,0.0,0.0,0.0,0.0,0.0,0.0,0.0,0.0,0.0,,,,49.0,,,8721,24707.0
487065,Wade Gordon Hairdressing Academy-Lubbock,Lubbock,TX,1,3,11.0,0.0,0.0,0.0,0.0,0.0,0.0,0.0,0.0,0.0,,,,96.0,,,9833,
487083,Protege Academy,Mt. Pleasant,MI,1,3,32.0,0.0,0.0,0.0,0.0,0.0,0.0,0.0,0.0,0.0,,,,44.0,,,9833,19499.0
487092,Emory University-Oxford College,Oxford,GA,2,2,21.0,0.0,0.0,0.0,0.0,0.0,0.0,0.0,0.0,0.0,71.0,0.1311,1520.0,967.0,64280.0,64280.0,18250,80137.0
487153,The Chicago School at Xavier University of Louisiana,New Orleans,LA,4,2,11.0,0.0,0.0,0.0,0.0,0.0,0.0,0.0,0.0,0.0,,,,,,,20000,56899.0
487162,Southern Regional Technical College,Thomasville,GA,1,1,32.0,0.0,0.0,0.0,0.0,0.0,0.0,0.0,0.0,0.0,,,,3098.0,3007.0,5575.0,PS,31293.0
487232,Texas College of Cosmetology-Lubbock,Lubbock,TX,1,3,11.0,0.0,0.0,0.0,0.0,0.0,0.0,0.0,0.0,0.0,,,,54.0,,,6333,21685.0
487302,Fortis College-Cuyahoga Falls,Cuyahoga Falls,OH,1,3,21.0,0.0,0.0,0.0,0.0,0.0,0.0,0.0,0.0,0.0,,,,583.0,14596.0,14596.0,13000,34509.0
487311,Jones Technical Institute,Jacksonville,FL,2,2,11.0,0.0,0.0,0.0,0.0,0.0,0.0,0.0,0.0,0.0,,,,659.0,16920.0,16920.0,10294,24576.0
487320,Texas State Technical College,Waco,TX,1,1,12.0,0.0,0.0,0.0,0.0,0.0,0.0,0.0,0.0,0.0,,,,9437.0,7212.0,11812.0,9500,38916.0
487348,Aveda Institute Portland-Vancouver Campus,Vancouver,WA,1,3,12.0,0.0,0.0,0.0,0.0,0.0,0.0,0.0,0.0,0.0,,,,122.0,,,6826,33003.0
487375,Arizona College of Nursing-Las Vegas,Las Vegas,NV,3,3,21.0,0.0,0.0,0.0,0.0,0.0,0.0,0.0,0.0,0.0,,1.0,,1222.0,23531.0,23531.0,9500,34657.0
487481,UEI College-Phoenix,Phoenix,AZ,1,3,11.0,0.0,0.0,0.0,0.0,0.0,0.0,0.0,0.0,0.0,,,,1234.0,,,9500,31141.0
487506,The Institute of Beauty and Wellness Madison,Madison,WI,1,3,11.0,0.0,0.0,0.0,0.0,0.0,0.0,0.0,0.0,0.0,,,,88.0,,,6333,31723.0
487524,Husson University,Bangor,ME,3,2,13.0,0.0,0.0,0.0,0.0,0.0,0.0,0.0,0.0,0.0,,0.8095,1180.0,2618.0,23304.0,23304.0,27000,45025.0
487533,Tricoci University of Beauty Culture-Elgin,Elgin,IL,1,3,12.0,0.0,0.0,0.0,0.0,0.0,0.0,0.0,0.0,0.0,,,,138.0,,,7307,35650.0
487588,Concorde Career College-Southaven,Southaven,MS,1,3,21.0,0.0,0.0,0.0,0.0,0.0,0.0,0.0,0.0,0.0,,1.0,,115.0,,,9500,31599.0
487597,Universal Technical Institute-Southern California,Long Beach,CA,2,3,11.0,0.0,0.0,0.0,0.0,0.0,0.0,0.0,0.0,0.0,,,,1701.0,,,13124,52873.0
487603,Northwest University-Center for Online and Extended Education,Kirkland,WA,3,2,21.0,0.0,0.0,0.0,0.0,0.0,0.0,0.0,0.0,0.0,27.0,,,405.0,14652.0,14652.0,20891,54914.0
487621,Celebrity Barber School,Monroe,LA,1,3,13.0,0.0,0.0,0.0,0.0,0.0,0.0,0.0,0.0,0.0,,,,20.0,,,9500,22002.0
487649,California Institute of Advanced Management,Alhambra,CA,4,2,21.0,0.0,0.0,0.0,0.0,0.0,0.0,0.0,0.0,0.0,,,,,,,,
487658,Academy of Interactive Entertainment,Lafayette,LA,1,2,12.0,0.0,0.0,0.0,0.0,0.0,0.0,0.0,0.0,0.0,,0.4258,,89.0,24600.0,24600.0,12000,
487676,The Temple Annapolis-A Paul Mitchell Partner School,Annapolis,MD,1,3,21.0,0.0,0.0,0.0,0.0,0.0,0.0,0.0,0.0,0.0,,,,202.0,,,9833,27891.0
487746,Yeshiva Zichron Aryeh,Far Rockaway,NY,3,2,11.0,0.0,0.0,0.0,0.0,0.0,0.0,0.0,0.0,0.0,,0.25,,41.0,9650.0,9650.0,PS,
487773,Butte County Regional Occupational Program,Chico,CA,1,1,12.0,0.0,0.0,0.0,0.0,0.0,0.0,0.0,0.0,0.0,,,,41.0,,,PS,
487791,Arclabs,Piedmont,SC,1,3,21.0,0.0,0.0,0.0,0.0,0.0,0.0,0.0,0.0,0.0,,,,744.0,,,9500,
487807,Top of the Line Barber College,Charleston,SC,1,3,12.0,0.0,0.0,0.0,0.0,0.0,0.0,0.0,0.0,0.0,,,,45.0,,,PS,
487816,Midfield Institute of Cosmetology,Midfield,AL,1,2,21.0,0.0,0.0,0.0,0.0,0.0,0.0,0.0,0.0,0.0,,,,9.0,,,PS,
487861,Felbry College,Columbus,OH,2,3,11.0,0.0,0.0,0.0,0.0,0.0,0.0,0.0,0.0,0.0,,0.8542,,192.0,29731.0,29731.0,17000,
487889,Regional Center for Border Health,Somerton,AZ,1,2,31.0,0.0,0.0,0.0,0.0,0.0,0.0,0.0,0.0,0.0,,,,131.0,,,PS,
487904,Kentucky Horseshoeing School,Richmond,KY,1,3,32.0,0.0,0.0,0.0,0.0,0.0,0.0,0.0,0.0,0.0,,,,31.0,,,PS,
487922,Image Maker Beauty Institute,Hendersonville,TN,1,3,21.0,0.0,0.0,0.0,0.0,0.0,0.0,0.0,0.0,0.0,,,,74.0,,,9833,
487959,Dalton Institute of Esthetics and Cosmetology,Dalton,GA,1,3,13.0,0.0,0.0,0.0,0.0,0.0,0.0,0.0,0.0,0.0,,,,47.0,,,6222,
487968,CAAN Academy of Nursing,Matteson,IL,1,2,21.0,0.0,0.0,0.0,0.0,0.0,0.0,0.0,0.0,0.0,,,,96.0,,,12766,
487977,Martinsburg College,Cheyenne,WY,1,3,22.0,0.0,0.0,0.0,0.0,0.0,0.0,0.0,0.0,0.0,,1.0,,2491.0,,,PS,
487995,Alhambra Medical University,Alhambra,CA,4,3,21.0,0.0,0.0,0.0,0.0,0.0,0.0,0.0,0.0,0.0,,,,45.0,,,PS,
488004,Central Yeshiva Beth Joseph,Airmont,NY,3,2,11.0,0.0,0.0,0.0,0.0,0.0,0.0,0.0,0.0,0.0,,,,15.0,10000.0,10000.0,PS,
488013,Garden State Science and Technology Institute,Jersey City,NJ,1,3,11.0,0.0,0.0,0.0,0.0,0.0,0.0,0.0,0.0,0.0,,,,917.0,,,9403,
488022,Barber Tech Academy,Orangeburg,SC,1,3,32.0,0.0,0.0,0.0,0.0,0.0,0.0,0.0,0.0,0.0,,,,59.0,,,PS,
488031,Abraham Lincoln University,Glendale,CA,3,3,12.0,0.0,0.0,0.0,0.0,0.0,0.0,0.0,0.0,0.0,,,,25.0,10440.0,10440.0,PS,
488059,Med College,Hialeah,FL,2,3,21.0,0.0,0.0,0.0,0.0,0.0,0.0,0.0,0.0,0.0,,,,455.0,22725.0,22725.0,23447,
488077,Sonoran Desert Institute,Tempe,AZ,1,3,12.0,0.0,0.0,0.0,0.0,0.0,0.0,0.0,0.0,0.0,,,,5435.0,12200.0,12200.0,9500,
488086,Northwest Suburban College,Rollng Meadows,IL,1,2,21.0,0.0,0.0,0.0,0.0,0.0,0.0,0.0,0.0,0.0,,,,,,,,
488110,Natural Images Beauty College,Clute,TX,1,3,23.0,0.0,0.0,0.0,0.0,0.0,0.0,0.0,0.0,0.0,,,,75.0,,,7917,
488129,Textures Institute of Cosmetology,Indianapolis,IN,1,3,11.0,0.0,0.0,0.0,0.0,0.0,0.0,0.0,0.0,0.0,,,,19.0,,,PS,
488138,Williams Technical College,Houma,LA,1,3,13.0,0.0,0.0,0.0,0.0,0.0,0.0,0.0,0.0,0.0,,,,28.0,,,6333,
488174,Ea La Mar's Cosmetology & Barber College,Kansas City,MO,1,3,11.0,0.0,0.0,0.0,0.0,0.0,0.0,0.0,0.0,0.0,,,,31.0,,,11960,
488183,Regina Webb Academy,Bowling Green,KY,1,3,13.0,0.0,0.0,0.0,0.0,0.0,0.0,0.0,0.0,0.0,,,,23.0,,,PS,
488192,DeHart Technical School,Modesto,CA,1,3,21.0,0.0,0.0,0.0,0.0,0.0,0.0,0.0,0.0,0.0,,,,99.0,,,8950,
488217,Medical Career & Technical College,Richmond,KY,1,3,32.0,0.0,0.0,0.0,0.0,0.0,0.0,0.0,0.0,0.0,,,,235.0,,,6333,
488226,Center for Neurosomatic Studies,Clearwater,FL,1,3,13.0,0.0,0.0,0.0,0.0,0.0,0.0,0.0,0.0,0.0,,,,16.0,,,PS,
488253,Focus Personal Training Institute,New York,NY,1,3,11.0,0.0,0.0,0.0,0.0,0.0,0.0,0.0,0.0,0.0,,,,64.0,,,PS,
488262,Hair Academy School of Barbering & Beauty,Newark,DE,1,3,21.0,0.0,0.0,0.0,0.0,0.0,0.0,0.0,0.0,0.0,,,,33.0,,,PS,
488280,National Personal Training Institute,Orlando,FL,1,3,21.0,0.0,0.0,0.0,0.0,0.0,0.0,0.0,0.0,0.0,,,,36.0,,,6333,
488299,Mission Beauty Institute,Mission,TX,1,3,13.0,0.0,0.0,0.0,0.0,0.0,0.0,0.0,0.0,0.0,,,,11.0,,,PS,
488305,Elim Bible College,Lima,NY,1,2,42.0,0.0,0.0,0.0,0.0,0.0,0.0,0.0,0.0,0.0,102.0,1.0,,100.0,10480.0,10480.0,10247,
488314,Beth Medrash of Asbury Park,Lakewood,NJ,3,2,21.0,0.0,0.0,0.0,0.0,0.0,0.0,0.0,0.0,0.0,,0.5385,,124.0,12010.0,12010.0,PS,
488332,Hope College of Arts and Sciences,Pompano Beach,FL,2,3,12.0,0.0,0.0,0.0,0.0,0.0,0.0,0.0,0.0,0.0,,,,54.0,,,17229,
488350,Yeshiva Gedolah Shaarei Shmuel,Lakewood,NJ,2,2,13.0,0.0,0.0,0.0,0.0,0.0,0.0,0.0,0.0,0.0,,0.5417,,150.0,10600.0,10600.0,PS,
488369,Premier Barber Institute,Norristown,PA,1,3,21.0,0.0,0.0,0.0,0.0,0.0,0.0,0.0,0.0,0.0,,,,50.0,,,13583,
488378,International Beauty Education Center,Spokane,WA,1,3,21.0,0.0,0.0,0.0,0.0,0.0,0.0,0.0,0.0,0.0,,,,146.0,,,7746,
488387,Claremont Lincoln University,Claremont,CA,3,2,21.0,0.0,0.0,0.0,0.0,0.0,0.0,0.0,0.0,0.0,,,,54.0,,,,
488396,Phipps Academy of Barbering,Richton Park,IL,1,3,21.0,0.0,0.0,0.0,0.0,0.0,0.0,0.0,0.0,0.0,,,,39.0,,,9500,
488411,Hoss Lee Academy,Roseville,CA,1,3,21.0,0.0,0.0,0.0,0.0,0.0,0.0,0.0,0.0,0.0,,,,112.0,,,6333,
488420,Indiana Wellness College,Carmel,IN,1,3,12.0,0.0,0.0,0.0,0.0,0.0,0.0,0.0,0.0,0.0,,0.8,,160.0,,,7661,
488439,Kenny's Academy of Barbering,Indianapolis,IN,1,3,11.0,0.0,0.0,0.0,0.0,0.0,0.0,0.0,0.0,0.0,,,,178.0,,,16500,
488448,Seattle Film Institute,Seattle,WA,3,3,11.0,0.0,0.0,0.0,0.0,0.0,0.0,0.0,0.0,0.0,,,,65.0,33000.0,33000.0,13000,
488527,Arkansas Colleges of Health Education,Fort Smith,AR,4,2,13.0,0.0,0.0,0.0,0.0,0.0,0.0,0.0,0.0,0.0,,,,,,,,
488554,Burrell College of Osteopathic Medicine,Las Cruces,NM,4,3,22.0,0.0,0.0,0.0,0.0,0.0,0.0,0.0,0.0,0.0,,,,,,,,
488563,California College of Music,Pasadena,CA,1,3,12.0,0.0,0.0,0.0,0.0,0.0,0.0,0.0,0.0,0.0,,1.0,,60.0,21985.0,21985.0,,
488572,California Health Sciences University,Clovis,CA,4,3,21.0,0.0,0.0,0.0,0.0,0.0,0.0,0.0,0.0,0.0,,,,,,,,
488590,Christian Culinary Academy,Cannon Beach,OR,1,2,42.0,0.0,0.0,0.0,0.0,0.0,0.0,0.0,0.0,0.0,42.0,0.9091,,22.0,,,,
488651,Glitz School of Cosmetology,Las Cruces,NM,1,3,12.0,0.0,0.0,0.0,0.0,0.0,0.0,0.0,0.0,0.0,,,,124.0,,,7999,
488679,Indiana Wesleyan University-National & Global,Marion,IN,3,2,41.0,0.0,0.0,0.0,0.0,0.0,0.0,0.0,0.0,0.0,89.0,,,6656.0,8208.0,8208.0,24250,59986.0
488730,Northeast Lakeview College,Universal City,TX,2,1,21.0,0.0,0.0,0.0,0.0,0.0,1.0,0.0,0.0,0.0,,,,6471.0,3412.0,9952.0,PS,
488749,Paul Mitchell the School-Jessup,Jessup,MD,1,3,21.0,0.0,0.0,0.0,0.0,0.0,0.0,0.0,0.0,0.0,,,,131.0,,,9500,35225.0
488776,John Patrick University of Health and Applied Sciences,South Bend,IN,2,3,12.0,0.0,0.0,0.0,0.0,0.0,0.0,0.0,0.0,0.0,,0.8235,,480.0,20605.0,20605.0,PS,
488800,Teachers College of San Joaquin,Stockton,CA,1,1,11.0,0.0,0.0,0.0,0.0,0.0,0.0,0.0,0.0,0.0,,,,642.0,,,,
488846,University of the People,Pasadena,CA,3,2,12.0,0.0,0.0,0.0,0.0,0.0,0.0,0.0,0.0,0.0,,,,22688.0,1400.0,1400.0,,
488891,South Dade Technical College-South Dade Skills Center Campus,HOMESTEAD,FL,1,1,21.0,0.0,0.0,0.0,0.0,0.0,0.0,0.0,0.0,0.0,,,,196.0,,,PS,
488907,Wongu University of Oriental Medicine,Las Vegas,NV,4,2,12.0,0.0,0.0,0.0,0.0,0.0,0.0,0.0,0.0,0.0,,,,,,,,
488916,Alabama School of Nail Technology & Cosmetology,Jackson,AL,1,3,43.0,0.0,0.0,0.0,0.0,0.0,0.0,0.0,0.0,0.0,,,,97.0,,,16500,
488934,Tulsa Technology Center,Tulsa,OK,1,1,11.0,0.0,0.0,0.0,0.0,0.0,0.0,0.0,0.0,0.0,,,,1409.0,,,PS,41793.0
488952,Ross Medical Education Center-Elyria,Elyria,OH,1,3,22.0,0.0,0.0,0.0,0.0,0.0,0.0,0.0,0.0,0.0,,,,74.0,,,9500,30481.0
488961,Ross Medical Education Center-Lafayette,Lafayette,IN,1,3,13.0,0.0,0.0,0.0,0.0,0.0,0.0,0.0,0.0,0.0,,,,132.0,,,9500,33079.0
488970,Ross Medical Education Center-Midland,Midland,MI,1,3,13.0,0.0,0.0,0.0,0.0,0.0,0.0,0.0,0.0,0.0,,,,57.0,,,9500,29898.0
488989,Paul Mitchell the School-Clear Lake,Webster,TX,1,3,21.0,0.0,0.0,0.0,0.0,0.0,0.0,0.0,0.0,0.0,,,,133.0,,,11336,27384.0
488998,Paul Mitchell the School-Nampa,Nampa,ID,1,3,22.0,0.0,0.0,0.0,0.0,0.0,0.0,0.0,0.0,0.0,,,,117.0,,,10555,25719.0
489122,Academy of Beauty Professionals,Madison,WI,1,3,11.0,0.0,0.0,0.0,0.0,0.0,0.0,0.0,0.0,0.0,,,,53.0,,,6333,25117.0
489131,Academy of Beauty Professionals,Appleton,WI,1,3,22.0,0.0,0.0,0.0,0.0,0.0,0.0,0.0,0.0,0.0,,,,37.0,,,6333,25117.0
489140,Academy of Beauty Professionals,Green Bay,WI,1,3,12.0,0.0,0.0,0.0,0.0,0.0,0.0,0.0,0.0,0.0,,,,64.0,,,6333,25117.0
489159,Kenneth Shuler School of Cosmetology-Goose Creek,Goose Creek,SC,1,3,21.0,0.0,0.0,0.0,0.0,0.0,0.0,0.0,0.0,0.0,,,,152.0,,,5858,25088.0
489201,Clovis Community College,Fresno,CA,2,1,11.0,0.0,0.0,0.0,0.0,1.0,1.0,0.0,0.0,0.0,,,,7956.0,1378.0,8638.0,PS,
489238,Boca Beauty Academy-Parkland,Parkland,FL,1,3,21.0,0.0,0.0,0.0,0.0,0.0,0.0,0.0,0.0,0.0,,,,201.0,,,6333,
489256,Caribbean Aviation Training Institute Inc,Carolina,PR,1,3,21.0,0.0,0.0,0.0,0.0,0.0,0.0,0.0,0.0,0.0,,,,191.0,15480.0,15480.0,PS,
489283,The College of Health Care Professions-McAllen Campus,McAllen,TX,1,3,12.0,0.0,0.0,0.0,0.0,0.0,0.0,0.0,0.0,0.0,,,,787.0,,,9500,33070.0
489335,Institute of Buddhist Studies,Berkeley,CA,4,2,12.0,0.0,0.0,0.0,0.0,0.0,0.0,0.0,0.0,0.0,,,,,,,,
489344,Chamberlain University-North Carolina,Charlotte,NC,3,3,11.0,0.0,0.0,0.0,0.0,0.0,0.0,0.0,0.0,0.0,,1.0,,202.0,20785.0,20785.0,20919,92405.0
489353,Chamberlain University-California,Rancho Cordova,CA,3,3,13.0,0.0,0.0,0.0,0.0,0.0,0.0,0.0,0.0,0.0,,0.8,,751.0,21271.0,21271.0,20919,92405.0
489371,Spartan College of Aeronautics and Technology,Riverside,CA,1,3,21.0,0.0,0.0,0.0,0.0,0.0,0.0,0.0,0.0,0.0,,,,317.0,,,20000,61575.0
489779,Purdue University Global,West Lafayette,IN,1,1,13.0,0.0,0.0,0.0,0.0,0.0,0.0,0.0,0.0,0.0,,,,30828.0,10101.0,14412.0,26078,36596.0
489830,Arthur's Beauty College,Jonesboro,AR,1,3,13.0,0.0,0.0,0.0,0.0,0.0,0.0,0.0,0.0,0.0,,,,69.0,,,10500,21470.0
489858,West Coast University-Center for Graduate Studies,Los Angeles,CA,4,3,11.0,0.0,0.0,0.0,0.0,0.0,0.0,0.0,0.0,0.0,,,,,,,32946,102672.0
489937,Carolina University,Winston-Salem,NC,3,2,11.0,0.0,0.0,0.0,0.0,0.0,0.0,0.0,0.0,0.0,108.0,0.3954,,460.0,17575.0,17575.0,20287,32864.0
490018,National Personal Training Institute-Tampa,Tampa,FL,1,3,21.0,0.0,0.0,0.0,0.0,0.0,0.0,0.0,0.0,0.0,,,,15.0,,,6333,
490045,California Prestige University,Santa Fe Springs,CA,3,2,21.0,0.0,0.0,0.0,0.0,1.0,0.0,0.0,0.0,0.0,66.0,,,55.0,9329.0,9329.0,PS,
490054,HCI College,West Palm Beach,FL,2,3,21.0,0.0,0.0,0.0,0.0,0.0,0.0,0.0,0.0,0.0,,,,166.0,20838.0,20838.0,24149,
490081,America Evangelical University,Gardena,CA,3,2,13.0,0.0,0.0,0.0,0.0,1.0,0.0,0.0,0.0,0.0,89.0,,,73.0,6200.0,6200.0,PS,
490090,Gadsden Technical College,Quincy,FL,1,1,41.0,0.0,0.0,0.0,0.0,0.0,0.0,0.0,0.0,0.0,,,,59.0,,,PS,
490106,Virginia University of Integrative Medicine,Vienna,VA,4,2,21.0,0.0,0.0,0.0,0.0,0.0,0.0,0.0,0.0,0.0,,,,,,,,
490115,Nashville Film Institute,Nashville,TN,1,3,11.0,0.0,0.0,0.0,0.0,0.0,0.0,0.0,0.0,0.0,,,,60.0,,,5500,
490133,Westcliff University,Irvine,CA,3,3,11.0,0.0,0.0,0.0,0.0,0.0,0.0,0.0,0.0,0.0,,0.7315,,2363.0,17670.0,17670.0,23750,
490142,World Class Academy of Beauty Careers,Tallahassee,FL,1,3,12.0,0.0,0.0,0.0,0.0,0.0,0.0,0.0,0.0,0.0,,,,36.0,,,9000,
490160,Sacramento Ultrasound Institute,Sacramento,CA,2,3,11.0,0.0,0.0,0.0,0.0,0.0,0.0,0.0,0.0,0.0,,0.7067,,83.0,,,17000,
490197,Regan Career Institute,El Monte,CA,1,3,21.0,0.0,0.0,0.0,0.0,0.0,0.0,0.0,0.0,0.0,,,,56.0,,,PS,
490203,Bolivar Technical College,Bolivar,MO,2,2,32.0,0.0,0.0,0.0,0.0,0.0,0.0,0.0,0.0,0.0,,0.9545,,144.0,28390.0,28390.0,15000,
490221,MAK Beauty Institute,Cumming,GA,1,3,21.0,0.0,0.0,0.0,0.0,0.0,0.0,0.0,0.0,0.0,,,,11.0,,,PS,
490249,Mobile Technical Training,South Hackensack,NJ,1,3,21.0,0.0,0.0,0.0,0.0,0.0,0.0,0.0,0.0,0.0,,,,31.0,,,PS,
490258,American Barber and Beauty Academy,Reading,PA,1,3,13.0,0.0,0.0,0.0,0.0,0.0,0.0,0.0,0.0,0.0,,,,104.0,,,11583,
490276,Yeshiva Shaar Ephraim,Monsey,NY,3,2,21.0,0.0,0.0,0.0,0.0,0.0,0.0,0.0,0.0,0.0,80.0,,,113.0,14175.0,14175.0,PS,
490285,California Institute of Arts & Technology,National City,CA,1,3,21.0,0.0,0.0,0.0,0.0,0.0,0.0,0.0,0.0,0.0,,,,2112.0,22270.0,22270.0,22209,
490294,Elite Cosmetology Barber & Spa Academy,Yakima,WA,1,3,13.0,0.0,0.0,0.0,0.0,0.0,0.0,0.0,0.0,0.0,,,,118.0,,,6966,
490300,Cutting Edge Academy,Succasunna,NJ,1,3,21.0,0.0,0.0,0.0,0.0,0.0,0.0,0.0,0.0,0.0,,,,99.0,,,9500,
490319,Yeshiva Bais Aharon,Lakewood,NJ,3,2,13.0,0.0,0.0,0.0,0.0,0.0,0.0,0.0,0.0,0.0,,0.8182,,25.0,10350.0,10350.0,PS,
490328,Mechon L'hoyroa,Monsey,NY,3,2,21.0,0.0,0.0,0.0,0.0,0.0,0.0,0.0,0.0,0.0,,,,122.0,11800.0,11800.0,PS,
490346,Elyon College,Brooklyn,NY,2,2,11.0,0.0,0.0,0.0,0.0,0.0,0.0,0.0,0.0,0.0,,,,79.0,14620.0,14620.0,PS,
490373,Western Michigan University Homer Stryker M.D. School of Medicine,Kalamazoo,MI,4,2,13.0,0.0,0.0,0.0,0.0,0.0,0.0,0.0,0.0,0.0,,,,,,,,
490382,Harmony Health Care Institute,Merrimack,NH,1,3,22.0,0.0,0.0,0.0,0.0,0.0,0.0,0.0,0.0,0.0,,0.8421,,153.0,,,12685,
490391,American Beauty and Trade School,Miami,FL,1,3,21.0,0.0,0.0,0.0,0.0,0.0,0.0,0.0,0.0,0.0,,,,83.0,,,PS,
490407,Hogan Institute of Cosmetology and Esthetics,Lilburn,GA,1,3,21.0,0.0,0.0,0.0,0.0,0.0,0.0,0.0,0.0,0.0,,,,69.0,,,10666,
490416,J's Barber College,New Iberia,LA,1,3,31.0,0.0,0.0,0.0,0.0,0.0,0.0,0.0,0.0,0.0,,,,26.0,,,PS,
490425,Ann Webb Skin Institute,Austin,TX,1,3,11.0,0.0,0.0,0.0,0.0,0.0,0.0,0.0,0.0,0.0,,,,121.0,,,PS,
490434,Apex Academy Hair Skin Nails School of Cosmetology,Ontario,OH,1,3,23.0,0.0,0.0,0.0,0.0,0.0,0.0,0.0,0.0,0.0,,,,17.0,,,PS,
490443,The Esthetic Institute,Vienna,VA,1,3,21.0,0.0,0.0,0.0,0.0,0.0,0.0,0.0,0.0,0.0,,,,66.0,,,PS,
490470,Massage Institute of Memphis,Memphis,TN,1,3,11.0,0.0,0.0,0.0,0.0,0.0,0.0,0.0,0.0,0.0,,,,29.0,,,PS,
490489,Metro Detroit Barber College,Detroit,MI,1,2,11.0,0.0,0.0,0.0,0.0,0.0,0.0,0.0,0.0,0.0,,,,59.0,,,,
490498,Digital Media Institute,Shreveport,LA,1,2,12.0,0.0,0.0,0.0,0.0,0.0,0.0,0.0,0.0,0.0,,0.2609,,7.0,,,PS,
490504,Yeshiva Ohr Naftoli,New Windsor,NY,3,2,21.0,0.0,0.0,0.0,0.0,0.0,0.0,0.0,0.0,0.0,,1.0,,47.0,10870.0,10870.0,PS,
490513,Bais Medrash Mayan Hatorah,Lakewood,NJ,3,2,13.0,0.0,0.0,0.0,0.0,0.0,0.0,0.0,0.0,0.0,,0.6842,,36.0,12000.0,12000.0,PS,
490522,Allgood Beauty Institute,Frisco,TX,1,3,21.0,0.0,0.0,0.0,0.0,0.0,0.0,0.0,0.0,0.0,,,,30.0,,,PS,
490531,Ray J's College of Hair,Baton Rouge,LA,1,3,12.0,0.0,0.0,0.0,0.0,0.0,0.0,0.0,0.0,0.0,,,,41.0,,,14896,
490674,Manuel and Theresa's School of Hair Design,Brenham,TX,1,3,32.0,0.0,0.0,0.0,0.0,0.0,0.0,0.0,0.0,0.0,,,,8.0,,,7924,
490692,Cincinnati School of Barbering & Hair Design,Cincinnati,OH,1,3,21.0,0.0,0.0,0.0,0.0,0.0,0.0,0.0,0.0,0.0,,,,48.0,,,PS,
490717,L Makeup Institute,Las Vegas,NV,1,3,11.0,0.0,0.0,0.0,0.0,0.0,0.0,0.0,0.0,0.0,,,,73.0,,,6746,
490735,Maestro College,Arlington,TX,1,3,11.0,0.0,0.0,0.0,0.0,0.0,0.0,0.0,0.0,0.0,,,,72.0,,,9500,33559.0
490744,Northern Technical College,Pine Bluff,AR,1,3,32.0,0.0,0.0,0.0,0.0,0.0,0.0,0.0,0.0,0.0,,,,8.0,,,PS,
490753,Maine Media College,Rockport,ME,1,2,33.0,0.0,0.0,0.0,0.0,0.0,0.0,0.0,0.0,0.0,,,,3.0,,,PS,
490805,Purdue University Northwest,Hammond,IN,3,1,21.0,0.0,0.0,0.0,0.0,0.0,1.0,0.0,0.0,0.0,,0.7236,1024.0,5671.0,8675.0,16094.0,21229,48318.0
490814,Ross Medical Education Center-Portage,Portage,MI,1,3,13.0,0.0,0.0,0.0,0.0,0.0,0.0,0.0,0.0,0.0,,,,124.0,,,9500,30060.0
490832,Ross College-Canton,Canton,OH,1,3,21.0,0.0,0.0,0.0,0.0,0.0,0.0,0.0,0.0,0.0,,,,785.0,,,9500,29898.0
490841,Ross College-Grand Rapids North,Grand Rapids,MI,1,3,21.0,0.0,0.0,0.0,0.0,0.0,0.0,0.0,0.0,0.0,,,,387.0,,,9500,30072.0
490869,American Institute-Somerset,Somerset,NJ,1,3,21.0,0.0,0.0,0.0,0.0,0.0,0.0,0.0,0.0,0.0,,,,364.0,,,11979,28710.0
490878,Platt College-Anaheim,Anaheim,CA,2,3,11.0,0.0,0.0,0.0,0.0,0.0,0.0,0.0,0.0,0.0,,,,498.0,14922.0,14922.0,18685,40669.0
490896,Advantage Career Institute,Eatontown,NJ,1,3,21.0,0.0,0.0,0.0,0.0,0.0,0.0,0.0,0.0,0.0,,,,161.0,,,4856,
490948,Bull City Durham Beauty and Barber College,Durham,NC,1,3,11.0,0.0,0.0,0.0,0.0,0.0,0.0,0.0,0.0,0.0,,,,41.0,,,12179,
490975,Fortis College-Cutler Bay,Cutler Bay,FL,2,3,21.0,0.0,0.0,0.0,0.0,0.0,0.0,0.0,0.0,0.0,,,,365.0,13806.0,13806.0,13000,34726.0
491057,Yeshiva Kollel Tifereth Elizer,Brooklyn,NY,3,2,11.0,0.0,0.0,0.0,0.0,0.0,0.0,0.0,0.0,0.0,,0.7368,,499.0,12300.0,12300.0,PS,
491066,Strand Institute of Beauty & Esthetics,Corpus Christi,TX,1,3,11.0,0.0,0.0,0.0,0.0,0.0,0.0,0.0,0.0,0.0,,,,65.0,,,7917,
491075,Arkansas Welding Academy,Jacksonville,AR,1,3,21.0,0.0,0.0,0.0,0.0,0.0,0.0,0.0,0.0,0.0,,,,73.0,,,5500,
491084,Unitech Training Academy-Baton Rouge,Baton Rouge,LA,1,3,12.0,0.0,0.0,0.0,0.0,0.0,0.0,0.0,0.0,0.0,,,,72.0,,,8721,24707.0
491136,Empire Beauty School-Tampa,Tampa,FL,1,3,21.0,0.0,0.0,0.0,0.0,0.0,0.0,0.0,0.0,0.0,,,,111.0,,,10667,23921.0
491145,Empire Beauty School-Lakeland,Lakeland,FL,1,3,12.0,0.0,0.0,0.0,0.0,0.0,0.0,0.0,0.0,0.0,,,,145.0,,,10231,23589.0
491181,Galen College of Nursing-ARH,Hazard,KY,2,3,33.0,0.0,0.0,0.0,0.0,0.0,0.0,0.0,0.0,0.0,,,,350.0,16364.0,16364.0,24166,61480.0
491190,The Chicago School at San Diego,San Diego,CA,3,2,11.0,0.0,0.0,0.0,0.0,0.0,0.0,0.0,0.0,0.0,,,,2.0,21780.0,21780.0,20000,56899.0
491215,Commercial Divers International,Goodyear,AZ,1,3,21.0,0.0,0.0,0.0,0.0,0.0,0.0,0.0,0.0,0.0,,,,71.0,,,PS,
491224,Tricoci University of Beauty Culture-Janesville,Janesville,WI,1,3,13.0,0.0,0.0,0.0,0.0,0.0,0.0,0.0,0.0,0.0,,,,102.0,,,9333,23149.0
491233,Unlimited Cosmetology School,Hattiesburg,MS,1,3,13.0,0.0,0.0,0.0,0.0,0.0,0.0,0.0,0.0,0.0,,,,29.0,,,PS,
491242,Johnny Matthew's Hairdressing Training School,Salem,OR,1,3,12.0,0.0,0.0,0.0,0.0,0.0,0.0,0.0,0.0,0.0,,,,60.0,,,8297,
491251,The Culinary School of Fort Worth,Fort Worth,TX,1,3,11.0,0.0,0.0,0.0,0.0,0.0,0.0,0.0,0.0,0.0,,0.7753,,92.0,,,9500,
491260,Centralia Beauty College,Centralia,WA,1,3,32.0,0.0,0.0,0.0,0.0,0.0,0.0,0.0,0.0,0.0,,,,90.0,,,PS,
491288,University of Wisconsin-Milwaukee Flex,Milwaukee,WI,3,1,11.0,0.0,0.0,0.0,0.0,0.0,0.0,0.0,0.0,0.0,,1.0,,543.0,,,23000,54990.0
491297,University of Wisconsin-Parkside Flex,Kenosha,WI,3,1,41.0,0.0,0.0,0.0,0.0,0.0,0.0,0.0,0.0,0.0,,,,172.0,,,20492,51129.0
491394,Miller-Motte College-STVT-Arlington,Arlington,TX,1,3,11.0,0.0,0.0,0.0,0.0,0.0,0.0,0.0,0.0,0.0,,,,268.0,,,15917,31102.0
491446,Bnos Zion Of Bobov Seminary,Brooklyn,NY,1,2,11.0,0.0,0.0,0.0,0.0,0.0,0.0,0.0,0.0,0.0,,0.8818,,124.0,10250.0,10250.0,PS,
491464,ABC Adult School,Cerritos,CA,1,1,21.0,0.0,0.0,0.0,0.0,0.0,0.0,0.0,0.0,0.0,,,,173.0,,,PS,
491473,Polytech Adult Education,Woodside,DE,1,1,22.0,0.0,0.0,0.0,0.0,0.0,0.0,0.0,0.0,0.0,,,,590.0,,,PS,
491525,Union Bible College,Westfield,IN,1,2,21.0,0.0,0.0,0.0,0.0,0.0,0.0,0.0,0.0,0.0,42.0,0.9084,,206.0,6700.0,6700.0,PS,
491534,Pets Playground Grooming School,Pompano Beach,FL,1,3,12.0,0.0,0.0,0.0,0.0,0.0,0.0,0.0,0.0,0.0,,,,22.0,,,PS,
491543,San Bernardino Beauty College,San Bernardino,CA,1,3,12.0,0.0,0.0,0.0,0.0,0.0,0.0,0.0,0.0,0.0,,,,82.0,,,PS,
491552,Christina and Company Education Center,Lafayette,IN,1,3,13.0,0.0,0.0,0.0,0.0,0.0,0.0,0.0,0.0,0.0,,,,44.0,,,PS,
491570,Institute of Medical Ultrasound,Atlanta,GA,1,3,11.0,0.0,0.0,0.0,0.0,0.0,0.0,0.0,0.0,0.0,,,,50.0,31052.0,31052.0,20000,
491589,Mystros Barber Academy,Houston,TX,1,2,11.0,0.0,0.0,0.0,0.0,0.0,0.0,0.0,0.0,0.0,,,,50.0,,,PS,
491598,European Medical School of Massage,Sinking Spring,PA,1,3,21.0,0.0,0.0,0.0,0.0,0.0,0.0,0.0,0.0,0.0,,,,37.0,,,PS,
491613,Yeshiva Gedolah Tiferes Boruch,North Plainfield,NJ,3,2,21.0,0.0,0.0,0.0,0.0,0.0,0.0,0.0,0.0,0.0,,0.8929,,81.0,10480.0,10480.0,PS,
491622,Yeshiva Chemdas Hatorah,Lakewood,NJ,2,2,21.0,0.0,0.0,0.0,0.0,0.0,0.0,0.0,0.0,0.0,,0.8,,72.0,12150.0,12150.0,PS,
491631,Women's Institute of Torah Seminary and College,Baltimore,MD,3,2,11.0,0.0,0.0,0.0,0.0,0.0,0.0,0.0,0.0,0.0,,0.9796,,118.0,9780.0,9780.0,PS,
491640,Yeshiva Gedolah Keren Hatorah,Lakewood,NJ,2,2,13.0,0.0,0.0,0.0,0.0,0.0,0.0,0.0,0.0,0.0,,0.8571,,181.0,9150.0,9150.0,PS,
491659,ICOHS College,San Diego,CA,1,2,11.0,0.0,0.0,0.0,0.0,0.0,0.0,0.0,0.0,0.0,,,,171.0,,,6658,
491668,Neo-Esthetique European Institute,San Juan,PR,1,3,11.0,0.0,0.0,0.0,0.0,0.0,0.0,0.0,0.0,0.0,,,,109.0,,,PS,
491677,Lehigh Valley Barber School,Bethlehem,PA,1,3,13.0,0.0,0.0,0.0,0.0,0.0,0.0,0.0,0.0,0.0,,,,77.0,,,11979,
491686,International Barber College,Chandler,AZ,1,3,11.0,0.0,0.0,0.0,0.0,0.0,0.0,0.0,0.0,0.0,,,,45.0,,,PS,
491695,Brown Beauty Barber School,Bessemer,AL,1,3,21.0,0.0,0.0,0.0,0.0,0.0,0.0,0.0,0.0,0.0,,,,54.0,,,9833,
491701,Rexburg College of Massage Therapy,Rexburg,ID,1,3,32.0,0.0,0.0,0.0,0.0,0.0,0.0,0.0,0.0,0.0,,,,37.0,,,PS,
491710,Yeshiva Gedolah of Cliffwood,Keyport,NJ,3,2,21.0,0.0,0.0,0.0,0.0,0.0,0.0,0.0,0.0,0.0,,0.7,,30.0,8550.0,8550.0,PS,
491747,UR Beauty & Barber Academy,Sebring,FL,1,3,13.0,0.0,0.0,0.0,0.0,0.0,0.0,0.0,0.0,0.0,,,,26.0,,,13000,
491756,Urban Barber College,Concord,CA,1,3,21.0,0.0,0.0,0.0,0.0,0.0,0.0,0.0,0.0,0.0,,,,224.0,,,12365,
491765,Yeshivas Emek Hatorah,Howell,NJ,3,2,41.0,0.0,0.0,0.0,0.0,0.0,0.0,0.0,0.0,0.0,,1.0,,90.0,9750.0,9750.0,PS,
491774,Transitions Career Institute School of Nursing,College Point,NY,1,3,11.0,0.0,0.0,0.0,0.0,0.0,0.0,0.0,0.0,0.0,,,,186.0,,,11366,
491783,Wilton Simpson Technical College,Brooksville,FL,1,1,22.0,0.0,0.0,0.0,0.0,0.0,0.0,0.0,0.0,0.0,,,,155.0,,,PS,
491792,Stacey James Institute,Parker,CO,1,3,21.0,0.0,0.0,0.0,0.0,0.0,0.0,0.0,0.0,0.0,,,,90.0,,,6333,
491808,Meridian University,Petaluma,CA,4,3,13.0,0.0,0.0,0.0,0.0,0.0,0.0,0.0,0.0,0.0,,,,,,,,
491817,Seminary Bnos Chaim,Lakewood,NJ,1,2,13.0,0.0,0.0,0.0,0.0,0.0,0.0,0.0,0.0,0.0,,0.4359,,182.0,13150.0,13150.0,PS,
491826,Avenue Academy A Cosmetology Institute,Albuquerque,NM,1,3,11.0,0.0,0.0,0.0,0.0,0.0,0.0,0.0,0.0,0.0,,,,96.0,,,6333,
491835,Salon Professional Academy of San Antonio,San Antonio,TX,1,3,11.0,0.0,0.0,0.0,0.0,0.0,0.0,0.0,0.0,0.0,,,,94.0,,,7917,
491844,Red Lake Nation College,Red Lake,MN,2,1,43.0,0.0,0.0,0.0,1.0,0.0,0.0,0.0,0.0,0.0,,,,332.0,6640.0,6640.0,PS,
491853,Princess Institute of Beauty,Reedley,CA,1,3,32.0,0.0,0.0,0.0,0.0,0.0,0.0,0.0,0.0,0.0,,,,29.0,,,8095,
491871,Vogue International Academy,Houston,TX,1,3,11.0,0.0,0.0,0.0,0.0,0.0,0.0,0.0,0.0,0.0,,,,8.0,,,PS,
491880,Independent Training & Apprenticeship Program,Sacramento,CA,1,3,13.0,0.0,0.0,0.0,0.0,0.0,0.0,0.0,0.0,0.0,,,,92.0,,,PS,
491899,Victory Career College,Carson,CA,1,3,13.0,0.0,0.0,0.0,0.0,0.0,0.0,0.0,0.0,0.0,,,,100.0,,,6333,
491905,Winonah's International School of Cosmetology,Hoover,AL,1,3,21.0,0.0,0.0,0.0,0.0,0.0,0.0,0.0,0.0,0.0,,,,120.0,,,9500,
491914,Yeshiva Gedola Tiferes Yerachmiel,Lakewood,NJ,2,2,13.0,0.0,0.0,0.0,0.0,0.0,0.0,0.0,0.0,0.0,,0.5147,,177.0,9600.0,9600.0,PS,
491923,Southeastern Esthetics Institute,Elgin,SC,1,3,12.0,0.0,0.0,0.0,0.0,0.0,0.0,0.0,0.0,0.0,,,,358.0,,,6333,
491941,Caris College,Jeffersonville,IN,1,3,21.0,0.0,0.0,0.0,0.0,0.0,0.0,0.0,0.0,0.0,,,,202.0,,,8708,
491950,Contra Costa Medical Career College,Antioch,CA,1,3,21.0,0.0,0.0,0.0,0.0,0.0,0.0,0.0,0.0,0.0,,,,556.0,,,6333,
491978,Another Level Barbering and Cosmetology School,Petersburg,VA,1,3,21.0,0.0,0.0,0.0,0.0,0.0,0.0,0.0,0.0,0.0,,,,70.0,,,11833,
491996,The Salon Professional Academy-Georgetown,Georgetown,TX,1,3,13.0,0.0,0.0,0.0,0.0,0.0,0.0,0.0,0.0,0.0,,,,79.0,,,PS,
492005,Elite Academy of Hair Design,Bridgeport,OH,1,3,23.0,0.0,0.0,0.0,0.0,0.0,0.0,0.0,0.0,0.0,,,,61.0,,,6837,
492023,Americare Technical School,Park Ridge,IL,1,3,21.0,0.0,0.0,0.0,0.0,0.0,0.0,0.0,0.0,0.0,,1.0,,25.0,20500.0,20500.0,,
492069,Champion Christian College,Hot Springs,AR,3,2,13.0,0.0,0.0,0.0,0.0,0.0,0.0,0.0,0.0,0.0,108.0,,,144.0,11510.0,11510.0,PS,
492078,Chicago Professional Center,Prospect Heights,IL,1,3,21.0,0.0,0.0,0.0,0.0,0.0,0.0,0.0,0.0,0.0,,,,95.0,,,,
492139,DSDT,Detroit,MI,1,3,11.0,0.0,0.0,0.0,0.0,0.0,0.0,0.0,0.0,0.0,,,,132.0,,,6333,
492148,Elite Beauty College,Muskogee,OK,1,3,32.0,0.0,0.0,0.0,0.0,0.0,0.0,0.0,0.0,0.0,,,,10.0,,,,
492281,GoodFellas Barber College,Little Rock,AR,1,3,12.0,0.0,0.0,0.0,0.0,0.0,0.0,0.0,0.0,0.0,,,,32.0,,,16500,
492306,Escondido Adult School,Escondido,CA,1,1,21.0,0.0,0.0,0.0,0.0,0.0,0.0,0.0,0.0,0.0,,,,1476.0,,,,
492315,Poway Adult School,Poway,CA,1,1,21.0,0.0,0.0,0.0,0.0,0.0,0.0,0.0,0.0,0.0,,,,1459.0,,,,
492324,Vista Adult School,Vista,CA,1,1,21.0,0.0,0.0,0.0,0.0,0.0,0.0,0.0,0.0,0.0,,,,1426.0,,,,
492421,No Grease Barber School,Charlotte,NC,1,3,11.0,0.0,0.0,0.0,0.0,0.0,0.0,0.0,0.0,0.0,,,,28.0,,,12179,
492449,Pima Medical Institute-San Marcos,San Marcos,CA,1,3,21.0,0.0,0.0,0.0,0.0,0.0,0.0,0.0,0.0,0.0,,,,573.0,,,9500,38673.0
492476,EDP University of Puerto Rico-Villalba,Villalba,PR,2,2,23.0,0.0,0.0,0.0,0.0,0.0,1.0,0.0,0.0,0.0,,0.7565,,379.0,7050.0,14125.0,14000,22844.0
492652,KCK Beauty & Barber Academy,Jacksonville,FL,1,3,11.0,0.0,0.0,0.0,0.0,0.0,0.0,0.0,0.0,0.0,,,,36.0,,,PS,
492661,California College of Barbering and Cosmetology,Stockton,CA,1,3,11.0,0.0,0.0,0.0,0.0,0.0,0.0,0.0,0.0,0.0,,,,227.0,,,6333,
492689,Texas Tech University Health Scienes Center El Paso,El Paso,TX,3,1,11.0,0.0,0.0,0.0,0.0,0.0,1.0,0.0,0.0,0.0,,,,242.0,,,12500,
492704,Ponce Health Sciences University-Centro Universitario de San Juan,San Juan,PR,4,3,11.0,0.0,0.0,0.0,0.0,0.0,0.0,0.0,0.0,0.0,,,,,,,PS,
492722,The College of Health Care Professions-South San Antonio,San Antonio,TX,1,3,11.0,0.0,0.0,0.0,0.0,0.0,0.0,0.0,0.0,0.0,,,,419.0,,,9500,33070.0
492731,Innovate Salon Academy,Ewing,NJ,1,3,21.0,0.0,0.0,0.0,0.0,0.0,0.0,0.0,0.0,0.0,,,,174.0,,,6333,
492759,Chamberlain University-Louisiana,Jefferson,LA,3,3,21.0,0.0,0.0,0.0,0.0,0.0,0.0,0.0,0.0,0.0,,1.0,,622.0,19975.0,19975.0,20919,92405.0
492801,Drury University-College of Continuing Professional Studies,Springfield,MO,3,2,12.0,0.0,0.0,0.0,0.0,0.0,0.0,0.0,0.0,0.0,61.0,,,632.0,8054.0,8054.0,20979,40694.0
492935,Global Medical & Technical Training Institute,Miami,FL,1,3,11.0,0.0,0.0,0.0,0.0,0.0,0.0,0.0,0.0,0.0,,,,393.0,,,8709,
492953,Salon Success Academy-West Covina,West Covina,CA,1,3,21.0,0.0,0.0,0.0,0.0,0.0,0.0,0.0,0.0,0.0,,,,75.0,,,7177,26956.0
492962,Indiana Institute of Technology-College of Professional Studies,Fort Wayne,IN,3,2,11.0,0.0,0.0,0.0,0.0,0.0,0.0,0.0,0.0,0.0,,,,2686.0,9896.0,9896.0,26391,47327.0
493071,Advantage Technical College,San Juan,PR,1,3,11.0,0.0,0.0,0.0,0.0,0.0,0.0,0.0,0.0,0.0,,,,381.0,,,PS,26905.0
493080,Institute of Culinary Education,Pasadena,CA,1,3,12.0,0.0,0.0,0.0,0.0,0.0,0.0,0.0,0.0,0.0,,,,553.0,,,6439,47865.0
493132,Universal Technical Institute-Bloomfield,Bloomfield,NJ,1,3,21.0,0.0,0.0,0.0,0.0,0.0,0.0,0.0,0.0,0.0,,,,1428.0,,,14267,51222.0
493150,Gould's Academy,Bartlett,TN,1,3,21.0,0.0,0.0,0.0,0.0,0.0,0.0,0.0,0.0,0.0,,,,135.0,,,7767,
493372,Urban Academy of Beauty,Rio Rancho,NM,1,3,21.0,0.0,0.0,0.0,0.0,0.0,0.0,0.0,0.0,0.0,,,,0.0,,,10556,33273.0
493451,WellSpring School of Allied Health-Springfield,Springfield,MO,1,3,12.0,0.0,0.0,0.0,0.0,0.0,0.0,0.0,0.0,0.0,,,,90.0,,,7917,29839.0
493479,Medical Career College of Northern California,Roseville,CA,1,3,12.0,0.0,0.0,0.0,0.0,0.0,0.0,0.0,0.0,0.0,,,,14.0,19576.0,19576.0,PS,
493488,Premiere International College,Fort Myers,FL,2,3,13.0,0.0,0.0,0.0,0.0,0.0,0.0,0.0,0.0,0.0,,,,88.0,22140.0,22140.0,,
493512,San Diego Global Knowledge University,San Diego,CA,1,3,11.0,0.0,0.0,0.0,0.0,0.0,0.0,0.0,0.0,0.0,,,,173.0,13774.0,13774.0,,
493521,Global Tech College,Toledo,OH,1,3,11.0,0.0,0.0,0.0,0.0,0.0,0.0,0.0,0.0,0.0,,,,102.0,22184.0,22184.0,PS,
493549,McAllen Careers Institute,McAllen,TX,1,3,12.0,0.0,0.0,0.0,0.0,0.0,0.0,0.0,0.0,0.0,,,,129.0,,,9500,
493567,Bellasa Professional Institute,Miami Springs,FL,1,3,21.0,0.0,0.0,0.0,0.0,0.0,0.0,0.0,0.0,0.0,,,,43.0,,,,
493585,Health and Technology Training Institute,Philadelphia,PA,1,2,11.0,0.0,0.0,0.0,0.0,0.0,0.0,0.0,0.0,0.0,,,,20.0,,,PS,
493594,Yeshiva of Ocean,Greenfield Park,NY,3,2,42.0,0.0,0.0,0.0,0.0,0.0,0.0,0.0,0.0,0.0,,0.36,,63.0,9000.0,9000.0,PS,
493600,Congregation Talmidei Mesivta Tiferes Shmiel Aleksander,Brooklyn,NY,3,2,11.0,0.0,0.0,0.0,0.0,0.0,0.0,0.0,0.0,0.0,,,,168.0,14125.0,14125.0,PS,
493628,Pro Beauty Academy,Edison,NJ,1,3,21.0,0.0,0.0,0.0,0.0,0.0,0.0,0.0,0.0,0.0,,,,67.0,,,5500,
493637,South Eastern Beauty Academy,Paintsville,KY,1,3,33.0,0.0,0.0,0.0,0.0,0.0,0.0,0.0,0.0,0.0,,,,45.0,,,PS,
493646,Ohel Margulia Seminary,Monsey,NY,2,2,21.0,0.0,0.0,0.0,0.0,0.0,0.0,0.0,0.0,0.0,,0.9619,,280.0,9700.0,9700.0,PS,
493664,Yeshivat Hechal Shemuel,Brooklyn,NY,3,2,11.0,0.0,0.0,0.0,0.0,0.0,0.0,0.0,0.0,0.0,,1.0,,65.0,12380.0,12380.0,PS,
493673,Professional University Dr. Carlos J. Borrero Rios,Hato Rey,PR,3,3,11.0,0.0,0.0,0.0,0.0,0.0,0.0,0.0,0.0,0.0,,,,7.0,6900.0,6900.0,PS,
493682,American Institute of Healthcare & Technology,Stratford,CT,1,3,21.0,0.0,0.0,0.0,0.0,0.0,0.0,0.0,0.0,0.0,,,,100.0,,,7125,
493691,Premier Academy of Cosmetology,McAlester,OK,1,3,33.0,0.0,0.0,0.0,0.0,0.0,0.0,0.0,0.0,0.0,,,,49.0,,,PS,
493707,Yeshiva Gedolah of Woodlake Village,Lakewood,NJ,2,2,21.0,0.0,0.0,0.0,0.0,0.0,0.0,0.0,0.0,0.0,,0.8372,,87.0,9030.0,9030.0,PS,
493716,Yeshiva Gedola Tiferes Yaakov Yitzchok,Lakewood,NJ,2,2,21.0,0.0,0.0,0.0,0.0,0.0,0.0,0.0,0.0,0.0,,0.7667,,71.0,13700.0,13700.0,PS,
493743,Houston Barber School,Houston,TX,1,3,21.0,0.0,0.0,0.0,0.0,0.0,0.0,0.0,0.0,0.0,,,,264.0,,,10667,
493752,Health-Tech Institute of Memphis,Memphis,TN,1,3,11.0,0.0,0.0,0.0,0.0,0.0,0.0,0.0,0.0,0.0,,,,8.0,,,PS,
493761,MIXED Institute of Cosmetology & Barber,Sacramento,CA,1,3,21.0,0.0,0.0,0.0,0.0,0.0,0.0,0.0,0.0,0.0,,,,138.0,,,9833,
493770,Vski Cosmetology School,Charleston,SC,1,2,12.0,0.0,0.0,0.0,0.0,0.0,0.0,0.0,0.0,0.0,,,,31.0,,,PS,
493798,New York Seminary,Brooklyn,NY,2,2,11.0,0.0,0.0,0.0,0.0,0.0,0.0,0.0,0.0,0.0,,0.7602,,97.0,12750.0,12750.0,PS,
493804,Deluxe Barber College,San Antonio,TX,1,3,11.0,0.0,0.0,0.0,0.0,0.0,0.0,0.0,0.0,0.0,,,,94.0,,,6500,
493813,Falcon Institute of Health and Science,Bethlehem,PA,1,3,13.0,0.0,0.0,0.0,0.0,0.0,0.0,0.0,0.0,0.0,,1.0,,137.0,,,17083,
493822,College Unbound,Providence,RI,3,2,12.0,0.0,0.0,0.0,0.0,0.0,1.0,0.0,0.0,0.0,,,,491.0,11016.0,11016.0,12500,
493868,A Better U Beauty Barber Academy,Albuquerque,NM,1,3,11.0,0.0,0.0,0.0,0.0,0.0,0.0,0.0,0.0,0.0,,,,46.0,,,PS,
493895,SANS Technology Institute,North Bethesda,MD,1,3,13.0,0.0,0.0,0.0,0.0,0.0,0.0,0.0,0.0,0.0,,,,762.0,,,,
493910,Tuana European Beauty Academy,Fort Collins,CO,1,3,12.0,0.0,0.0,0.0,0.0,0.0,0.0,0.0,0.0,0.0,,,,42.0,,,,
493947,Idaho College of Osteopathic Medicine,Meridian,ID,4,3,21.0,0.0,0.0,0.0,0.0,0.0,0.0,0.0,0.0,0.0,,,,,,,,
493956,Cal Northern School of Law,Chico,CA,4,3,12.0,0.0,0.0,0.0,0.0,0.0,0.0,0.0,0.0,0.0,,,,,,,,
493974,College of Athens,Watkinsville,GA,2,2,22.0,0.0,0.0,0.0,0.0,0.0,0.0,0.0,0.0,0.0,42.0,,,44.0,9050.0,9050.0,,
493992,Southern Careers Institute-Waco,Waco,TX,1,3,12.0,0.0,0.0,0.0,0.0,0.0,0.0,0.0,0.0,0.0,,,,185.0,,,8708,27035.0
494010,Ponce Health Sciences University-St Louis,St. Louis,MO,4,3,11.0,0.0,0.0,0.0,0.0,0.0,0.0,0.0,0.0,0.0,,,,,,,PS,
494029,Lil Lou's Beauty and Barber College-Hammond,Hammond,IN,1,3,21.0,0.0,0.0,0.0,0.0,0.0,0.0,0.0,0.0,0.0,,,,26.0,,,14302,
494162,Arizona College of Nursing-Dallas,Dallas,TX,3,3,11.0,0.0,0.0,0.0,0.0,0.0,0.0,0.0,0.0,0.0,,1.0,,588.0,23987.0,23987.0,9500,34657.0
494232,The Salon Professional Academy-Washington DC,Washington,DC,1,3,11.0,0.0,0.0,0.0,0.0,0.0,0.0,0.0,0.0,0.0,,,,117.0,,,6333,20809.0
494250,Valley College-Cleveland,Cleveland,OH,1,2,21.0,0.0,0.0,0.0,0.0,0.0,0.0,0.0,0.0,0.0,,,,887.0,,,9500,24900.0
494278,EDP University of Puerto Rico-Humacao,Humacao,PR,2,2,21.0,0.0,0.0,0.0,0.0,0.0,1.0,0.0,0.0,0.0,,0.5952,,325.0,7050.0,14125.0,14000,22844.0
494287,EDP University of Puerto Rico-Manati,Manati,PR,2,2,21.0,0.0,0.0,0.0,0.0,0.0,1.0,0.0,0.0,0.0,,0.6818,,468.0,7050.0,14125.0,14000,22844.0
494357,UEI College-Sacramento,Sacramento,CA,1,3,21.0,0.0,0.0,0.0,0.0,0.0,0.0,0.0,0.0,0.0,,,,1217.0,,,9500,30848.0
494436,Fortis Institute-Cookeville,Cookeville,TN,2,3,33.0,0.0,0.0,0.0,0.0,0.0,0.0,0.0,0.0,0.0,,,,334.0,15120.0,15120.0,13000,34509.0
494463,Derech Hachaim Seminary,Monroe,NY,1,2,13.0,0.0,0.0,0.0,0.0,0.0,0.0,0.0,0.0,0.0,,0.9328,,300.0,11000.0,11000.0,PS,
494472,Evvaylois Academy School of Beauty,Brenham,TX,1,2,32.0,0.0,0.0,0.0,0.0,0.0,0.0,0.0,0.0,0.0,,,,14.0,,,PS,
494524,Avenue Five Institute-South Austin Campus,Austin,TX,1,3,11.0,0.0,0.0,0.0,0.0,0.0,0.0,0.0,0.0,0.0,,,,139.0,,,7917,30280.0
494542,Sattler College,Boston,MA,3,2,11.0,0.0,0.0,0.0,0.0,0.0,0.0,0.0,0.0,0.0,42.0,0.6905,1190.0,57.0,787.0,787.0,,
494588,Pima Medical Institute-San Antonio,San Antonio,TX,1,3,11.0,0.0,0.0,0.0,0.0,0.0,0.0,0.0,0.0,0.0,,,,424.0,,,9500,38673.0
494603,The Southwestern Baptist Theological Seminary,Fort Worth,TX,1,2,11.0,0.0,0.0,0.0,0.0,0.0,0.0,0.0,0.0,0.0,75.0,0.5771,,324.0,11934.0,11934.0,,
494621,Lotus Professional College,Richmond,VA,1,3,21.0,0.0,0.0,0.0,0.0,0.0,0.0,0.0,0.0,0.0,,,,171.0,,,PS,
494630,Christ Mission College,San Antonio,TX,3,2,21.0,0.0,0.0,0.0,0.0,0.0,1.0,0.0,0.0,0.0,27.0,1.0,,32.0,8806.0,8806.0,PS,
494649,Esteem Academy of Beauty,South Ogden,UT,1,3,21.0,0.0,0.0,0.0,0.0,0.0,0.0,0.0,0.0,0.0,,,,56.0,,,PS,
494658,KC Beauty Academy,Los Angeles,CA,1,3,11.0,0.0,0.0,0.0,0.0,0.0,0.0,0.0,0.0,0.0,,,,41.0,,,PS,
494685,Urshan University,Wentzville,MO,3,2,21.0,0.0,0.0,0.0,0.0,0.0,0.0,0.0,0.0,0.0,79.0,0.8378,988.0,472.0,8756.0,8756.0,PS,
494694,Texas Healthtech Institute,Beaumont,TX,1,3,12.0,0.0,0.0,0.0,0.0,0.0,0.0,0.0,0.0,0.0,,,,150.0,,,6967,
494700,Xtylo Beauty and Barber College,Phoenix,AZ,1,3,11.0,0.0,0.0,0.0,0.0,0.0,0.0,0.0,0.0,0.0,,,,57.0,,,PS,
494719,Tonsorial Arts Barber College,Texarkana,TX,1,3,13.0,0.0,0.0,0.0,0.0,0.0,0.0,0.0,0.0,0.0,,,,170.0,,,10667,
494728,Michael's Barber & Hair Stylist Academy,Irving,TX,1,3,11.0,0.0,0.0,0.0,0.0,0.0,0.0,0.0,0.0,0.0,,,,42.0,,,PS,
494737,Yeshiva Yesoda Hatorah Vetz Chaim,Brooklyn,NY,3,2,11.0,0.0,0.0,0.0,0.0,0.0,0.0,0.0,0.0,0.0,80.0,,,223.0,14000.0,14000.0,PS,
494746,North-West College-San Diego,San Diego,CA,2,3,11.0,0.0,0.0,0.0,0.0,0.0,0.0,0.0,0.0,0.0,,,,636.0,,,9500,41472.0
494755,West Virginia Junior College-United Career Institute,Irwin,PA,1,3,21.0,0.0,0.0,0.0,0.0,0.0,0.0,0.0,0.0,0.0,,,,61.0,14798.0,14798.0,9881,31912.0
494764,Aviation Institute of Maintenance-Charlotte,Charlotte,NC,1,3,11.0,0.0,0.0,0.0,0.0,0.0,0.0,0.0,0.0,0.0,,,,344.0,16657.0,16657.0,29773,42759.0
494843,Fortis College-Landover,Landover,MD,1,3,21.0,0.0,0.0,0.0,0.0,0.0,0.0,0.0,0.0,0.0,,,,566.0,16522.0,16522.0,9500,36920.0
494852,Stautzenberger College-Rockford Career College,Rockford,IL,1,3,12.0,0.0,0.0,0.0,0.0,0.0,0.0,0.0,0.0,0.0,,,,682.0,16699.0,16699.0,14302,34104.0
494898,WellSpring School of Allied Health-Wichita,Wichita,KS,2,3,11.0,0.0,0.0,0.0,0.0,0.0,0.0,0.0,0.0,0.0,,,,58.0,,,7917,29839.0
494904,Access Careers-Islandia,Islandia,NY,1,3,21.0,0.0,0.0,0.0,0.0,0.0,0.0,0.0,0.0,0.0,,,,312.0,,,5500,
494959,Northern Pennsylvania Regional College,Warren,PA,2,1,33.0,0.0,0.0,0.0,0.0,0.0,0.0,0.0,0.0,0.0,,,,75.0,4440.0,8880.0,,
494986,Apex College of Veterinary Technology,Colorado Springs,CO,2,3,11.0,0.0,0.0,0.0,0.0,0.0,0.0,0.0,0.0,0.0,,,,27.0,13850.0,13850.0,,
494995,Meryma'at Barber College,Cleveland,OH,1,3,11.0,0.0,0.0,0.0,0.0,0.0,0.0,0.0,0.0,0.0,,,,48.0,,,,
495013,Western Maricopa Education Center,Glendale,AZ,1,1,21.0,0.0,0.0,0.0,0.0,0.0,0.0,0.0,0.0,0.0,,,,245.0,,,PS,
495031,Bais Medrash of Dexter Park,Chestnut Ridge,NY,3,2,21.0,0.0,0.0,0.0,0.0,0.0,0.0,0.0,0.0,0.0,,0.6923,,51.0,11500.0,11500.0,PS,
495040,Makana Esthetics Wellness Academy,Honolulu,HI,1,3,11.0,0.0,0.0,0.0,0.0,0.0,0.0,0.0,0.0,0.0,,,,50.0,,,PS,
495059,Oak Valley College,Rialto,CA,3,2,21.0,0.0,0.0,0.0,0.0,0.0,1.0,0.0,0.0,0.0,108.0,,,75.0,24180.0,24180.0,PS,
495077,Paul Mitchell the School-San Jose,San Jose,CA,1,3,11.0,0.0,0.0,0.0,0.0,0.0,0.0,0.0,0.0,0.0,,,,91.0,,,PS,
495101,Zion Massage College,St. George,UT,1,3,12.0,0.0,0.0,0.0,0.0,0.0,0.0,0.0,0.0,0.0,,,,56.0,,,PS,
495110,Marine Trades Institute,Cedarville,MI,1,2,43.0,0.0,0.0,0.0,0.0,0.0,0.0,0.0,0.0,0.0,,,,26.0,25470.0,25470.0,PS,
495129,Austin Career Institute LLC,Austin,TX,1,3,11.0,0.0,0.0,0.0,0.0,0.0,0.0,0.0,0.0,0.0,,,,102.0,,,PS,
495147,Pacific Northwest Christian College,Kennewick,WA,2,2,13.0,0.0,0.0,0.0,0.0,0.0,0.0,0.0,0.0,0.0,,,,129.0,11350.0,11350.0,PS,
495174,Hollywood Cultural College,Los Angeles,CA,1,3,11.0,0.0,0.0,0.0,0.0,0.0,0.0,0.0,0.0,0.0,,,,38.0,,,PS,
495183,Mariano Moreno Culinary Institute,Miami,FL,1,3,11.0,0.0,0.0,0.0,0.0,0.0,0.0,0.0,0.0,0.0,,,,108.0,,,PS,
495192,Alder Graduate School of Education,Redwood City,CA,4,2,13.0,0.0,0.0,0.0,0.0,0.0,0.0,0.0,0.0,0.0,,,,,,,,
495208,Webb's Barber School of Arts,Macon,GA,1,3,12.0,0.0,0.0,0.0,0.0,0.0,0.0,0.0,0.0,0.0,,,,16.0,,,PS,
495217,Adrian H. Wallace Barber Academy,Pensacola,FL,1,3,13.0,0.0,0.0,0.0,0.0,0.0,0.0,0.0,0.0,0.0,,,,33.0,,,PS,
495226,St. Louis Med Tech,St. Louis,MO,1,2,21.0,0.0,0.0,0.0,0.0,0.0,0.0,0.0,0.0,0.0,,,,12.0,11500.0,11500.0,,
495235,Total Beauty Institute,Jacksonville,FL,1,2,11.0,0.0,0.0,0.0,0.0,0.0,0.0,0.0,0.0,0.0,,,,10.0,,,PS,
495244,Pearlands Innovative School of Beauty,Pearland,TX,1,3,21.0,0.0,0.0,0.0,0.0,0.0,0.0,0.0,0.0,0.0,,,,69.0,,,PS,
495253,Durant Institute of Hair Design,Durant,OK,1,3,32.0,0.0,0.0,0.0,0.0,0.0,0.0,0.0,0.0,0.0,,,,41.0,,,PS,
495262,Premiere Aesthetics Institute,Bend,OR,1,3,12.0,0.0,0.0,0.0,0.0,0.0,0.0,0.0,0.0,0.0,,,,45.0,,,PS,
495271,California Indian Nations College,Palm Desert,CA,2,1,13.0,0.0,0.0,0.0,0.0,0.0,0.0,0.0,0.0,0.0,,,,142.0,7743.0,7743.0,,
495280,Indian Bible College,Flagstaff,AZ,2,2,13.0,0.0,0.0,0.0,0.0,0.0,0.0,0.0,0.0,0.0,108.0,,,25.0,7980.0,7980.0,,
495299,Florida Professional Institute,Miami,FL,1,3,21.0,0.0,0.0,0.0,0.0,0.0,0.0,0.0,0.0,0.0,,,,117.0,,,,
495305,The Professional Cosmetology Academy,Laredo,TX,1,3,11.0,0.0,0.0,0.0,0.0,0.0,0.0,0.0,0.0,0.0,,,,146.0,,,PS,
495314,Hackensack Meridian School of Medicine,Nutley,NJ,4,2,21.0,0.0,0.0,0.0,0.0,0.0,0.0,0.0,0.0,0.0,,,,,,,,
495341,Taylor Andrews Academy of Hair Design-Hair Lab Detroit Barber School,Southgate,MI,1,3,21.0,0.0,0.0,0.0,0.0,0.0,0.0,0.0,0.0,0.0,,,,57.0,,,10556,36048.0
495369,Paul Mitchell the School-Fort Lauderdale,Plantation,FL,1,3,21.0,0.0,0.0,0.0,0.0,0.0,0.0,0.0,0.0,0.0,,,,64.0,,,6650,
495378,PCI Academy-Iowa City,Iowa City,IA,1,3,13.0,0.0,0.0,0.0,0.0,0.0,0.0,0.0,0.0,0.0,,,,113.0,,,5828,31330.0
495387,Larry's Barber College,Chicago,IL,1,3,11.0,0.0,0.0,0.0,0.0,0.0,0.0,0.0,0.0,0.0,,,,29.0,,,3945,
495411,Paul Mitchell the School-Provo,Provo,UT,1,3,12.0,0.0,0.0,0.0,0.0,0.0,0.0,0.0,0.0,0.0,,,,147.0,,,9917,27407.0
495420,Arizona College of Nursing-Tampa,Tampa,FL,3,3,11.0,0.0,0.0,0.0,0.0,0.0,0.0,0.0,0.0,0.0,,1.0,,335.0,23093.0,23093.0,9500,34657.0
495439,Arizona College of Nursing-Fort Lauderdale,Fort Lauderdale,FL,3,3,12.0,0.0,0.0,0.0,0.0,0.0,0.0,0.0,0.0,0.0,,,,428.0,25973.0,25973.0,9500,34657.0
495448,Arizona College of Nursing-Tucson,Tucson,AZ,3,3,11.0,0.0,0.0,0.0,0.0,0.0,0.0,0.0,0.0,0.0,,1.0,,562.0,24944.0,24944.0,9500,34657.0
495457,Arizona College of Nursing-Phoenix,Phoenix,AZ,3,3,11.0,0.0,0.0,0.0,0.0,0.0,0.0,0.0,0.0,0.0,,1.0,,1229.0,26041.0,26041.0,9500,34657.0
495518,Empire Beauty School-Newport News,Newport News,VA,1,3,12.0,0.0,0.0,0.0,0.0,0.0,0.0,0.0,0.0,0.0,,,,92.0,,,10667,23921.0
495730,Tricoci University of Beauty Culture-Normal,Normal,IL,1,3,22.0,0.0,0.0,0.0,0.0,0.0,0.0,0.0,0.0,0.0,,,,171.0,,,7307,26236.0
495794,Paul Mitchell the School-Murfreesboro-Nashville,Hendersonville,TN,1,3,21.0,0.0,0.0,0.0,0.0,0.0,0.0,0.0,0.0,0.0,,,,237.0,,,7917,30461.0
495837,Dorsey College-Woodhaven,Woodhaven,MI,1,3,21.0,0.0,0.0,0.0,0.0,0.0,0.0,0.0,0.0,0.0,,,,223.0,16990.0,16990.0,13000,29392.0
495916,Pathways College,Tempe,AZ,3,2,11.0,0.0,0.0,0.0,0.0,0.0,0.0,0.0,0.0,0.0,,,,196.0,,,,
495934,San Joaquin Valley College-Delano,Delano,CA,1,3,32.0,0.0,0.0,0.0,0.0,0.0,0.0,0.0,0.0,0.0,,,,69.0,,,10674,38317.0
495952,San Joaquin Valley College-Rancho Mirage,Rancho Mirage,CA,1,3,21.0,0.0,0.0,0.0,0.0,0.0,0.0,0.0,0.0,0.0,,,,305.0,,,10674,38317.0
495961,San Joaquin Valley College-Santa Maria,Santa Maria,CA,1,3,12.0,0.0,0.0,0.0,0.0,0.0,0.0,0.0,0.0,0.0,,,,114.0,,,10674,38317.0
495970,Advantage Technical College-Aguadilla,Aguadilla,PR,1,3,13.0,0.0,0.0,0.0,0.0,0.0,0.0,0.0,0.0,0.0,,,,263.0,,,PS,26905.0
495998,San Joaquin Valley College-Porterville,Porterville,CA,1,3,23.0,0.0,0.0,0.0,0.0,0.0,0.0,0.0,0.0,0.0,,,,78.0,,,10674,38317.0
496043,California University of Science and Medicine,Colton,CA,4,2,21.0,0.0,0.0,0.0,0.0,0.0,0.0,0.0,0.0,0.0,,,,,,,,
496052,Ruben's Five Star Academy,Lake Wales,FL,1,3,21.0,0.0,0.0,0.0,0.0,0.0,0.0,0.0,0.0,0.0,,,,22.0,,,PS,
496283,Provo College-Idaho Falls Campus,Idaho Falls,ID,3,3,13.0,0.0,0.0,0.0,0.0,0.0,0.0,0.0,0.0,0.0,,,,257.0,19068.0,19068.0,41733,39645.0
496326,Eagle Gate College-Boise Campus,Boise,ID,3,3,12.0,0.0,0.0,0.0,0.0,0.0,0.0,0.0,0.0,0.0,,,,594.0,19068.0,19068.0,43021,37518.0
496371,Elite Welding Academy South Point,South Point,OH,1,3,22.0,0.0,0.0,0.0,0.0,0.0,0.0,0.0,0.0,0.0,,,,29.0,,,9483,
496399,Agape College of Business and Science,Fresno,CA,1,2,11.0,0.0,0.0,0.0,0.0,0.0,1.0,0.0,0.0,0.0,,,,43.0,25672.0,25672.0,,
496405,Newlane University,Lehi,UT,2,3,13.0,0.0,0.0,0.0,0.0,0.0,0.0,0.0,0.0,0.0,,,,,,,,
496423,Zorganics Institute of Beauty and Wellness,Bellingham,WA,1,3,13.0,0.0,0.0,0.0,0.0,0.0,0.0,0.0,0.0,0.0,,,,35.0,,,,
496469,Daybreak University,Anaheim,CA,4,2,11.0,0.0,0.0,0.0,0.0,0.0,0.0,0.0,0.0,0.0,,,,,,,,
496478,Motion Picture Institute,Troy,MI,1,3,13.0,0.0,0.0,0.0,0.0,0.0,0.0,0.0,0.0,0.0,,0.8966,,53.0,,,,
496539,The  Salon Professional Academy of Holland,Holland,MI,1,3,22.0,0.0,0.0,0.0,0.0,0.0,0.0,0.0,0.0,0.0,,,,82.0,,,,
496575,Dymond Designs Beauty School,Detroit,MI,1,3,11.0,0.0,0.0,0.0,0.0,0.0,0.0,0.0,0.0,0.0,,,,28.0,,,,
496618,National Institute for Medical Assistant Advancement (NIMAA),Denver,CO,1,2,11.0,0.0,0.0,0.0,0.0,0.0,0.0,0.0,0.0,0.0,,0.2938,,194.0,,,,
496627,California Northstate University,Elk Grove,CA,3,3,21.0,0.0,0.0,0.0,0.0,0.0,0.0,0.0,0.0,0.0,,0.9247,,37.0,57463.0,57463.0,,
496636,Antigua College International,Miami Lakes,FL,2,3,21.0,0.0,0.0,0.0,0.0,0.0,0.0,0.0,0.0,0.0,,,,251.0,13400.0,13400.0,,
496645,Burlington County Institute of Technology-Adult Education,Westampton,NJ,1,1,41.0,0.0,0.0,0.0,0.0,0.0,0.0,0.0,0.0,0.0,,,,96.0,,,,
496654,Sri Sai Krish Institute,ORANGE,CA,2,3,12.0,0.0,0.0,0.0,0.0,0.0,0.0,0.0,0.0,0.0,,,,61.0,64500.0,64500.0,,
496663,Riggins Urban Barber College,San Diego,CA,1,3,11.0,0.0,0.0,0.0,0.0,0.0,0.0,0.0,0.0,0.0,,,,85.0,,,,
496672,Hair Arts Institute,Oklahoma City,OK,1,3,11.0,0.0,0.0,0.0,0.0,0.0,0.0,0.0,0.0,0.0,,,,38.0,,,,
496681,Florida Academy of Nursing,Miramar,FL,1,3,21.0,0.0,0.0,0.0,0.0,0.0,0.0,0.0,0.0,0.0,,0.0549,,21.0,,,,
496690,Body Wisdom Massage Therapy School,Urbandale,IA,1,3,21.0,0.0,0.0,0.0,0.0,0.0,0.0,0.0,0.0,0.0,,,,45.0,,,,
496715,CTK Healthcare & Career Institute,Irving,TX,1,3,11.0,0.0,0.0,0.0,0.0,0.0,0.0,0.0,0.0,0.0,,,,114.0,,,,
496724,Aesthetics Institute,St. Louis,MO,1,3,21.0,0.0,0.0,0.0,0.0,0.0,0.0,0.0,0.0,0.0,,,,28.0,,,,
496733,Sierra Academy of Style,Carson City,NV,1,3,13.0,0.0,0.0,0.0,0.0,0.0,0.0,0.0,0.0,0.0,,,,160.0,,,,
496751,Institute of Allied Healthcare,San Antonio,TX,1,3,11.0,0.0,0.0,0.0,0.0,0.0,0.0,0.0,0.0,0.0,,,,60.0,,,,
496803,NewU University,Washington,DC,3,2,11.0,0.0,0.0,0.0,0.0,0.0,0.0,0.0,0.0,0.0,,,,34.0,16500.0,16500.0,,
496894,Branford Academy of Hair & Cosmetology-Bridgeport,Bridgeport,CT,1,3,12.0,0.0,0.0,0.0,0.0,0.0,0.0,0.0,0.0,0.0,,,,32.0,,,6333,
496919,United Education Institute-Las Vegas,Las Vegas,NV,1,3,12.0,0.0,0.0,0.0,0.0,0.0,0.0,0.0,0.0,0.0,,,,855.0,,,9500,30848.0
496955,UEI College-Mesa,Mesa,AZ,1,3,11.0,0.0,0.0,0.0,0.0,0.0,0.0,0.0,0.0,0.0,,,,657.0,,,9500,31141.0
496964,Larry's Barber College-Joliet,Joliet,IL,1,3,21.0,0.0,0.0,0.0,0.0,0.0,0.0,0.0,0.0,0.0,,,,27.0,,,3945,
496973,Herzing University-Tampa,Tampa,FL,2,2,21.0,0.0,0.0,0.0,0.0,0.0,0.0,0.0,0.0,0.0,,0.8966,,251.0,13450.0,13450.0,21500,36909.0
496991,Galen Health Institutes-Miami Campus,Pembroke Pines,FL,2,3,21.0,0.0,0.0,0.0,0.0,0.0,0.0,0.0,0.0,0.0,,,,813.0,17048.0,17048.0,24166,61480.0
497037,Abilene Christian University-Undergraduate Online,Addison,TX,3,2,21.0,0.0,0.0,0.0,0.0,0.0,0.0,0.0,0.0,0.0,74.0,1.0,,1219.0,14520.0,14520.0,24250,55736.0
497046,Madera Community College,Madera,CA,2,1,41.0,0.0,0.0,0.0,0.0,0.0,1.0,0.0,0.0,0.0,,,,4808.0,1378.0,8638.0,,
497073,Ogle School Hair Skin Nails-Willowbrook,Houston,TX,1,3,11.0,0.0,0.0,0.0,0.0,0.0,0.0,0.0,0.0,0.0,,,,481.0,,,7917,31488.0
497116,Galen Health Institutes-Austin Campus,Round Rock,TX,2,3,21.0,0.0,0.0,0.0,0.0,0.0,0.0,0.0,0.0,0.0,,,,1161.0,17048.0,17048.0,24166,61480.0
497125,Galen Health Institutes-Nashville Campus,Nashville,TN,2,3,11.0,0.0,0.0,0.0,0.0,0.0,0.0,0.0,0.0,0.0,,,,1027.0,17048.0,17048.0,24166,61480.0
497161,Ohio Business College-Dayton-Driving Academy,Trotwood,OH,1,3,21.0,0.0,0.0,0.0,0.0,0.0,0.0,0.0,0.0,0.0,,,,170.0,,,12416,30389.0
497189,The Rapha School,Home,PA,1,3,42.0,0.0,0.0,0.0,0.0,0.0,0.0,0.0,0.0,0.0,,,,27.0,,,,
497198,Academy of Allied Health Careers,Chattanooga,TN,1,3,12.0,0.0,0.0,0.0,0.0,0.0,0.0,0.0,0.0,0.0,,,,194.0,,,,
497204,Mei Barber School,Brownsville,TX,1,3,12.0,0.0,0.0,0.0,0.0,0.0,0.0,0.0,0.0,0.0,,,,91.0,,,,
497213,Great Northern University,Spokane,WA,3,2,12.0,0.0,0.0,0.0,0.0,0.0,0.0,0.0,0.0,0.0,,1.0,,48.0,18300.0,18300.0,,
497222,Salon Professional Academy-Elevate Salon Institute,Miami Beach,FL,1,3,13.0,0.0,0.0,0.0,0.0,0.0,0.0,0.0,0.0,0.0,,,,59.0,,,7528,16515.0
497268,Arizona College of Nursing-Salt Lake City,Murray,UT,3,3,13.0,0.0,0.0,0.0,0.0,0.0,0.0,0.0,0.0,0.0,,1.0,,306.0,22587.0,22587.0,9500,34657.0
497277,Arizona College-Glendale,Glendale,AZ,1,3,21.0,0.0,0.0,0.0,0.0,0.0,0.0,0.0,0.0,0.0,,,,403.0,18835.0,18835.0,9500,34657.0
497286,Universal Technical Institute-West Texas,Austin,TX,1,3,11.0,0.0,0.0,0.0,0.0,0.0,0.0,0.0,0.0,0.0,,,,1335.0,,,14267,51222.0
497301,Avalon Institute-Las Vegas,Las Vegas,NV,1,3,21.0,0.0,0.0,0.0,0.0,0.0,0.0,0.0,0.0,0.0,,,,304.0,,,6332,30803.0
497310,Medspa Academies-National Institute of Modern Aesthetics,Las Vegas,NV,1,3,21.0,0.0,0.0,0.0,0.0,0.0,0.0,0.0,0.0,0.0,,,,215.0,,,PS,
497329,American Institute-Cherry Hill,Cherry Hill,NJ,1,3,21.0,0.0,0.0,0.0,0.0,0.0,0.0,0.0,0.0,0.0,,,,390.0,,,11979,28710.0
497338,Glendale Career College-North-West College-Bakersfield,Bakersfield,CA,2,3,11.0,0.0,0.0,0.0,0.0,0.0,0.0,0.0,0.0,0.0,,,,493.0,,,9500,41472.0
497356,Barber Education Academy,Laredo,TX,1,3,11.0,0.0,0.0,0.0,0.0,0.0,0.0,0.0,0.0,0.0,,,,37.0,,,,
497365,Legends Barber College,Lufkin,TX,1,3,33.0,0.0,0.0,0.0,0.0,0.0,0.0,0.0,0.0,0.0,,,,26.0,,,,
497374,Academia Medical Institute,Columbus,OH,1,3,11.0,0.0,0.0,0.0,0.0,0.0,0.0,0.0,0.0,0.0,,0.6427,,466.0,19150.0,19150.0,,
497383,Barbers Trade School,Beaumont,TX,1,3,12.0,0.0,0.0,0.0,0.0,0.0,0.0,0.0,0.0,0.0,,,,9.0,,,,
497392,Top of the Line Barber School,San Antonio,TX,1,3,11.0,0.0,0.0,0.0,0.0,0.0,0.0,0.0,0.0,0.0,,,,86.0,,,,
497408,Bridges Christian College,New Orleans,LA,3,2,11.0,0.0,0.0,0.0,0.0,0.0,0.0,0.0,0.0,0.0,27.0,,,163.0,6600.0,6600.0,,
497417,Kino College,Tucson,AZ,1,3,21.0,0.0,0.0,0.0,0.0,0.0,0.0,0.0,0.0,0.0,,,,64.0,,,,
497426,Salon Professional Academy,Howell,NJ,1,3,21.0,0.0,0.0,0.0,0.0,0.0,0.0,0.0,0.0,0.0,,,,237.0,,,,
497435,Southern California College of Barber and Beauty,Escondido,CA,1,3,21.0,0.0,0.0,0.0,0.0,0.0,0.0,0.0,0.0,0.0,,,,59.0,,,,
497444,Hello Gorgeous Barbers Stillwater's School of Barbering,Stillwater,OK,1,3,32.0,0.0,0.0,0.0,0.0,0.0,0.0,0.0,0.0,0.0,,,,31.0,,,,
497453,Jackson Theological Seminary,North Little Rock,AR,4,2,13.0,0.0,0.0,0.0,0.0,0.0,0.0,0.0,0.0,0.0,51.0,,,1.0,,,,
497462,Redeemers University North America,Greenville,TX,3,2,42.0,0.0,0.0,0.0,0.0,0.0,0.0,0.0,0.0,0.0,47.0,0.4,,6.0,7000.0,7000.0,,
497471,Personal Touch Beauty and Barber College,Kingstree,SC,1,3,32.0,0.0,0.0,0.0,0.0,0.0,0.0,0.0,0.0,0.0,,,,7.0,,,,
497480,Reach University,Oakland,CA,3,2,11.0,0.0,0.0,0.0,0.0,0.0,0.0,0.0,0.0,0.0,,1.0,,1946.0,12374.0,12374.0,,
497499,Technology Learning Center,Oxford,MA,1,3,21.0,0.0,0.0,0.0,0.0,0.0,0.0,0.0,0.0,0.0,,,,31.0,,,,
497657,Hawaii Tokai International College,Kapolei,HI,2,2,21.0,0.0,0.0,0.0,0.0,0.0,0.0,0.0,0.0,0.0,,0.7778,,24.0,16560.0,16560.0,,
497675,Hair Academy,Chillicothe,OH,1,3,32.0,0.0,0.0,0.0,0.0,0.0,0.0,0.0,0.0,0.0,,,,38.0,,,,
497684,Sweetwater Institute of Cosmetology,Sweetwater,TN,1,3,31.0,0.0,0.0,0.0,0.0,0.0,0.0,0.0,0.0,0.0,,,,22.0,,,,
497693,Kansas Health Science University,Wichita,KS,4,2,11.0,0.0,0.0,0.0,0.0,0.0,0.0,0.0,0.0,0.0,,,,,,,,
497718,Academy for Jewish Religion,Yonkers,NY,4,2,21.0,0.0,0.0,0.0,0.0,0.0,0.0,0.0,0.0,0.0,80.0,,,,,,,
497736,American College of Healthcare and Technology-Santa Ana,Santa Ana,CA,1,3,11.0,0.0,0.0,0.0,0.0,0.0,0.0,0.0,0.0,0.0,,,,51.0,,,9500,31109.0
497745,Aviation Institute of Maintenance-Chicago,Chicago,IL,1,3,11.0,0.0,0.0,0.0,0.0,0.0,0.0,0.0,0.0,0.0,,,,333.0,16657.0,16657.0,31301,53341.0
497824,Evangel University-College of Online Learning,Springfield,MO,3,2,12.0,0.0,0.0,0.0,0.0,0.0,0.0,0.0,0.0,0.0,27.0,0.4918,,240.0,8175.0,8175.0,24736,46573.0
497833,Marian University-Ancilla,Plymouth,IN,2,2,42.0,0.0,0.0,0.0,0.0,0.0,0.0,0.0,0.0,0.0,30.0,0.9169,,226.0,20100.0,20100.0,27000,58759.0
497888,Spa Tech Institute-North Andover,North Andover,MA,1,3,21.0,0.0,0.0,0.0,0.0,0.0,0.0,0.0,0.0,0.0,,,,118.0,,,6333,27803.0
497897,Aveda Arts & Sciences Institute Lafayette-Arlington,Arlington,VA,1,3,12.0,0.0,0.0,0.0,0.0,0.0,0.0,0.0,0.0,0.0,,,,166.0,,,7916,23904.0
497912,Concorde Career College-Broadway,Kansas City,MO,1,3,11.0,0.0,0.0,0.0,0.0,0.0,0.0,0.0,0.0,0.0,,1.0,,26.0,,,9500,35242.0
497949,United Education Institute-Stone Mountain,Stone Mountain,GA,1,3,21.0,0.0,0.0,0.0,0.0,0.0,0.0,0.0,0.0,0.0,,,,911.0,,,9500,27688.0
497958,UEI College-Tacoma,Tacoma,WA,1,3,12.0,0.0,0.0,0.0,0.0,0.0,0.0,0.0,0.0,0.0,,,,689.0,,,9500,30848.0
498003,Montgomery Beauty School-Baltimore Beauty & Barber School,Baltimore,MD,1,3,21.0,0.0,0.0,0.0,0.0,0.0,0.0,0.0,0.0,0.0,,,,242.0,,,11845,18726.0
498012,Commonwealth of Puerto Rico Department of Education-PRAMI,Fajardo,PR,1,1,23.0,0.0,0.0,0.0,0.0,0.0,0.0,0.0,0.0,0.0,,,,79.0,4100.0,4100.0,PS,26293.0
498030,Universal Technical Institute-South Florida Miramar,Miramar,FL,2,3,21.0,0.0,0.0,0.0,0.0,0.0,0.0,0.0,0.0,0.0,,,,791.0,,,13124,52873.0
498049,Arizona College of Nursing-Southfield,Southfield,MI,3,3,13.0,0.0,0.0,0.0,0.0,0.0,0.0,0.0,0.0,0.0,,1.0,,594.0,24944.0,24944.0,9500,34657.0
498076,Galen Health Institutes-Sarasota,Sarasota,FL,2,3,21.0,0.0,0.0,0.0,0.0,0.0,0.0,0.0,0.0,0.0,,,,574.0,17048.0,17048.0,24166,61480.0
498085,Galen Health Institutes-Gainesville,Gainesville,FL,2,3,22.0,0.0,0.0,0.0,0.0,0.0,0.0,0.0,0.0,0.0,,,,668.0,17048.0,17048.0,24166,61480.0
498094,Galen Health Institutes-Richmond,Richmond,VA,2,3,21.0,0.0,0.0,0.0,0.0,0.0,0.0,0.0,0.0,0.0,,,,454.0,16364.0,16364.0,24166,61480.0
498100,Galen Health Institutes-Myrtle Beach,Myrtle Beach,SC,2,3,13.0,0.0,0.0,0.0,0.0,0.0,0.0,0.0,0.0,0.0,,,,743.0,16364.0,16364.0,24166,61480.0
498119,Galen Health Institutes-Asheville,Asheville,NC,2,3,13.0,0.0,0.0,0.0,0.0,0.0,0.0,0.0,0.0,0.0,,,,253.0,17048.0,17048.0,24166,61480.0
498234,Larkin University,Miami,FL,4,2,21.0,0.0,0.0,0.0,0.0,0.0,0.0,0.0,0.0,0.0,,,,,,,,
498298,The Salon Professional Academy Maplewood,Maplewood,MN,1,3,21.0,0.0,0.0,0.0,0.0,0.0,0.0,0.0,0.0,0.0,,,,85.0,,,,
498322,Xtylo Beauty And Barber College,Tolleson,AZ,1,3,21.0,0.0,0.0,0.0,0.0,0.0,0.0,0.0,0.0,0.0,,,,78.0,,,PS,
498331,San Francisco School of Massage & Bodywork,San Francisco,CA,1,3,11.0,0.0,0.0,0.0,0.0,0.0,0.0,0.0,0.0,0.0,,,,139.0,,,,
498340,Chancellor Institute,Ft Laurderdale,FL,1,3,12.0,0.0,0.0,0.0,0.0,0.0,0.0,0.0,0.0,0.0,,0.6516,,128.0,,,,
498359,The Salon Professional Academy,Collegeville,PA,1,3,21.0,0.0,0.0,0.0,0.0,0.0,0.0,0.0,0.0,0.0,,,,80.0,,,,
498368,Studio 75 Hair Academy,Millington,TN,1,3,31.0,0.0,0.0,0.0,0.0,0.0,0.0,0.0,0.0,0.0,,,,14.0,,,,
498386,Boone Career and Technical Center,Foster,WV,1,1,42.0,0.0,0.0,0.0,0.0,0.0,0.0,0.0,0.0,0.0,,,,59.0,,,,
498401,Edge Academy of Beauty,Manchester,KY,1,3,43.0,0.0,0.0,0.0,0.0,0.0,0.0,0.0,0.0,0.0,,,,56.0,,,,
498410,Premier Barber School,Houston,TX,1,3,11.0,0.0,0.0,0.0,0.0,0.0,0.0,0.0,0.0,0.0,,,,45.0,,,,
498447,Arizona College of Nursing-Falls Church,Falls Church,VA,3,3,21.0,0.0,0.0,0.0,0.0,0.0,0.0,0.0,0.0,0.0,,1.0,,348.0,24413.0,24413.0,9500,34657.0
498456,Arizona College of Nursing-Ontario,Ontario,CA,3,3,12.0,0.0,0.0,0.0,0.0,0.0,0.0,0.0,0.0,0.0,,1.0,,380.0,31637.0,31637.0,9500,34657.0
498474,Galen Health Institutes-Houston,Houston,TX,2,3,11.0,0.0,0.0,0.0,0.0,0.0,0.0,0.0,0.0,0.0,,,,1582.0,17048.0,17048.0,24166,61480.0
498483,Galen Health Institutes-Pikeville,Pikeville,KY,1,3,33.0,0.0,0.0,0.0,0.0,0.0,0.0,0.0,0.0,0.0,,,,169.0,16364.0,16364.0,24166,61480.0
498553,Stellar Career College,Chicago,IL,1,3,11.0,0.0,0.0,0.0,0.0,0.0,0.0,0.0,0.0,0.0,,,,83.0,,,4834,30337.0
498562,Commonwealth University of Pennsylvania,Bloomsburg,PA,3,1,32.0,0.0,0.0,0.0,0.0,0.0,0.0,0.0,0.0,0.0,,0.9309,1090.0,9210.0,11046.0,22870.0,26000,52416.0
498571,Pennsylvania Western University,California,PA,3,1,32.0,0.0,0.0,0.0,0.0,0.0,0.0,0.0,0.0,0.0,,0.9433,1063.0,7451.0,11436.0,16054.0,23725,47295.0
498623,Justice University,Chandler,AZ,3,2,11.0,0.0,0.0,0.0,0.0,0.0,0.0,0.0,0.0,0.0,108.0,,,116.0,7500.0,7500.0,,
498641,I M Beauty School,Glenview,IL,1,3,21.0,0.0,0.0,0.0,0.0,0.0,0.0,0.0,0.0,0.0,,,,13.0,,,,
498669,Aveda Institute Montana,Billings,MT,1,3,12.0,0.0,0.0,0.0,0.0,0.0,0.0,0.0,0.0,0.0,,,,80.0,,,,
498739,Lehigh Career & Technical Institute,Schnecksville,PA,1,1,41.0,0.0,0.0,0.0,0.0,0.0,0.0,0.0,0.0,0.0,,,,14.0,,,,
498748,CalCopa Massage School,Huntington Beach,CA,1,3,21.0,0.0,0.0,0.0,0.0,0.0,0.0,0.0,0.0,0.0,,,,33.0,,,,
498757,Medical Solutions Academy,Danville,VA,1,3,32.0,0.0,0.0,0.0,0.0,0.0,0.0,0.0,0.0,0.0,,,,108.0,,,,
498766,Sami Halaseh Institute,Andover,KS,1,3,21.0,0.0,0.0,0.0,0.0,0.0,0.0,0.0,0.0,0.0,,,,30.0,,,,
498775,Beaver Beauty Academy,Decatur,GA,1,3,21.0,0.0,0.0,0.0,0.0,0.0,0.0,0.0,0.0,0.0,,,,47.0,,,,
498784,Upper Kutz Barber & Style College,Greenville,MS,1,3,33.0,0.0,0.0,0.0,0.0,0.0,0.0,0.0,0.0,0.0,,,,17.0,,,,
498793,All In The Wrist Barber Academy,Smyrna,DE,1,3,22.0,0.0,0.0,0.0,0.0,0.0,0.0,0.0,0.0,0.0,,,,21.0,,,,
498809,Yeshiva of Kasho,Brooklyn,NY,3,2,11.0,0.0,0.0,0.0,0.0,0.0,0.0,0.0,0.0,0.0,80.0,,,185.0,14000.0,14000.0,,
498818,Cutting Edge Barber Academy,Lancaster,PA,1,3,13.0,0.0,0.0,0.0,0.0,0.0,0.0,0.0,0.0,0.0,,,,22.0,,,,
498827,JT's Cuts Academy,Fort Lauderdale,FL,1,3,21.0,0.0,0.0,0.0,0.0,0.0,0.0,0.0,0.0,0.0,,,,37.0,,,,
498836,The Nurse Academy,National City,CA,1,3,21.0,0.0,0.0,0.0,0.0,0.0,0.0,0.0,0.0,0.0,,,,55.0,,,,
498845,Heartland Welding Academy,Andover,KS,1,3,21.0,0.0,0.0,0.0,0.0,0.0,0.0,0.0,0.0,0.0,,,,47.0,,,,
498854,Jazz Barber and Hairstyling Academy,Petersburg,VA,1,3,21.0,0.0,0.0,0.0,0.0,0.0,0.0,0.0,0.0,0.0,,,,46.0,,,,
498863,Renaissance Beauty Academy,Cape Girardeau,MO,1,3,13.0,0.0,0.0,0.0,0.0,0.0,0.0,0.0,0.0,0.0,,,,66.0,,,,
498872,Central Valley Barber College,Riverbank,CA,1,3,21.0,0.0,0.0,0.0,0.0,0.0,0.0,0.0,0.0,0.0,,,,122.0,,,,
498881,One Stop Academy,Fayetteville,NC,1,3,21.0,0.0,0.0,0.0,0.0,0.0,0.0,0.0,0.0,0.0,,,,31.0,,,,
498890,East Texas Cosmetology College,Lufkin,TX,1,3,33.0,0.0,0.0,0.0,0.0,0.0,0.0,0.0,0.0,0.0,,,,51.0,,,,
498906,Yeshivas Sanz Klauzenburg,Brooklyn,NY,3,2,11.0,0.0,0.0,0.0,0.0,0.0,0.0,0.0,0.0,0.0,80.0,,,98.0,14000.0,14000.0,,
498924,URBE University,Sweetwater,FL,3,3,21.0,0.0,0.0,0.0,0.0,0.0,0.0,0.0,0.0,0.0,,,,33.0,30550.0,30550.0,,
498951,Art22 Academy,Fort Wayne,IN,1,3,11.0,0.0,0.0,0.0,0.0,0.0,0.0,0.0,0.0,0.0,,,,55.0,,,,
499033,Champ's Barber School-Lebanon,Lebanon,PA,1,3,13.0,0.0,0.0,0.0,0.0,0.0,0.0,0.0,0.0,0.0,,,,13.0,,,PS,
499079,Collectiv Hair Dressing Academy-Collectiv Academy-Dallas,Dallas,TX,1,3,11.0,0.0,0.0,0.0,0.0,0.0,0.0,0.0,0.0,0.0,,,,319.0,,,10540,29334.0
499103,Homestead Schools-Costa Mesa,Costa Mesa,CA,1,2,12.0,0.0,0.0,0.0,0.0,0.0,0.0,0.0,0.0,0.0,,,,32.0,,,18040,59398.0
499130,Innovate Salon Academy,Brick Township,NJ,1,3,21.0,0.0,0.0,0.0,0.0,0.0,0.0,0.0,0.0,0.0,,,,219.0,,,6333,
499149,Herzing University-Nashville,Nashville,TN,1,2,11.0,0.0,0.0,0.0,0.0,0.0,0.0,0.0,0.0,0.0,,0.9273,,201.0,13450.0,13450.0,21500,36909.0
499176,College of Biomedical Equipment Technology,Schertz,TX,2,3,21.0,0.0,0.0,0.0,0.0,0.0,0.0,0.0,0.0,0.0,,,,311.0,25000.0,25000.0,,
499185,Dorsey College-Grand Rapids,Grand Rapids,MI,1,3,21.0,0.0,0.0,0.0,0.0,0.0,0.0,0.0,0.0,0.0,,,,82.0,9695.0,9695.0,13000,29392.0
499255,Baltimore Beauty & Barber School II,Timonium,MD,1,3,21.0,0.0,0.0,0.0,0.0,0.0,0.0,0.0,0.0,0.0,,,,101.0,,,13000,18172.0
499273,Galen Health Institutes-Dallas,Richardson,TX,2,3,12.0,0.0,0.0,0.0,0.0,0.0,0.0,0.0,0.0,0.0,,,,1153.0,17048.0,17048.0,24166,61480.0
499282,Galen Health Institutes-Roanoke,Roanoke,VA,2,3,22.0,0.0,0.0,0.0,0.0,0.0,0.0,0.0,0.0,0.0,,,,315.0,16364.0,16364.0,24166,61480.0
499291,Galen Health Institutes-Wichita,Wichita,KS,2,3,11.0,0.0,0.0,0.0,0.0,0.0,0.0,0.0,0.0,0.0,,,,233.0,16364.0,16364.0,24166,61480.0
499307,Galen Health Institutes-Salt Lake City,Draper,UT,2,3,21.0,0.0,0.0,0.0,0.0,0.0,0.0,0.0,0.0,0.0,,,,122.0,16364.0,16364.0,24166,61480.0
499334,Aveda Institute Tucson-Avondale,Avondale,AZ,1,3,21.0,0.0,0.0,0.0,0.0,0.0,0.0,0.0,0.0,0.0,,,,158.0,,,6333,
499361,Premiere Aesthetics Institute-Meridian,Meridian,ID,1,3,21.0,0.0,0.0,0.0,0.0,0.0,0.0,0.0,0.0,0.0,,,,64.0,,,PS,
499370,Arizona College of Nursing-Sarasota,University Park,FL,3,3,21.0,0.0,0.0,0.0,0.0,0.0,0.0,0.0,0.0,0.0,,1.0,,133.0,23093.0,23093.0,9500,34657.0
499389,Arizona College of Nursing-Aurora,Aurora,CO,3,3,11.0,0.0,0.0,0.0,0.0,0.0,0.0,0.0,0.0,0.0,,1.0,,336.0,24653.0,24653.0,9500,34657.0
499398,Arizona College of Nursing-Cincinnati,Cincinnati,OH,3,3,21.0,0.0,0.0,0.0,0.0,0.0,0.0,0.0,0.0,0.0,,1.0,,77.0,23760.0,23760.0,9500,34657.0
499404,Arizona College of Nursing-Cleveland,Beachwood,OH,3,3,21.0,0.0,0.0,0.0,0.0,0.0,0.0,0.0,0.0,0.0,,1.0,,164.0,23760.0,23760.0,9500,34657.0
499413,Glendale Career College-North-West College-MFSON,West Covina,CA,2,3,21.0,0.0,0.0,0.0,0.0,0.0,0.0,0.0,0.0,0.0,,,,290.0,,,9500,41472.0
499422,Denver College of Nursing-Houston,Houston,TX,3,3,11.0,0.0,0.0,0.0,0.0,0.0,0.0,0.0,0.0,0.0,,,,135.0,,,26500,81809.0
499495,Gwinnett Institute,Orlando,FL,1,3,21.0,0.0,0.0,0.0,0.0,0.0,0.0,0.0,0.0,0.0,,,,340.0,,,13000,33735.0
499529,Townsend Barber Institute,Roseville,MN,1,3,21.0,0.0,0.0,0.0,0.0,0.0,0.0,0.0,0.0,0.0,,,,32.0,14497.0,14497.0,,
499538,Puerto Rico Advance Institute,Bayamon,PR,1,2,12.0,0.0,0.0,0.0,0.0,0.0,0.0,0.0,0.0,0.0,,,,29.0,9395.0,9395.0,,
499547,Austin Medical Assistant Training,Forest Hills,NY,1,3,11.0,0.0,0.0,0.0,0.0,0.0,0.0,0.0,0.0,0.0,,,,328.0,,,,
499556,Albany Beauty Academy,Albany,GA,1,3,13.0,0.0,0.0,0.0,0.0,0.0,0.0,0.0,0.0,0.0,,,,18.0,,,,
499608,Wade Gordon Hairdressing Academy-Oklahoma,Oklahoma City,OK,1,3,11.0,0.0,0.0,0.0,0.0,0.0,0.0,0.0,0.0,0.0,,,,29.0,,,9833,
499635,EDP University of Puerto Rico-Caguas,Caguas,PR,2,2,13.0,0.0,0.0,0.0,0.0,0.0,0.0,0.0,0.0,0.0,,0.725,,414.0,7050.0,14125.0,14000,22844.0
499662,Aviation Institute of Maintenance-Phoenix,Phoenix,AZ,1,3,11.0,0.0,0.0,0.0,0.0,0.0,0.0,0.0,0.0,0.0,,,,105.0,16657.0,16657.0,29773,42759.0
499671,Galen Health Institutes-Las Vegas,Las Vegas,NV,2,3,21.0,0.0,0.0,0.0,0.0,0.0,0.0,0.0,0.0,0.0,,,,293.0,,,24166,61480.0
499680,Stellar Career College-Crown Point,Crown Point,IN,2,3,21.0,0.0,0.0,0.0,0.0,0.0,0.0,0.0,0.0,0.0,,,,81.0,,,4834,30337.0
499705,Tulsa Welding School-Dallas Campus,Irving,TX,1,3,11.0,0.0,0.0,0.0,0.0,0.0,0.0,0.0,0.0,0.0,,,,1020.0,,,9500,41067.0
499723,Barber Tech Academy-Columbia,Columbia,SC,1,3,12.0,0.0,0.0,0.0,0.0,0.0,0.0,0.0,0.0,0.0,,,,51.0,,,PS,
499811,Ricketts Great Books College,Omaha,NE,2,3,11.0,0.0,0.0,0.0,0.0,0.0,0.0,0.0,0.0,0.0,,,,0.0,0.0,0.0,,
499820,Diverse Media Institute,St. Paul,MN,1,2,11.0,0.0,0.0,0.0,0.0,0.0,0.0,0.0,0.0,0.0,,,,8.0,,,,
499866,Atlantic Acting School,New York,NY,1,2,11.0,0.0,0.0,0.0,0.0,0.0,0.0,0.0,0.0,0.0,,0.0183,,82.0,22700.0,22700.0,,
499875,Mosdos Yaakov V'Yisroel,Lakewood,NJ,2,2,21.0,0.0,0.0,0.0,0.0,0.0,0.0,0.0,0.0,0.0,,0.8933,,679.0,8760.0,8760.0,,
499884,Jama's Beauty & Barber College,West Hills,CA,1,3,11.0,0.0,0.0,0.0,0.0,0.0,0.0,0.0,0.0,0.0,,,,57.0,,,,
499893,West Coast Barber College,Oceanside,CA,1,3,21.0,0.0,0.0,0.0,0.0,0.0,0.0,0.0,0.0,0.0,,,,21.0,,,,
499918,C N K Barber College,Tupelo,MS,1,3,33.0,0.0,0.0,0.0,0.0,0.0,0.0,0.0,0.0,0.0,,,,31.0,,,,
499927,South Post Oak Barber College,Houston,TX,1,3,11.0,0.0,0.0,0.0,0.0,0.0,0.0,0.0,0.0,0.0,,,,10.0,,,,
499936,Petra College,Hammond,LA,1,3,13.0,0.0,0.0,0.0,0.0,0.0,0.0,0.0,0.0,0.0,,1.0,,31.0,,,,
499945,Brighton Barber Institute,Hurst,TX,1,3,21.0,0.0,0.0,0.0,0.0,0.0,0.0,0.0,0.0,0.0,,,,17.0,,,,
499954,Kentucky Welding Institute,Flemingsburg,KY,1,3,43.0,0.0,0.0,0.0,0.0,0.0,0.0,0.0,0.0,0.0,,,,143.0,,,,
499963,Precision Welding Academy,Katy,TX,1,3,21.0,0.0,0.0,0.0,0.0,0.0,0.0,0.0,0.0,0.0,,,,96.0,,,,
499972,Southwest Michigan Beauty School,Sturgis,MI,1,3,32.0,0.0,0.0,0.0,0.0,0.0,0.0,0.0,0.0,0.0,,,,14.0,18215.0,18215.0,,
499981,Southwest University of Naprapathic Medicine,Santa Fe,NM,4,3,13.0,0.0,0.0,0.0,0.0,0.0,0.0,0.0,0.0,0.0,,,,,,,,
499990,Berea Beauty Academy,Berea,KY,1,3,32.0,0.0,0.0,0.0,0.0,0.0,0.0,0.0,0.0,0.0,,,,40.0,,,,
500005,Affinity Hair Academy,Orlando,FL,1,3,21.0,0.0,0.0,0.0,0.0,0.0,0.0,0.0,0.0,0.0,,,,27.0,,,,
500014,ICR Florida Education,North Miami Beach,FL,1,3,21.0,0.0,0.0,0.0,0.0,0.0,0.0,0.0,0.0,0.0,,,,383.0,,,,
500023,Empire Beauty School-Indianapolis,Indianapolis,IN,1,3,11.0,0.0,0.0,0.0,0.0,0.0,0.0,0.0,0.0,0.0,,,,213.0,,,10667,24397.0
500087,Doral College,Doral,FL,2,2,13.0,0.0,0.0,0.0,0.0,0.0,0.0,0.0,0.0,0.0,,,,272.0,3120.0,3120.0,,
500096,Lincoln College of Technology-East Point,East Point,GA,1,3,21.0,0.0,0.0,0.0,0.0,0.0,0.0,0.0,0.0,0.0,,,,627.0,,,11250,38683.0
500120,Tidewater Tech-East Little Creek,Norfolk,VA,1,3,12.0,0.0,0.0,0.0,0.0,0.0,0.0,0.0,0.0,0.0,,,,133.0,16337.0,16337.0,9500,31657.0
500157,Lil Lou's Beauty and Barber College - South Bend,South Bend,IN,1,3,12.0,0.0,0.0,0.0,0.0,0.0,0.0,0.0,0.0,0.0,,,,39.0,,,14302,
500290,Arizona College of Nursing - Chesapeake,Chesapeake,VA,3,3,11.0,0.0,0.0,0.0,0.0,0.0,0.0,0.0,0.0,0.0,,1.0,,149.0,24653.0,24653.0,9500,34657.0
500306,Arizona College of Nursing - Hartford,East Hartford,CT,3,3,13.0,0.0,0.0,0.0,0.0,0.0,0.0,0.0,0.0,0.0,,1.0,,334.0,24653.0,24653.0,9500,34657.0
500324,UCAS University of Cosmetology Arts & Sciences - 03,Brownsville,TX,1,3,12.0,0.0,0.0,0.0,0.0,0.0,0.0,0.0,0.0,0.0,,,,24.0,,,6447,19880.0
500333,Arizona College of Nursing-St Louis,Maryland Heights,MO,3,3,21.0,0.0,0.0,0.0,0.0,0.0,0.0,0.0,0.0,0.0,,1.0,,131.0,23760.0,23760.0,9500,34657.0
500342,EDvance College,San Francisco,CA,3,2,11.0,0.0,0.0,0.0,0.0,0.0,0.0,0.0,0.0,0.0,,1.0,,201.0,12300.0,12300.0,,
500379,High Alternative Education,San Juan,PR,1,3,11.0,0.0,0.0,0.0,0.0,0.0,0.0,0.0,0.0,0.0,,,,7.0,,,,
500388,Virginia Barber School,Richmond,VA,1,3,21.0,0.0,0.0,0.0,0.0,0.0,0.0,0.0,0.0,0.0,,,,7.0,,,,
500397,Aguilas International Technical Institute,Tampa,FL,1,3,21.0,0.0,0.0,0.0,0.0,0.0,0.0,0.0,0.0,0.0,,,,389.0,,,,
500403,Miami Barber Institute,Miami,FL,1,3,21.0,0.0,0.0,0.0,0.0,0.0,0.0,0.0,0.0,0.0,,,,150.0,,,,
500412,Modern Male Barber Academy,Lansdale,PA,1,3,21.0,0.0,0.0,0.0,0.0,0.0,0.0,0.0,0.0,0.0,,,,15.0,,,,
500421,Epic Barber College,Houston,TX,1,3,21.0,0.0,0.0,0.0,0.0,0.0,0.0,0.0,0.0,0.0,,,,62.0,,,,
500430,Mosley School of Cosmetology,Kentwood,MI,1,3,13.0,0.0,0.0,0.0,0.0,0.0,0.0,0.0,0.0,0.0,,,,62.0,,,,
500449,New Orleans Culinary and Hospitality Institute,New Orleans,LA,1,2,11.0,0.0,0.0,0.0,0.0,0.0,0.0,0.0,0.0,0.0,,0.7826,,36.0,,,,
500467,Glitz School of Cosmetology -  Santa Fe Campus,Santa Fe,NM,1,3,41.0,0.0,0.0,0.0,0.0,0.0,0.0,0.0,0.0,0.0,,,,35.0,,,7999,
500537,UR Beauty & Barber Academy-At True Family Barber Academy,Winter Haven,FL,1,3,21.0,0.0,0.0,0.0,0.0,0.0,0.0,0.0,0.0,0.0,,,,13.0,,,13000,
500555,Shearz Institute,Lithia Springs,GA,1,3,21.0,0.0,0.0,0.0,0.0,0.0,0.0,0.0,0.0,0.0,,,,75.0,,,,
500670,University of Fairfax,Salem,VA,4,3,,0.0,0.0,0.0,0.0,0.0,0.0,0.0,0.0,0.0,,,,,,,,
500704,Circle of Love Academy,Dudley,NC,1,3,,0.0,0.0,0.0,0.0,0.0,0.0,0.0,0.0,0.0,,,,,,,,
500713,Virginia Christian College,Dumfries,VA,3,2,,0.0,0.0,0.0,0.0,0.0,0.0,0.0,0.0,0.0,61.0,,,,,,,
500722,Ideal Institute of Technology,Pleasantville,NJ,1,2,,0.0,0.0,0.0,0.0,0.0,0.0,0.0,0.0,0.0,,,,,,,,
500731,Beauty Culture Academy,Staten Island,NY,1,3,,0.0,0.0,0.0,0.0,0.0,0.0,0.0,0.0,0.0,,,,,,,,
500740,Congregation YMH,Brooklyn,NY,3,2,,0.0,0.0,0.0,0.0,0.0,0.0,0.0,0.0,0.0,80.0,,,,,,,
500759,Eisek Hatorah DRachmistrivka,Staten Island,NY,2,2,,0.0,0.0,0.0,0.0,0.0,0.0,0.0,0.0,0.0,,,,,,,,
500768,Centureon Institute,Miami,FL,1,3,,0.0,0.0,0.0,0.0,0.0,0.0,0.0,0.0,0.0,,,,,,,,
500777,Dooby Shop School of Cosmetology,Charlotte,NC,1,3,,0.0,0.0,0.0,0.0,0.0,0.0,0.0,0.0,0.0,,,,,,,,
500786,New Image Beauty and Barber School,Harlingen,TX,1,3,,0.0,0.0,0.0,0.0,0.0,0.0,0.0,0.0,0.0,,,,,,,,
500795,Final Touch Barber Academy,Philadelphia,PA,1,3,,0.0,0.0,0.0,0.0,0.0,0.0,0.0,0.0,0.0,,,,,,,,
500801,Metropolitan Barber Academy,Enola,PA,1,3,,0.0,0.0,0.0,0.0,0.0,0.0,0.0,0.0,0.0,,,,,,,,
500810,Bet Midrash Ohel Torah,Lakewood,NJ,2,2,,0.0,0.0,0.0,0.0,0.0,0.0,0.0,0.0,0.0,80.0,,,,,,,
500829,Northpoint College,Wyoming,MI,3,2,,0.0,0.0,0.0,0.0,0.0,0.0,0.0,0.0,0.0,27.0,,,,,,,
500838,Goodwill Technical College,New Orleans,LA,1,2,,0.0,0.0,0.0,0.0,0.0,0.0,0.0,0.0,0.0,,,,,,,,
500847,Charm Beauty School,Dearborn Heights,MI,1,3,,0.0,0.0,0.0,0.0,0.0,0.0,0.0,0.0,0.0,,,,,,,,
500856,Salon Professional Academy (The),Whitehouse,TX,1,3,,0.0,0.0,0.0,0.0,0.0,0.0,0.0,0.0,0.0,,,,,,,,
500865,Noe' Noonan School of Cosmetology,Erie,PA,1,3,,0.0,0.0,0.0,0.0,0.0,0.0,0.0,0.0,0.0,,,,,,,,
500874,Salon Professional Academy,Fort Wayne,IN,1,3,,0.0,0.0,0.0,0.0,0.0,0.0,0.0,0.0,0.0,,,,,,,,
500892,Champ's Barber School-York,York,PA,1,3,,0.0,0.0,0.0,0.0,0.0,0.0,0.0,0.0,0.0,,,,,,,PS,
500935,United Education Institute-Dallas,Dallas,TX,1,3,,0.0,0.0,0.0,0.0,0.0,0.0,0.0,0.0,0.0,,,,,,,9500,31141.0
500944,Galen Health Institutes-Aurora,Aurora,CO,2,3,,0.0,0.0,0.0,0.0,0.0,0.0,0.0,0.0,0.0,,,,,,,24166,61480.0
500953,Galen Health Institutes-Savannah,Pooler,GA,2,3,,0.0,0.0,0.0,0.0,0.0,0.0,0.0,0.0,0.0,,,,,,,24166,61480.0
500962,Galen Health Institutes-Orlando,Orlando,FL,2,3,,0.0,0.0,0.0,0.0,0.0,0.0,0.0,0.0,0.0,,,,,,,24166,61480.0
500971,Carrington College-Bakersfield,Bakersfield,CA,2,3,,0.0,0.0,0.0,0.0,0.0,0.0,0.0,0.0,0.0,,,,,,,11537,39633.0
500999,Carrington College-Fresno,Fresno,CA,2,3,,0.0,0.0,0.0,0.0,0.0,0.0,0.0,0.0,0.0,,,,,,,11537,39633.0
501008,Carrington College-Hesperia,Hesperia,CA,2,3,,0.0,0.0,0.0,0.0,0.0,0.0,0.0,0.0,0.0,,,,,,,11537,39633.0
501017,Carrington College-Lancaster,Lancaster,CA,2,3,,0.0,0.0,0.0,0.0,0.0,0.0,0.0,0.0,0.0,,,,,,,11537,39633.0
501026,Carrington College-Modesto,Salida,CA,2,3,,0.0,0.0,0.0,0.0,0.0,0.0,0.0,0.0,0.0,,,,,,,11537,39633.0
501035,Carrington College-Ontario,Ontario,CA,2,3,,0.0,0.0,0.0,0.0,0.0,0.0,0.0,0.0,0.0,,,,,,,11537,39633.0
501044,Carrington College-Rancho Cordova,Rancho Cordova,CA,2,3,,0.0,0.0,0.0,0.0,0.0,0.0,0.0,0.0,0.0,,,,,,,11537,39633.0
501053,Carrington College-Rancho Mirage,Rancho Mirage,CA,2,3,,0.0,0.0,0.0,0.0,0.0,0.0,0.0,0.0,0.0,,,,,,,11537,39633.0
501062,Carrington College-Santa Maria,Santa Maria,CA,2,3,,0.0,0.0,0.0,0.0,0.0,0.0,0.0,0.0,0.0,,,,,,,11537,39633.0
501071,Carrington College-Temecula,Temecula,CA,2,3,,0.0,0.0,0.0,0.0,0.0,0.0,0.0,0.0,0.0,,,,,,,11537,39633.0
501080,Carrington College-Visalia,Visalia,CA,2,3,,0.0,0.0,0.0,0.0,0.0,0.0,0.0,0.0,0.0,,,,,,,11537,39633.0
501105,Lyon College-School of Dental Medicine,Little Rock,AR,4,2,,0.0,0.0,0.0,0.0,0.0,0.0,0.0,0.0,0.0,66.0,,,,,,21500,44232.0
501141,Premiere Aesthetics Institute-Post Falls,Post Falls,ID,1,3,,0.0,0.0,0.0,0.0,0.0,0.0,0.0,0.0,0.0,,,,,,,PS,
501150,IntelliTec College-Euphoria Institute of Beauty Arts and Sciences,Las Vegas,NV,1,3,,0.0,0.0,0.0,0.0,0.0,0.0,0.0,0.0,0.0,,,,,,,11667,42169.0
501187,Tint School of Makeup & Cosmetology-Plano,Plano,TX,1,3,,0.0,0.0,0.0,0.0,0.0,0.0,0.0,0.0,0.0,,,,,,,6333,26381.0
501196,College of Health Care Professions-Garland,Garland,TX,2,3,,0.0,0.0,0.0,0.0,0.0,0.0,0.0,0.0,0.0,,,,,,,9120,38922.0
501211,Ohio Business College-Columbus,Columbus,OH,1,3,,0.0,0.0,0.0,0.0,0.0,0.0,0.0,0.0,0.0,,,,,,,12416,30389.0
501293,Glendale Career College-Nevada Career Institute-MFSON,Las Vegas,NV,2,3,,0.0,0.0,0.0,0.0,0.0,0.0,0.0,0.0,0.0,,,,,,,9500,41472.0
501309,UEI College-United Education Institute-Albuquerque,Albuquerque,NM,1,3,,0.0,0.0,0.0,0.0,0.0,0.0,0.0,0.0,0.0,,,,,,,9500,30848.0
501318,UEI College-United Education Institute-Houston,Houston,TX,1,3,,0.0,0.0,0.0,0.0,0.0,0.0,0.0,0.0,0.0,,,,,,,9500,27688.0
501327,Glendale Career College-North-West College-MFSON-Riverside,Riverside,CA,2,3,,0.0,0.0,0.0,0.0,0.0,0.0,0.0,0.0,0.0,,,,,,,9500,41472.0
501336,Activa Training Center,Miami,FL,1,3,,0.0,0.0,0.0,0.0,0.0,0.0,0.0,0.0,0.0,,,,,,,,
501345,Chicago College of Oriental Medicine,Chicago,IL,4,2,,0.0,0.0,0.0,0.0,0.0,0.0,0.0,0.0,0.0,,,,,,,,
501354,Neihule Academy of Beauty,Los Angeles,CA,1,3,,0.0,0.0,0.0,0.0,0.0,0.0,0.0,0.0,0.0,,,,,,,,
501363,Prince's Barber Academy,Zanesville,OH,1,3,,0.0,0.0,0.0,0.0,0.0,0.0,0.0,0.0,0.0,,,,,,,,
501381,Style Mobb University School of Cosmetology,College Park,GA,1,3,,0.0,0.0,0.0,0.0,0.0,0.0,0.0,0.0,0.0,,,,,,,,
501390,Yeshiva Gedola Amidei Dgirsa,Brooklyn,NY,2,2,,0.0,0.0,0.0,0.0,0.0,0.0,0.0,0.0,0.0,80.0,,,,,,,
501406,Care Hope College,Jupiter,FL,2,3,,0.0,0.0,0.0,0.0,0.0,0.0,0.0,0.0,0.0,,,,,,,,
501451,UTH Florida University,Miami,FL,3,3,,0.0,0.0,0.0,0.0,0.0,0.0,0.0,0.0,0.0,,,,,,,,
501460,University of North America,Fairfax,VA,1,3,,0.0,0.0,0.0,0.0,0.0,0.0,0.0,0.0,0.0,,,,,,,,
501488,West Coast University-Los Angeles,North Hollywood,CA,3,3,,0.0,0.0,0.0,0.0,0.0,0.0,0.0,0.0,0.0,,,,,,,32946,102672.0
501497,Orange Technical College-Avalon Campus,Orlando,FL,1,1,,0.0,0.0,0.0,0.0,0.0,0.0,0.0,0.0,0.0,,,,,,,PS,36650.0
501521,Herzing University-Clarksville,Clarksville,TN,3,2,,0.0,0.0,0.0,0.0,0.0,0.0,0.0,0.0,0.0,,,,,,,21500,36909.0
501530,Ogle School Hair Skin Nails-Atlanta,Atlanta,GA,1,3,,0.0,0.0,0.0,0.0,0.0,0.0,0.0,0.0,0.0,,,,,,,7917,31055.0
501549,The Chicago School at Dallas,Plano,TX,4,2,,0.0,0.0,0.0,0.0,0.0,0.0,0.0,0.0,0.0,,,,,,,20000,56899.0
501567,Elaine Sterling Institute-Dunwoody,Dunwoody,GA,1,3,,0.0,0.0,0.0,0.0,0.0,0.0,0.0,0.0,0.0,,,,,,,9500,
501576,Las Vegas College-Houston Career Institute,Houston,TX,1,3,,0.0,0.0,0.0,0.0,0.0,0.0,0.0,0.0,0.0,,,,,,,8279,31398.0
501600,Northwest Educational Center-Construction Technology,Houton,TX,1,3,,0.0,0.0,0.0,0.0,0.0,0.0,0.0,0.0,0.0,,,,,,,PS,25442.0
501619,Lincoln College of Technology-Houston,Houston,TX,1,3,,0.0,0.0,0.0,0.0,0.0,0.0,0.0,0.0,0.0,,,,,,,11730,46396.0
501628,Glitz School of Cosmetology-Casa Grande Campus,Casa Grande,AZ,1,3,,0.0,0.0,0.0,0.0,0.0,0.0,0.0,0.0,0.0,,,,,,,7999,
501664,San Joaquin Valley College-San Leandro,San Leandro,CA,2,3,,0.0,0.0,0.0,0.0,0.0,0.0,0.0,0.0,0.0,,,,,,,10674,38317.0
501673,San Joaquin Valley College-Sacramento,Sacramento,CA,2,3,,0.0,0.0,0.0,0.0,0.0,0.0,0.0,0.0,0.0,,,,,,,10674,38317.0
501682,San Joaquin Valley College-Phoenix,Phoenix,AZ,2,3,,0.0,0.0,0.0,0.0,0.0,0.0,0.0,0.0,0.0,,,,,,,10674,38317.0
501691,Concorde Career College-Portland,Portland,OR,1,3,,0.0,0.0,0.0,0.0,0.0,0.0,0.0,0.0,0.0,,,,,,,9500,31599.0
501707,Riggins Urban Barber College-Palm Avenue,San Diego,CA,1,3,,0.0,0.0,0.0,0.0,0.0,0.0,0.0,0.0,0.0,,,,,,,,
10236801,Troy University-Phenix City Campus,Phenix City,AL,0,1,,,,,,,,,,,,,,,10176.0,20352.0,25000,42062.0
10236802,Troy University-Montgomery Campus,Montgomery,AL,0,1,,,,,,,,,,,,,,,10176.0,20352.0,25000,42062.0
10236803,Troy University-Dothan Campus,Dothan,AL,0,1,,,,,,,,,,,,,,,10176.0,20352.0,25000,42062.0
10236808,Troy University-Online,Troy,AL,0,1,,,,,,,,,,,,,,,10176.0,10176.0,25000,42062.0
10236809,Troy University-Support Sites,Alpharetta,GA,0,1,,,,,,,,,,,,,,,10176.0,10176.0,25000,42062.0
10415101,Arizona State University-West Valley,Glendale,AZ,0,1,,,,,,,,,,,,,,,12223.0,33139.0,19500,62668.0
10415102,Arizona State University-Polytechnic,Mesa,AZ,0,1,,,,,,,,,,,,,,,12223.0,33139.0,19500,62668.0
10415103,Arizona State University-Downtown Phoenix,Phoenix,AZ,0,1,,,,,,,,,,,,,,,12223.0,33139.0,19500,62668.0
10415104,Arizona State University - Tucson,Tucson,AZ,0,1,,,,,,,,,,,,,,,,,19500,62668.0
10415106,Arizona State University - The Gila Valley,Thatcher,AZ,0,1,,,,,,,,,,,,,,,,,19500,62668.0
10415107,Arizona State University - Yuma,Yuma,AZ,0,1,,,,,,,,,,,,,,,,,19500,62668.0
10415108,Arizona State University - Pinal,Coolidge,AZ,0,1,,,,,,,,,,,,,,,,,19500,62668.0
10415109,Arizona State University - Cochise,Sierra Vista,AZ,0,1,,,,,,,,,,,,,,,,,19500,62668.0
10415110,Arizona State University - Yavapai,Prescott Valley,AZ,0,1,,,,,,,,,,,,,,,,,19500,62668.0
10415111,Arizona State University - Pima,Tucson,AZ,0,1,,,,,,,,,,,,,,,,,19500,62668.0
10415112,Arizona State University - Washington D.C.,Washington,DC,0,1,,,,,,,,,,,,,,,,,19500,62668.0
10415113,Arizona State University - Northeastern Arizona,Show Low,AZ,0,1,,,,,,,,,,,,,,,,,19500,62668.0
10415114,Arizona State University - Mesa City Center,Mesa,AZ,0,1,,,,,,,,,,,,,,,,,19500,62668.0
10415115,Arizona State University - ASU California Center - Broadway,Los Angeles,CA,0,1,,,,,,,,,,,,,,,11663.0,25185.0,19500,62668.0
10415116,Arizona State University - ASU California Center - Grand,Los Angeles,CA,0,1,,,,,,,,,,,,,,,11663.0,25185.0,19500,62668.0
10635101,Arkansas Technical School,North Little Rock,AR,0,3,,,,,,,,,,,,,,,,,16500,16209.0
10722001,Career Academy of Hair Design-Siloam Springs,Siloam Springs,AR,0,3,,,,,,,,,,,,,,,,,6365,21567.0
10722002,Career Academy of Hair Design-Rogers,Rogers,AR,0,3,,,,,,,,,,,,,,,,,6365,21567.0
10722003,Career Academy of Hair Design-Fayetteville,Fayetteville,AR,0,3,,,,,,,,,,,,,,,,,6365,21567.0
10722004,Career Academy of Hair Design - Fort Smith,Fort Smith,AR,0,3,,,,,,,,,,,,,,,,,6365,21567.0
10772501,University of Arkansas Community College at Hope - Texarkana,Texarkana,AR,0,1,,,,,,,,,,,,,,,3885.0,5565.0,PS,34162.0
11046801,Alliant International University-Fresno,Fresno,CA,0,3,,,,,,,,,,,,,,,,,12878,66666.0
11046802,Alliant International University-Los Angeles,Alhambra,CA,0,3,,,,,,,,,,,,,,,,,12878,66666.0
11046803,Alliant International University-San Francisco Bay Area,Emeryville,CA,0,3,,,,,,,,,,,,,,,,,12878,66666.0
11046804,Alliant International University-Irvine,Irvine,CA,0,3,,,,,,,,,,,,,,,,,12878,66666.0
11046805,Alliant International University-Sacramento,Sacramento,CA,0,3,,,,,,,,,,,,,,,,,12878,66666.0
11046806,Alliant International University - Phoenix,Phoenix,AZ,0,3,,,,,,,,,,,,,,,14254.0,14254.0,12878,66666.0
11163801,Casa Loma College - Nashville,Nashville,TN,0,2,,,,,,,,,,,,,,,,,26791,49854.0
11163802,Casa Loma College -  Aurora,Aurora,CO,0,2,,,,,,,,,,,,,,,,,26791,49854.0
11458501,San Jose Campus,San Jose,CA,0,3,,,,,,,,,,,,,,,,,PS,
11643901,IDEA at ATEP,Tustin,CA,0,1,,,,,,,,,,,,,,,1156.0,11860.0,6500,49156.0
11710401,Life Pacific University-Virginia,Christiansburg,VA,0,2,,,,,,,,,,,,,,,16138.0,16138.0,22395,43299.0
11752001,Life Chiropractic College West - Bellevue University,Bellevue,NE,0,2,,,,,,,,,,,,,,,,,PS,
11891201,MiraCosta College - San Elijo Campus,Cardiff,CA,0,1,,,,,,,,,,,,,,,1158.0,9750.0,9000,43845.0
11917301,Mount Saint Mary's University - Doheny Campus,Los Angeles,CA,0,2,,,,,,,,,,,,,,,49564.0,49564.0,25949,72379.0
12162801,RAND School of Public Policy - Virginia,Arlington,VA,0,2,,,,,,,,,,,,,,,,,,
12240901,San Diego State University-Imperial Valley Campus,Calexico,CA,0,1,,,,,,,,,,,,,,,7498.0,20098.0,15000,64909.0
12265801,San Joaquin Delta College,Stockton,CA,0,1,,,,,,,,,,,,,,,1180.0,9772.0,7500,43212.0
12293101,Jesuit School of Theology of Santa Clara University,Berkeley,CA,0,2,,,,,,,,,,,,,,,,,19162,109183.0
12429201,Thomas Aquinas College - New England,Northfield,MA,0,2,,,,,,,,,,,,,,,30200.0,30200.0,18000,55619.0
12509101,Victor Valley Community College - Aviation Technology,Victorville,CA,0,1,,,,,,,,,,,,,,,1425.0,10125.0,PS,36119.0
12601201,Wright Institute (The) -,Berkeley,CA,0,2,,,,,,,,,,,,,,,,,PS,
12697901,Denver Seminary - Washington DC,Landover,MD,0,2,,,,,,,,,,,,,,,,,PS,
12915401,Goodwin University - Bridgeport Campus,Bridgeport,CT,0,2,,,,,,,,,,,,,,,21188.0,21188.0,33500,43596.0
13017403,Porter and Chester Institute of Waterbury,Waterbury,CT,0,3,,,,,,,,,,,,,,,15856.0,15856.0,12000,41588.0
13017405,Porter and Chester Institute of Worcester,Worcester,MA,0,3,,,,,,,,,,,,,,,15856.0,15856.0,12000,41588.0
13017408,Porter and Chester Institute - Brockton,Brockton,MA,0,3,,,,,,,,,,,,,,,15856.0,15856.0,12000,41588.0
13017409,Porter and Chester Institute - Chicopee,Chicopee,MA,0,3,,,,,,,,,,,,,,,15856.0,15856.0,12000,41588.0
13017410,Porter and Chester Institute - New London,New London,CT,0,3,,,,,,,,,,,,,,,15856.0,15856.0,12000,41588.0
13090701,Delaware Technical Community College-Owens,Georgetown,DE,0,1,,,,,,,,,,,,,,,5445.0,12308.0,10500,41448.0
13090702,Delaware Technical Community College-Stanton/Wilmington,Wilmington,DE,0,1,,,,,,,,,,,,,,,5445.0,12308.0,10500,41448.0
13247101,Barry University Law School,Orlando,FL,0,2,,,,,,,,,,,,,,,,,26997,55966.0
13508101,Keiser University-Melbourne,Melbourne,FL,0,2,,,,,,,,,,,,,,,25056.0,25056.0,26125,39696.0
13508102,Keiser University-Tallahassee,Tallahassee,FL,0,2,,,,,,,,,,,,,,,25056.0,25056.0,26125,39696.0
13508103,Keiser University-Daytona,Daytona Beach,FL,0,2,,,,,,,,,,,,,,,25056.0,25056.0,26125,39696.0
13508104,Keiser University-Lakeland,Lakeland,FL,0,2,,,,,,,,,,,,,,,25056.0,25056.0,26125,39696.0
13508105,Keiser University- Miami,Miami,FL,0,2,,,,,,,,,,,,,,,25056.0,25056.0,26125,39696.0
13508106,Keiser University-Orlando,Orlando,FL,0,2,,,,,,,,,,,,,,,25056.0,25056.0,26125,39696.0
13508107,Keiser University-Sarasota,Sarasota,FL,0,2,,,,,,,,,,,,,,,25056.0,25056.0,26125,39696.0
13508108,Keiser University-Jacksonville,Jacksonville,FL,0,2,,,,,,,,,,,,,,,25056.0,25056.0,26125,39696.0
13508109,Keiser University-Tampa,Tampa,FL,0,2,,,,,,,,,,,,,,,25056.0,25056.0,26125,39696.0
13508110,Keiser University-Pembroke Pines,Pembroke Pines,FL,0,2,,,,,,,,,,,,,,,25056.0,25056.0,26125,39696.0
13508111,Keiser University-Port St Lucie,Port St Lucie,FL,0,2,,,,,,,,,,,,,,,25056.0,25056.0,26125,39696.0
13508112,Keiser University-West Palm Beach,West Palm Beach,FL,0,2,,,,,,,,,,,,,,,25056.0,25056.0,26125,39696.0
13508113,Keiser University-Ft Myers,Ft Myers,FL,0,2,,,,,,,,,,,,,,,25056.0,25056.0,26125,39696.0
13508114,Keiser University -  Clearwater,Clearwater,FL,0,2,,,,,,,,,,,,,,,25056.0,25056.0,26125,39696.0
13508115,Keiser University - New Port Richey,New Port Richey,FL,0,2,,,,,,,,,,,,,,,25056.0,25056.0,26125,39696.0
13508116,Keiser University - Residential (Flagship),West Palm Beach,FL,0,2,,,,,,,,,,,,,,,38788.0,38788.0,26125,39696.0
13552201,Maynard A. Traviss Technical College - Central Florida Aerospace Academy,Lakeland,FL,0,1,,,,,,,,,,,,,,,,,PS,39813.0
13552202,Traviss Technical College - ATCFO,Bartow,FL,0,1,,,,,,,,,,,,,,,,,PS,39813.0
13682601,Miami Lakes Educational Center and Technical College -,Miami Lakes,FL,0,1,,,,,,,,,,,,,,,,,PS,37543.0
13830901,Rasmussen University-Central Pasco,Odessa,FL,0,3,,,,,,,,,,,,,,,15314.0,15314.0,20899,39080.0
13830902,Rasmussen University-Fort Myers,Fort Myers,FL,0,3,,,,,,,,,,,,,,,15314.0,15314.0,20899,39080.0
13830903,Rasmussen University-Tampa/Brandon,Brandon,FL,0,3,,,,,,,,,,,,,,,15314.0,15314.0,20899,39080.0
13830905,Rasmussen University-North Orlando,Altamonte Springs,FL,0,3,,,,,,,,,,,,,,,15314.0,15314.0,20899,39080.0
13962101,East Georgia State College - Statesboro,Statesboro,GA,0,1,,,,,,,,,,,,,,,4278.0,11238.0,11750,37174.0
13962102,East Georgia State College - Augusta,Augusta,GA,0,1,,,,,,,,,,,,,,,4094.0,11054.0,11750,37174.0
14570701,Illinois Eastern Community Colleges-Olney Central College,Olney,IL,0,1,,,,,,,,,,,,,,,5260.0,12460.0,6500,37533.0
14570702,Illinois Eastern Community Colleges-Frontier Community College,Fairfield,IL,0,1,,,,,,,,,,,,,,,5260.0,12460.0,6500,37533.0
14570703,Illinois Eastern Community Colleges-Lincoln Trail College,Robinson,IL,0,1,,,,,,,,,,,,,,,5260.0,12460.0,6500,37533.0
14570704,Illinois Eastern Community Colleges-Wabash Valley College,Mount Carmel,IL,0,1,,,,,,,,,,,,,,,5260.0,12460.0,6500,37533.0
14736901,Moody Theological Seminary and Graduate School--Michigan,Plymouth,MI,0,2,,,,,,,,,,,,,,,,,18149,45399.0
14736903,Moody Bible Institute - Spokane,Spokane,WA,0,2,,,,,,,,,,,,,,,14784.0,14784.0,18149,45399.0
14953201,Triton College - Intl Union of Operating Engr Local 399 Trning Fac.,Chicago,IL,0,1,,,,,,,,,,,,,,,2000.0,2000.0,9413,41728.0
15085301,PJ's College of Cosmetology- Brownsburg,Brownsburg,IN,0,3,,,,,,,,,,,,,,,,,8289,22402.0
15085303,PJ's College of Cosmetology- Jeffersonville,Jeffersonville,IN,0,3,,,,,,,,,,,,,,,,,8289,22402.0
15098701,Ivy Tech Community College-South Bend/Elkhart,South Bend,IN,0,1,,,,,,,,,,,,,,,5154.0,9935.0,10727,37186.0
15098702,Ivy Tech Community College-Columbus,Columbus,IN,0,1,,,,,,,,,,,,,,,5154.0,9935.0,10727,37186.0
15098703,Ivy Tech Community College-Muncie,Muncie,IN,0,1,,,,,,,,,,,,,,,5154.0,9935.0,10727,37186.0
15098704,Ivy Tech Community College-Kokomo,Kokomo,IN,0,1,,,,,,,,,,,,,,,5154.0,9935.0,10727,37186.0
15098705,Ivy Tech Community College-Lafayette,Lafayette,IN,0,1,,,,,,,,,,,,,,,5154.0,9935.0,10727,37186.0
15098706,Ivy Tech Community College-Fort Wayne,Fort Wayne,IN,0,1,,,,,,,,,,,,,,,5154.0,9935.0,10727,37186.0
15098707,Ivy Tech Community College-Sellersburg,Sellersburg,IN,0,1,,,,,,,,,,,,,,,5154.0,9935.0,10727,37186.0
15098708,Ivy Tech Community College-Evansville,Evansville,IN,0,1,,,,,,,,,,,,,,,5154.0,9935.0,10727,37186.0
15098709,Ivy Tech Community College-Terre Haute,Terre Haute,IN,0,1,,,,,,,,,,,,,,,5154.0,9935.0,10727,37186.0
15098710,Ivy Tech Community College-Richmond,Richmond,IN,0,1,,,,,,,,,,,,,,,5154.0,9935.0,10727,37186.0
15098711,Ivy Tech Community College-Lake County,East Chicago,IN,0,1,,,,,,,,,,,,,,,5154.0,9935.0,10727,37186.0
15098712,Ivy Tech Community College-Madison,Madison,IN,0,1,,,,,,,,,,,,,,,5154.0,9935.0,10727,37186.0
15098713,Ivy Tech Community College-Bloomington,Bloomington,IN,0,1,,,,,,,,,,,,,,,5154.0,9935.0,10727,37186.0
15098714,Ivy Tech Community College-Indianapolis,Indianapolis,IN,0,1,,,,,,,,,,,,,,,5154.0,9935.0,10727,37186.0
15098715,Ivy Tech Community College-Marion,Marion,IN,0,1,,,,,,,,,,,,,,,5154.0,9935.0,10727,37186.0
15098716,Ivy Tech Community College-Valparaiso,Valparaiso,IN,0,1,,,,,,,,,,,,,,,5154.0,9935.0,10727,37186.0
15098717,Ivy Tech Community College-Lawrenceburg,Lawrenceburg,IN,0,1,,,,,,,,,,,,,,,5154.0,9935.0,10727,37186.0
15098718,Ivy Tech Community College-Hamilton County,Noblesville,IN,0,1,,,,,,,,,,,,,,,5154.0,9935.0,10727,37186.0
15098719,Ivy Tech Community College-Anderson,Anderson,IN,0,1,,,,,,,,,,,,,,,5154.0,9935.0,10727,37186.0
15111101,Indiana University Fort Wayne,Fort Wayne,IN,0,1,,,,,,,,,,,,,,,10762.0,34891.0,20000,55198.0
15111102,Indiana University Columbus,Columbus,IN,0,1,,,,,,,,,,,,,,,10762.0,34891.0,20000,55198.0
15208001,University of Notre Dame -,Chicago,IL,0,2,,,,,,,,,,,,,,,,,19000,99980.0
15336601,Graceland University - Independence,Independence,MO,0,2,,,,,,,,,,,,,,,14940.0,14940.0,21212,47361.0
15468801,Baker University School of Nursing,Topeka,KS,0,2,,,,,,,,,,,,,,,,,25000,63855.0
15492501,Coffeyville Technical Campus,Coffeyville,KS,0,1,,,,,,,,,,,,,,,3600.0,4680.0,8103,35246.0
15492502,Columbus Technical Campus,Columbus,KS,0,1,,,,,,,,,,,,,,,3600.0,4680.0,8103,35246.0
15492503,Coffeyville Community College - EMS Building,Coffeyville,KS,0,1,,,,,,,,,,,,,,,,,8103,35246.0
15535301,Old Town Barber College - KC,Kansas City,MO,0,3,,,,,,,,,,,,,,,,,13000,21295.0
15631001,PJ's College of Cosmetology- Greenfield,Greenfield,IN,0,3,,,,,,,,,,,,,,,,,7917,20392.0
15631002,PJ's College of Cosmetology- Muncie,Muncie,IN,0,3,,,,,,,,,,,,,,,,,7917,20392.0
15631003,PJ's College of Cosmetology- Indianapolis,Indianapolis,IN,0,3,,,,,,,,,,,,,,,,,7917,20392.0
15631004,PJ's College of Cosmetology- Plainfield,Plainfield,IN,0,3,,,,,,,,,,,,,,,,,7917,20392.0
15631005,PJ's College of Cosmetology- Louisville,Louisville,KY,0,3,,,,,,,,,,,,,,,,,7917,20392.0
16061201,Southeastern Louisiana University - EBR Parish School System Prof Dev,Baton Rouge,LA,0,1,,,,,,,,,,,,,,,,,22113,46482.0
16061202,Southeastern Louisiana University - St Amant High School,St Amant,LA,0,1,,,,,,,,,,,,,,,,,22113,46482.0
16061203,Southeastern Louisiana University - Destrahan High School,Destrehan,LA,0,1,,,,,,,,,,,,,,,,,22113,46482.0
16061204,Southeastern Louisiana University - Albert Cammon Middle School,St. Rose,LA,0,1,,,,,,,,,,,,,,,,,22113,46482.0
16099501,Beal University,Wilton,ME,0,3,,,,,,,,,,,,,,,,,19500,35639.0
16125301,University of Maine - Machias,Machias,ME,0,1,,,,,,,,,,,,,,,10050.0,18540.0,25000,48653.0
16157202,Unity Environmental University - Unity,Unity,ME,0,2,,,,,,,,,,,,,,,17476.0,17476.0,25000,37852.0
16884704,Baker College of Cadillac,Cadillac,MI,0,2,,,,,,,,,,,,,,,13000.0,13000.0,25000,35833.0
16884706,Baker College of Jackson,Jackson,MI,0,2,,,,,,,,,,,,,,,13000.0,13000.0,25000,35833.0
16884707,Baker College of Muskegon,Muskegon,MI,0,2,,,,,,,,,,,,,,,13000.0,13000.0,25000,35833.0
16884710,Baker College - Royal Oak Campus,Royal Oak,MI,0,2,,,,,,,,,,,,,,,13000.0,13000.0,25000,35833.0
16908001,Calvin University - Handlon Campus,Ionia,MI,0,2,,,,,,,,,,,,,,,,,23250,58375.0
16947903,Davenport University-Warren Location,Warren,MI,0,2,,,,,,,,,,,,,,,24466.0,24466.0,26000,45099.0
16947904,Davenport University-Kalamazoo Location,Kalamazoo,MI,0,2,,,,,,,,,,,,,,,,,26000,45099.0
16947905,Davenport University-Lansing Location,Lansing,MI,0,2,,,,,,,,,,,,,,,24466.0,24466.0,26000,45099.0
16947907,Davenport University-Midland Location,Midland,MI,0,2,,,,,,,,,,,,,,,24466.0,24466.0,26000,45099.0
16947912,Davenport University-Traverse City Location,Traverse City,MI,0,2,,,,,,,,,,,,,,,,,26000,45099.0
16947922,Davenport University - Wayne CCCD,Belleville,MI,0,2,,,,,,,,,,,,,,,,,26000,45099.0
16947925,Davenport University - Detroit,Detroit,MI,0,2,,,,,,,,,,,,,,,,,26000,45099.0
17296301,Anoka-Ramsey Community College-Cambridge Campus,Cambridge,MN,0,1,,,,,,,,,,,,,,,5682.0,5682.0,13500,48342.0
17320301,Central Lakes College-Staples Campus,Staples,MN,0,1,,,,,,,,,,,,,,,6249.0,6249.0,11000,42162.0
17355901,M State - Detroit Lakes Campus,Detroit Lakes,MN,0,1,,,,,,,,,,,,,,,5825.0,5825.0,12000,45591.0
17355902,M State - Moorhead Campus,Moorhead,MN,0,1,,,,,,,,,,,,,,,6026.0,6026.0,12000,45591.0
17355903,M State - Wadena Campus,Wadena,MN,0,1,,,,,,,,,,,,,,,5855.0,5855.0,12000,45591.0
17373501,Minnesota North College - Itasca,Grand Rapids,MN,0,1,,,,,,,,,,,,,,,6022.0,6022.0,12000,45570.0
17373502,Minnesota North College - Mesabi Range Virginia,Virginia,MN,0,1,,,,,,,,,,,,,,,6022.0,6022.0,12000,45570.0
17373503,Minnesota North College - Mesabi Range Eveleth,Eveleth,MN,0,1,,,,,,,,,,,,,,,6022.0,6022.0,12000,45570.0
17373504,Minnesota North College - Rainy River,International Falls,MN,0,1,,,,,,,,,,,,,,,6022.0,6022.0,12000,45570.0
17373505,Minnesota North College - Vermilion,Ely,MN,0,1,,,,,,,,,,,,,,,6022.0,6022.0,12000,45570.0
17391101,South Central College-Faribault,Faribault,MN,0,1,,,,,,,,,,,,,,,6146.0,6146.0,12000,45068.0
17395701,Mayo Clinic College of Medicine and Science - Florida,Jacksonville,FL,0,2,,,,,,,,,,,,,,,3257.0,3257.0,10500,79652.0
17395702,Mayo Clinic College of Medicine and Science - Arizona,Scottsdale,AZ,0,2,,,,,,,,,,,,,,,3257.0,3257.0,10500,79652.0
17395703,Mayo Clinic College of Medicine and Science - Arizona,Phoenix,AZ,0,2,,,,,,,,,,,,,,,,,10500,79652.0
17447301,Northland Community and Technical College - East Grand Forks,East Grand Forks,MN,0,1,,,,,,,,,,,,,,,6289.0,6289.0,12000,44425.0
17447302,Northland Community and Technical College - Aerospace,Thief River Falls,MN,0,1,,,,,,,,,,,,,,,6289.0,6289.0,12000,44425.0
17501401,Rasmussen University-Bloomington,Bloomington,MN,0,3,,,,,,,,,,,,,,,11490.0,11490.0,20899,39080.0
17501402,Rasmussen University-Eagan,Eagan,MN,0,3,,,,,,,,,,,,,,,11490.0,11490.0,20899,39080.0
17501403,Rasmussen University-Mankato,Mankato,MN,0,3,,,,,,,,,,,,,,,11490.0,11490.0,20899,39080.0
17501406,Rasmussen University-Hennepin/Anoka,Brooklyn Park,MN,0,3,,,,,,,,,,,,,,,11490.0,11490.0,20899,39080.0
17526301,Minnesota State CollegeSoutheast-Red Wing Campus,Red Wing,MN,0,1,,,,,,,,,,,,,,,6432.0,6432.0,12971,43613.0
17557301,Copiah-Lincoln Community College Simpson County Center,Mendenhall,MS,0,1,,,,,,,,,,,,,,,4200.0,5200.0,7435,31241.0
17557302,Copiah-Lincoln Community College-Natchez Campus,Natchez,MS,0,1,,,,,,,,,,,,,,,4200.0,5200.0,7435,31241.0
17601701,University of Mississippi Medical Center,Jackson,MS,0,1,,,,,,,,,,,,,,,,,20000,50994.0
17623901,Pearl River Community College-Forrest County Campus,Hattiesburg,MS,0,1,,,,,,,,,,,,,,,3700.0,6100.0,9750,33019.0
17623902,PRCC Hancock Aviation Aerospace Workforce Academy,Kiln,MS,0,1,,,,,,,,,,,,,,,3700.0,6100.0,9750,33019.0
17662801,Avila University -  Arizona,Goodyear,AZ,0,2,,,,,,,,,,,,,,,,,25000,52773.0
17706501,Columbia College - Redstone Arsenal,Redstone Arsenal,AL,0,2,,,,,,,,,,,,,,,8256.0,8256.0,23879,45378.0
17706504,Columbia College - NAS Jacksonville,Jacksonville,FL,0,2,,,,,,,,,,,,,,,8256.0,8256.0,23879,45378.0
17706508,Columbia College - Fort Leonard Wood,Fort Leonard Wood,MO,0,2,,,,,,,,,,,,,,,8256.0,8256.0,23879,45378.0
17706510,Columbia College - Lake Ozark,Osage Beach,MO,0,2,,,,,,,,,,,,,,,8256.0,8256.0,23879,45378.0
17706512,Columbia College - Fort Worth,Fort Worth,TX,0,2,,,,,,,,,,,,,,,8256.0,8256.0,23879,45378.0
17706515,Columbia College - Naval Station Everett/Marysville,Marysville,WA,0,2,,,,,,,,,,,,,,,8256.0,8256.0,23879,45378.0
17706523,Columbia College - Fort Stewart,Ft. Stewart,GA,0,2,,,,,,,,,,,,,,,8256.0,8256.0,23879,45378.0
17706524,Columbia College - Hunter Army Airfield,Hunter Army Airfield,GA,0,2,,,,,,,,,,,,,,,8256.0,8256.0,23879,45378.0
17706525,Columbia College - Elgin,Elgin,IL,0,2,,,,,,,,,,,,,,,8256.0,8256.0,23879,45378.0
17706527,Columbia College - Whidbey Island,Oak Harbor,WA,0,2,,,,,,,,,,,,,,,8256.0,8256.0,23879,45378.0
17706530,Columbia College - Fort Sill,Fort Sill,OK,0,2,,,,,,,,,,,,,,,8256.0,8256.0,23879,45378.0
17706532,Columbia College - San Diego,San Diego,CA,0,2,,,,,,,,,,,,,,,8256.0,8256.0,23879,45378.0
17706546,Columbia College - Denver,Aurora,CO,0,2,,,,,,,,,,,,,,,8256.0,8256.0,23879,45378.0
17706547,Columbia College - Whiteman AFB,Whiteman AFB,MO,0,2,,,,,,,,,,,,,,,8256.0,8256.0,23879,45378.0
17981201,Kansas City University-Joplin,Joplin,MO,0,2,,,,,,,,,,,,,,,,,PS,
18017901,City College Montana State University Billings,Billings,MT,0,1,,,,,,,,,,,,,,,4897.0,10823.0,18209,44296.0
18409201,American Institute,Clifton,NJ,0,3,,,,,,,,,,,,,,,,,11979,28710.0
18557201,Monmouth University -  Monmouth Park Corporate Center,West Long Branch,NJ,0,2,,,,,,,,,,,,,,,,,27000,67991.0
18908801,Bard College - Holyoke Microcollege,Holyoke,MA,0,2,,,,,,,,,,,,,,,,,24254,46543.0
18908802,Bard College - Coxsackie Correctional Facility,Coxsackie,NY,0,2,,,,,,,,,,,,,,,,,24254,46543.0
18908803,Bard College - Eastern NY Correctional Facility,Napanoch,NY,0,2,,,,,,,,,,,,,,,,,24254,46543.0
18908804,Bard College - Fishkill Correctional Facility,Beacon,NY,0,2,,,,,,,,,,,,,,,,,24254,46543.0
18908805,Bard College - Green Haven Correctional Facility,Stormville,NY,0,2,,,,,,,,,,,,,,,,,24254,46543.0
18908806,Bard College - Taconic Correctional Facility,Bedford Hill,NY,0,2,,,,,,,,,,,,,,,,,24254,46543.0
18908807,Bard College - Woodbourne Correctional Facility,Woodbourne,NY,0,2,,,,,,,,,,,,,,,,,24254,46543.0
18908808,Bard College - BHSEC Newark,Newark,NJ,0,2,,,,,,,,,,,,,,,,,24254,46543.0
18908809,Bard College - Brooklyn Public Library,Brooklyn,NY,0,2,,,,,,,,,,,,,,,,,24254,46543.0
18908811,Bard College - New York Public Library Countee Cullen Branch,New York,NY,0,2,,,,,,,,,,,,,,,,,24254,46543.0
18908812,Bard College - Bard Globalization and International Affairs Program,New York,NY,0,2,,,,,,,,,,,,,,,,,24254,46543.0
18908814,Bard College - Albion Correctional Facility,Albion,NY,0,2,,,,,,,,,,,,,,,,,24254,46543.0
18956501,Bryant & Stratton College-Syracuse,Syracuse,NY,0,2,,,,,,,,,,,,,,,19699.0,19699.0,21549,32568.0
18958301,Bryant & Stratton College-Amherst,Getzville,NY,0,2,,,,,,,,,,,,,,,16562.0,16562.0,21549,32568.0
18958302,Bryant & Stratton College-Southtowns,Orchard Park,NY,0,2,,,,,,,,,,,,,,,18860.0,18860.0,21549,32568.0
18959201,Bryant & Stratton College-Henrietta,Rochester,NY,0,2,,,,,,,,,,,,,,,20355.0,20355.0,21549,32568.0
19004401,Clarkson University Capital Region Campus,Latham,NY,0,2,,,,,,,,,,,,,,,,,26000,89696.0
19050301,Culinary Institute of America at Greystone,St. Helena,CA,0,2,,,,,,,,,,,,,,,39850.0,39850.0,15750,47475.0
19050302,Culinary Institute of America San Antonio,San Antonio,TX,0,2,,,,,,,,,,,,,,,39050.0,39050.0,15750,47475.0
19054901,CUNY Brooklyn College - Feirstein Graduate School of Cinema,Brooklyn,NY,0,1,,,,,,,,,,,,,,,,,11000,60752.0
19385801,NYSMedical&Dental Assistants - American Institute of Clinical Massage,Post Falls,ID,0,3,,,,,,,,,,,,,,,,,8309,38899.0
19457801,Pratt Manhattan-A Division of Pratt Institute,New York,NY,0,2,,,,,,,,,,,,,,,61845.0,61845.0,26000,54295.0
19476301,Rabbinical Seminary of America-Ma'yan HaTorah,Flushing,NY,0,2,,,,,,,,,,,,,,,10000.0,10000.0,PS,
19857001,Gaston College,Dallas,NC,0,1,,,,,,,,,,,,,,,3186.0,9330.0,PS,35386.0
19975901,Southeastern Baptist Theological Seminary-Nash County Extension Center,Nashville,NC,0,2,,,,,,,,,,,,,,,14016.0,14016.0,PS,
19975902,Southeastern Baptist Theological Seminary-Wake County Extension Center,Raleigh,NC,0,2,,,,,,,,,,,,,,,14016.0,14016.0,PS,
19975903,Southeastern Baptist Theological Seminary - Lowell Correctional Institution,Ocala,FL,0,2,,,,,,,,,,,,,,,,,PS,
19998001,Winston - Salem Barber School - Satellite,Greensboro,NC,0,3,,,,,,,,,,,,,,,,,PS,16389.0
20146901,Bryant & Stratton College-Akron,Akron,OH,0,2,,,,,,,,,,,,,,,21173.0,21173.0,21549,32568.0
20146902,Bryant & Stratton College-Solon,Solon,OH,0,2,,,,,,,,,,,,,,,20146.0,20146.0,21549,32568.0
20303001,Adult & Community Education Columbus City Schools - Fort Hayes Career,Columbus,OH,0,1,,,,,,,,,,,,,,,,,14750,51551.0
20306701,Hebrew Union College-Jewish Institute of Religion-Cincinnati,Cincinnati,OH,0,2,,,,,,,,,,,,,,,,,PS,
20306702,Hebrew Union College-Jewish Institute of Religion-Los Angeles,Los Angeles,CA,0,2,,,,,,,,,,,,,,,,,PS,
20354401,Kettering College - Ollie Davis Medical Arts and Education Center,Beavercreek,OH,0,2,,,,,,,,,,,,,,,,,23500,67492.0
20417601,Mount Carmel College of Nursing - Fairfield,Lancaster,OH,0,2,,,,,,,,,,,,,,,22080.0,22080.0,22082,75103.0
20940901,Bushnell University - Roseburg Campus,Roseburg,OR,0,2,,,,,,,,,,,,,,,,,23500,53623.0
21036801,Western Seminary-San Jose,San Jose,CA,0,2,,,,,,,,,,,,,,,,,PS,
21078401,The Beauty Institute,Philadelphia,PA,0,3,,,,,,,,,,,,,,,,,9583,24785.0
21130701,Bucks County Community College-Upper Bucks Campus,Perkasie,PA,0,1,,,,,,,,,,,,,,,5683.0,13963.0,12000,47324.0
21130702,Bucks County Community College-Gene and Marlene Epstein Campus at Lower Bucks,Bristol,PA,0,1,,,,,,,,,,,,,,,5683.0,13963.0,12000,47324.0
21287801,Harrisburg Area Community College-Lancaster,Lancaster,PA,0,1,,,,,,,,,,,,,,,6975.0,12472.0,17500,42007.0
21287802,Harrisburg Area Community College-Gettysburg,Gettysburg,PA,0,1,,,,,,,,,,,,,,,6975.0,12472.0,17500,42007.0
21287803,Harrisburg Area Community College-Lebanon,Annville,PA,0,1,,,,,,,,,,,,,,,6975.0,12472.0,17500,42007.0
21287804,Harrisburg Area Community College-York,York,PA,0,1,,,,,,,,,,,,,,,6975.0,12472.0,17500,42007.0
21316301,UPMC Jameson School of Nursing - UPMC Hamot,Erie,PA,0,2,,,,,,,,,,,,,,,20645.0,20645.0,12000,70472.0
21429001,New Castle School of Trades,Pulaski,PA,0,3,,,,,,,,,,,,,,,,,9567,44814.0
21429002,New Castle School of Trades - East Liverpool Campus,East Liverpool,OH,0,3,,,,,,,,,,,,,,,,,9567,44814.0
21437901,Northampton County Area Community College-Monroe,Tannersville,PA,0,1,,,,,,,,,,,,,,,5550.0,15270.0,15495,41566.0
21597401,UPMC Shadyside - at UPMC Harrisburg,Harrisburg,PA,0,2,,,,,,,,,,,,,,,20645.0,20645.0,19666,68801.0
21608301,South Hills School of Business and Technology-Altoona,Altoona,PA,0,3,,,,,,,,,,,,,,,19905.0,19905.0,16000,35539.0
22039402,Tennessee College of Applied Technology-Jacksboro,LaFollette,TN,0,1,,,,,,,,,,,,,,,,,PS,36449.0
22055202,South College-Asheville,Asheville,NC,0,3,,,,,,,,,,,,,,,18535.0,18535.0,18668,36642.0
22055203,South College-Nashville,Nashville,TN,0,3,,,,,,,,,,,,,,,18535.0,18535.0,18668,36642.0
22055204,South College-Atlanta,Atlanta,GA,0,3,,,,,,,,,,,,,,,18535.0,18535.0,18668,36642.0
22055205,South College - Indianapolis,Inidianapolis,IN,0,3,,,,,,,,,,,,,,,18535.0,18535.0,18668,36642.0
22055206,South College - Orlando,Orlando,FL,0,3,,,,,,,,,,,,,,,18535.0,18535.0,18668,36642.0
22055207,South College -  Pittsburgh,Cranberry Township,PA,0,3,,,,,,,,,,,,,,,,,18668,36642.0
22797901,San Jacinto College-North Campus,Houston,TX,0,1,,,,,,,,,,,,,,,2490.0,6690.0,9500,43062.0
22797902,San Jacinto College-South Campus,Houston,TX,0,1,,,,,,,,,,,,,,,2490.0,6690.0,9500,43062.0
22797903,San Jacinto Community College District - Generation Park Campus,Houston,TX,0,1,,,,,,,,,,,,,,,2490.0,6690.0,9500,43062.0
22872301,Texas A & M University Health Science Center,Bryan,TX,0,1,,,,,,,,,,,,,,,11597.0,33705.0,17804,72097.0
23059701,Snow College-Richfield Campus,Richfield,UT,0,1,,,,,,,,,,,,,,,4338.0,14288.0,7000,41022.0
23059702,Snow College -  Central Utah Correctional Facility,Gunnison,UT,0,1,,,,,,,,,,,,,,,,,7000,41022.0
23155401,Bluefield College - Edward Via College of Osteopathic Medicine,Blacksburg,VA,0,2,,,,,,,,,,,,,,,,,21855,48896.0
23155402,Bluefield University - Edward Via College - Auburn,Auburn,AL,0,2,,,,,,,,,,,,,,,,,21855,48896.0
23178501,Bryant & Stratton College-Richmond,North Chesterfield,VA,0,2,,,,,,,,,,,,,,,18689.0,18689.0,21549,32568.0
23178502,Bryant & Stratton College-Hampton,Hampton,VA,0,2,,,,,,,,,,,,,,,18189.0,18189.0,21549,32568.0
23368401,Strayer University-Alexandria Campus,Alexandria,VA,0,3,,,,,,,,,,,,,,,13920.0,13920.0,40621,40092.0
23368410,Strayer University-Newport News Campus,Newport News,VA,0,3,,,,,,,,,,,,,,,13920.0,13920.0,40621,40092.0
23368411,Strayer University-Virginia Beach Campus,Virginia Beach,VA,0,3,,,,,,,,,,,,,,,13920.0,13920.0,40621,40092.0
23384201,Union Presbyterian Seminary-Charlotte,Charlotte,NC,0,2,,,,,,,,,,,,,,,,,PS,
23661002,Shoreline Community College - Dental Hygiene,Seattle,WA,0,1,,,,,,,,,,,,,,,15201.0,16767.0,12021,52009.0
23693901,Washington State University-Vancouver,Vancouver,WA,0,1,,,,,,,,,,,,,,,11937.0,28496.0,19500,68905.0
23693902,Washington State University-Spokane,Spokane,WA,0,1,,,,,,,,,,,,,,,,,19500,68905.0
23693903,Washington State University-Tri Cities,Richland,WA,0,1,,,,,,,,,,,,,,,12261.0,28820.0,19500,68905.0
23693904,Washington State University - Everett Campus,Everett,WA,0,1,,,,,,,,,,,,,,,,,19500,68905.0
23693905,Washington State University - Global Campus,Pullman,WA,0,1,,,,,,,,,,,,,,,11678.0,13021.0,19500,68905.0
23743701,Ameritas College -  South Bay Correctional Facility,South Bay,FL,0,2,,,,,,,,,,,,,,,,,21604,21783.0
24297201,NUC University - Arecibo,Arecibo,PR,0,3,,,,,,,,,,,,,,,9400.0,11120.0,9500,24785.0
24297202,NUC University - Rio Grande,Rio Grande,PR,0,3,,,,,,,,,,,,,,,9400.0,11120.0,9500,24785.0
24297203,NUC University - Ponce,Ponce,PR,0,3,,,,,,,,,,,,,,,9400.0,11120.0,9500,24785.0
24297204,NUC University - Caguas,Caguas,PR,0,3,,,,,,,,,,,,,,,9400.0,12305.0,9500,24785.0
24297205,NUC University - Mayaguez,Mayaguez,PR,0,3,,,,,,,,,,,,,,,9400.0,11120.0,9500,24785.0
24297206,NUC University - South Florida,Pembroke Pines,FL,0,3,,,,,,,,,,,,,,,13593.0,13593.0,9500,24785.0
24297207,NUC University - Florida Technical College - Lakeland,Lakeland,FL,0,3,,,,,,,,,,,,,,,18396.0,18396.0,9500,24785.0
24297208,NUC University - Florida Technical College - Deland,Deland,FL,0,3,,,,,,,,,,,,,,,18396.0,18396.0,9500,24785.0
24297209,NUC University - Florida Technical College - Kissimmee,Kissimmee,FL,0,3,,,,,,,,,,,,,,,18396.0,18396.0,9500,24785.0
24297210,NUC University - Florida Technical College - Pembroke Pines,Pembroke Pines,FL,0,3,,,,,,,,,,,,,,,18396.0,18396.0,9500,24785.0
24297211,NUC University - Florida Technical College - Cutler Bay,Cutler Bay,FL,0,3,,,,,,,,,,,,,,,18396.0,18396.0,9500,24785.0
24297212,NUC University - IBC Technical Division - Ponce,Ponce,PR,0,3,,,,,,,,,,,,,,,9400.0,11120.0,9500,24785.0
24297213,NUC University - IBC Technical Division - Mayaguez,Mayaguez,PR,0,3,,,,,,,,,,,,,,,9400.0,11120.0,9500,24785.0
24297214,NUC University - IBC Technical Division - Guayama,Guayama,PR,0,3,,,,,,,,,,,,,,,9400.0,11120.0,9500,24785.0
24297215,NUC University - IBC Technical Division - Fajardo,Fajardo,PR,0,3,,,,,,,,,,,,,,,9400.0,11120.0,9500,24785.0
24297216,NUC University - IBC Technical Division - Manati,Manati,PR,0,3,,,,,,,,,,,,,,,9400.0,11120.0,9500,24785.0
24297217,NUC University - IBC Technical Division - Los Colobos,Carolina,PR,0,3,,,,,,,,,,,,,,,9400.0,11120.0,9500,24785.0
24297218,NUC University - IBC Technical Division - Moca,Moca,PR,0,3,,,,,,,,,,,,,,,9400.0,11120.0,9500,24785.0
24297219,NUC University - IBC Technical Division - Aguadilla,Aguadilla,PR,0,3,,,,,,,,,,,,,,,9400.0,11120.0,9500,24785.0
24297220,NUC University - IBC Technical Division - Caguas,Caguas,PR,0,3,,,,,,,,,,,,,,,9400.0,11120.0,9500,24785.0
24297221,NUC University - IBC Technical Division - Arecibo,Arecibo,PR,0,3,,,,,,,,,,,,,,,9400.0,11120.0,9500,24785.0
24297222,NUC University - IBC Technical Division - Escorial,San Juan,PR,0,3,,,,,,,,,,,,,,,9400.0,11120.0,9500,24785.0
24297223,NUC University - IBC Technical Division - Bayamon,Bayamon,PR,0,3,,,,,,,,,,,,,,,9400.0,11120.0,9500,24785.0
24297224,NUC University - IBC Technical Division - Yauco,Yauco,PR,0,3,,,,,,,,,,,,,,,9400.0,11120.0,9500,24785.0
24297225,NUC University - Florida Technical College - Orlando,Orlando,FL,0,3,,,,,,,,,,,,,,,18396.0,18396.0,9500,24785.0
24297226,NUC University - Florida Technical College - Tampa,Tampa,FL,0,3,,,,,,,,,,,,,,,18396.0,18396.0,9500,24785.0
24297227,NUC University - CCU - Caguas,Caguas,PR,0,3,,,,,,,,,,,,,,,,,9500,24785.0
24297228,NUC University - CCU - Yauco Campus,Yauco,PR,0,3,,,,,,,,,,,,,,,,,9500,24785.0
24297230,NUC University - CCU - Carolina,Carolina,PR,0,3,,,,,,,,,,,,,,,,,9500,24785.0
24297231,NUC University - CCU - Bayamon,Bayamon,PR,0,3,,,,,,,,,,,,,,,,,9500,24785.0
24366501,University of the Virgin Islands-Albert A. Sheen,St. Croix,VI,0,1,,,,,,,,,,,,,,,5957.0,16557.0,16800,38681.0
24378001,Purdue University - Purdue Polytechnic Anderson,Anderson,IN,0,1,,,,,,,,,,,,,,,6518.0,15579.0,19500,72424.0
24378002,Purdue University - Purdue Polytechnic Indianapolis,Indianapolis,IN,0,1,,,,,,,,,,,,,,,7658.0,7658.0,19500,72424.0
24378003,Purdue University - Purdue Polytechnic South Bend,South Bend,IN,0,1,,,,,,,,,,,,,,,6518.0,15579.0,19500,72424.0
24378004,Purdue University - Purdue Polytechnic New Albany,New Albany,IN,0,1,,,,,,,,,,,,,,,6518.0,15579.0,19500,72424.0
24378006,Purdue University - Purdue Polytechnic Columbus,Columbus,IN,0,1,,,,,,,,,,,,,,,6518.0,15579.0,19500,72424.0
24378007,Purdue University - Purdue Polytechnic Kokomo,Kokomo,IN,0,1,,,,,,,,,,,,,,,6518.0,15579.0,19500,72424.0
24378008,Purdue University - Purdue Polytechnic Richmond,Richmond,IN,0,1,,,,,,,,,,,,,,,6518.0,15579.0,19500,72424.0
24378009,Purdue University - Purdue Polytechnic Lafayette,Lafayette,IN,0,1,,,,,,,,,,,,,,,6518.0,15579.0,19500,72424.0
24378010,Purdue University - Purdue Polytechnic Vincennes,Vincennes,IN,0,1,,,,,,,,,,,,,,,7658.0,7658.0,19500,72424.0
24378011,Purdue University - Westgate Academy,Odon,IN,0,1,,,,,,,,,,,,,,,11000.0,11000.0,19500,72424.0
24378012,Purdue University -  Indianapolis,Indianapolis,IN,0,1,,,,,,,,,,,,,,,9992.0,28794.0,19500,72424.0
24893401,ECPI University-Newport News,Newport News,VA,0,3,,,,,,,,,,,,,,,18484.0,18484.0,20000,42837.0
24893402,ECPI University-Greensboro,Greensboro,NC,0,3,,,,,,,,,,,,,,,18484.0,18484.0,20000,42837.0
24893403,ECPI University-Charlotte,Charlotte,NC,0,3,,,,,,,,,,,,,,,18484.0,18484.0,20000,42837.0
24893404,ECPI University-Greenville,Greenville,SC,0,3,,,,,,,,,,,,,,,18484.0,18484.0,20000,42837.0
24893405,ECPI University-Manassas,Manassas,VA,0,3,,,,,,,,,,,,,,,18484.0,18484.0,20000,42837.0
24893406,ECPI University-Charleston,North Charleston,SC,0,3,,,,,,,,,,,,,,,18484.0,18484.0,20000,42837.0
24893407,ECPI University-Raleigh,Raleigh,NC,0,3,,,,,,,,,,,,,,,18484.0,18484.0,20000,42837.0
24893408,ECPI University-Columbia,Columbia,SC,0,3,,,,,,,,,,,,,,,18484.0,18484.0,20000,42837.0
24893410,ECPI University-Culinary Institute of Virginia,Norfolk,VA,0,3,,,,,,,,,,,,,,,18484.0,18484.0,20000,42837.0
24893411,ECPI University-Virginia Beach Health Sciences,Virginia Beach,VA,0,3,,,,,,,,,,,,,,,18484.0,18484.0,20000,42837.0
24893412,ECPI University-Richmond South,Richmond,VA,0,3,,,,,,,,,,,,,,,18484.0,18484.0,20000,42837.0
24893413,ECPI University-Innsbrook,Glen Allen,VA,0,3,,,,,,,,,,,,,,,18484.0,18484.0,20000,42837.0
24893414,ECPI University-Richmond West,Richmond,VA,0,3,,,,,,,,,,,,,,,18484.0,18484.0,20000,42837.0
24893415,ECPI University - Roanoke,Roanoke,VA,0,3,,,,,,,,,,,,,,,18484.0,18484.0,20000,42837.0
24893416,ECPI University - Orlando,Lake Mary,FL,0,3,,,,,,,,,,,,,,,22885.0,22885.0,20000,42837.0
24893418,ECPI University - San Antonio,San Antonio,TX,0,3,,,,,,,,,,,,,,,18484.0,18484.0,20000,42837.0
26092901,Paul Mitchell The School Boise -Paul Mitchell The School Coeur d'Alene,Coeur d'Alene,ID,0,3,,,,,,,,,,,,,,,,,10555,25719.0
36662301,Northwest Technology Center-Fairview,Fairview,OK,0,1,,,,,,,,,,,,,,,,,PS,32501.0
37321601,Pivot Point Academy -  Wahl Barber Academy,Chicago,IL,0,3,,,,,,,,,,,,,,,,,9833,30453.0
37369601,Rob Roy Academy - Woonsocket,Woonsocket,RI,0,3,,,,,,,,,,,,,,,,,9465,30033.0
37669501,College of the Marshall Islands - Kwajalein Campus,Kwajalein Atoll,MH,0,1,,,,,,,,,,,,,,,7458.0,8098.0,PS,
37727201,Nuvani Institute-Uvalde,Uvalde,TX,0,3,,,,,,,,,,,,,,,,,5304,19484.0
37728101,Nuvani Institute-Del Rio,Del Rio,TX,0,3,,,,,,,,,,,,,,,,,5030,22354.0
37728103,Nuvani Institute-South Campus,Austin,TX,0,3,,,,,,,,,,,,,,,,,5030,22354.0
38430601,Acupuncture and Integrative Medicine College Berkeley - Austin,Austin,TX,0,2,,,,,,,,,,,,,,,,,PS,
38561901,Everglades University-Orlando,Maitland,FL,0,2,,,,,,,,,,,,,,,21680.0,21680.0,38996,47597.0
38561902,Everglades University-Sarasota,Sarasota,FL,0,2,,,,,,,,,,,,,,,21680.0,21680.0,38996,47597.0
38561903,Everglades University - Tampa,Tampa,FL,0,2,,,,,,,,,,,,,,,21680.0,21680.0,38996,47597.0
38561904,Everglades University - Miami,Miami,FL,0,2,,,,,,,,,,,,,,,21680.0,21680.0,38996,47597.0
40884401,Florida National University-South Campus,Miami,FL,0,3,,,,,,,,,,,,,,,17368.0,17368.0,27554,33928.0
40884402,Florida National University Training Center,Hialeah,FL,0,3,,,,,,,,,,,,,,,17368.0,17368.0,27554,33928.0
41829601,Indian Capital Technology Center-Sallisaw,Sallisaw,OK,0,1,,,,,,,,,,,,,,,,,PS,33208.0
41829602,Indian Capital Technology Center-Stilwell,Stilwell,OK,0,1,,,,,,,,,,,,,,,,,PS,33208.0
41829603,Indian Capital Technology Center-Tahlequah,Tahlequah,OK,0,1,,,,,,,,,,,,,,,,,PS,33208.0
41829604,Indian Capital Technology Center School  District Number 4 - Coweta,Coweta,OK,0,1,,,,,,,,,,,,,,,,,PS,33208.0
41918301,Central California School of Continuing Education -,Coalinga,CA,0,3,,,,,,,,,,,,,,,9895.0,9895.0,5150,41223.0
42312001,Compu-Med Vocational Careers Corp,Miami,FL,0,3,,,,,,,,,,,,,,,,,PS,22226.0
42312002,Compu-Med Vocational Careers - Dallas,Dallas,TX,0,3,,,,,,,,,,,,,,,,,PS,22226.0
42799101,Osceola Technical College - St. Cloud Campus,St. Cloud,FL,0,1,,,,,,,,,,,,,,,,,PS,38484.0
42799102,Osceola Technical College - Poinciana Campus,Kissimmee,FL,0,1,,,,,,,,,,,,,,,,,PS,38484.0
42817001,Southeastern College-Miami Lakes,Miami Lakes,FL,0,3,,,,,,,,,,,,,,,24480.0,24480.0,19000,41200.0
43482101,Blue Cliff College,Metairie,LA,0,3,,,,,,,,,,,,,,,,,9500,22177.0
44098901,Career Schools of Texas - Branch Campus #1,Dallas,TX,0,3,,,,,,,,,,,,,,,,,13000,21262.0
44098902,Career Schools of Texas - Branch Campus #2,Dallas,TX,0,3,,,,,,,,,,,,,,,,,13000,21262.0
44098904,Career Schools of Texas - Branch Campus #5,Houston,TX,0,3,,,,,,,,,,,,,,,,,13000,21262.0
44376602,Strayer University-Shelby Oaks Campus,Memphis,TN,0,3,,,,,,,,,,,,,,,13920.0,13920.0,40621,40092.0
44378403,Strayer University-Center City Campus,Philadelphia,PA,0,3,,,,,,,,,,,,,,,13920.0,13920.0,40621,40092.0
44473201,Leston College -,Isabela,PR,0,3,,,,,,,,,,,,,,,,,PS,16002.0
44628801,Paul Mitchell The School Great Lakes - Sarasota,Sarasota,FL,0,3,,,,,,,,,,,,,,,,,9667,16715.0
44652501,SAE Institute of Technology-New York,New York,NY,0,3,,,,,,,,,,,,,,,24072.0,24072.0,9500,39544.0
44652502,SAE Institute of Technology-Atlanta,Atlanta,GA,0,3,,,,,,,,,,,,,,,18474.0,18474.0,9500,39544.0
44652503,SAE Institute of Technology-Miami,North Miami Beach,FL,0,3,,,,,,,,,,,,,,,23888.0,23888.0,9500,39544.0
44652504,SAE Institute of Technology-Chicago,Chicago,IL,0,3,,,,,,,,,,,,,,,17994.0,17994.0,9500,39544.0
44784701,Aviator College of Aeronautical Science & Technology -  Kissimmee,Kissimmee,FL,0,3,,,,,,,,,,,,,,,16978.0,16978.0,16979,67739.0
44867301,Rasmussen University-Aurora,Aurora,IL,0,3,,,,,,,,,,,,,,,14078.0,14078.0,20899,39080.0
44867302,Rasmussen University-Romeoville/Joliet,Romeoville,IL,0,3,,,,,,,,,,,,,,,14078.0,14078.0,20899,39080.0
44867303,Rasmussen University-Mokena/Tinley Park,Mokena,IL,0,3,,,,,,,,,,,,,,,14078.0,14078.0,20899,39080.0
44946301,Academy Di Capelli -,East Hartford,CT,0,3,,,,,,,,,,,,,,,,,6333,
44948101,Dragon Rises College of Oriental Medicine - Bradenton,Bradenton,FL,0,2,,,,,,,,,,,,,,,,,PS,
44970001,Dayton School of Medical Massage-Lima,Lima,OH,0,3,,,,,,,,,,,,,,,18122.0,18122.0,13432,31071.0
44970002,Cincinnati School of Medical Massage,Cincinnati,OH,0,3,,,,,,,,,,,,,,,18122.0,18122.0,13432,31071.0
44970003,Cleveland Institute of Medical Massage,Middleburg Heights,OH,0,3,,,,,,,,,,,,,,,18122.0,18122.0,13432,31071.0
44970004,Columbus School of Medical Massage,Dublin,OH,0,3,,,,,,,,,,,,,,,18122.0,18122.0,13432,31071.0
45057102,Rasmussen University-Wausau,Wausau,WI,0,3,,,,,,,,,,,,,,,,,20899,39080.0
45098801,Coastline Beauty College - Hemet,Hemet,CA,0,3,,,,,,,,,,,,,,,,,PS,11585.0
45128201,Elevate Salon Institute,Utica,MI,0,3,,,,,,,,,,,,,,,,,6333,16853.0
45133401,Academy of Hair Design - Austin,Austin,TX,0,3,,,,,,,,,,,,,,,,,9500,25129.0
45175002,Bryant & Stratton College-Racine,Mount Pleasant,WI,0,2,,,,,,,,,,,,,,,,,21549,32568.0
45486501,Cambridge College of Healthcare & Technology,Atlanta,GA,0,3,,,,,,,,,,,,,,,18168.0,18168.0,26250,47792.0
45486502,Cambridge College of Healthcare & Technology - Miami Gardens,Miami Gardens,FL,0,3,,,,,,,,,,,,,,,18168.0,18168.0,26250,47792.0
45491701,Celebrity School of Beauty - Hialeah,Hialeah,FL,0,3,,,,,,,,,,,,,,,,,6333,15626.0
45519601,Jersey College - Tampa,Tampa,FL,0,3,,,,,,,,,,,,,,,,,21000,66087.0
45519602,Jersey College - Ewing,Ewing,NJ,0,3,,,,,,,,,,,,,,,,,21000,66087.0
45519603,Jersey College - Jacksonville,Jacksonville,FL,0,3,,,,,,,,,,,,,,,,,21000,66087.0
45519604,Jersey College - Fort Lauderdale,Sunrise,FL,0,3,,,,,,,,,,,,,,,,,21000,66087.0
45519605,Jersey College - Largo,Largo,FL,0,3,,,,,,,,,,,,,,,,,21000,66087.0
45519606,Jersey College - Port Charlotte,Port Charlotte,FL,0,3,,,,,,,,,,,,,,,,,21000,66087.0
45519607,Jersey College - Fort Wayne,Fort Wayne,IN,0,3,,,,,,,,,,,,,,,,,21000,66087.0
45519608,Jersey College - Brooksville,Brooksville,FL,0,3,,,,,,,,,,,,,,,,,21000,66087.0
45519609,Jersey College - Naples,Naples,FL,0,3,,,,,,,,,,,,,,,,,21000,66087.0
45519610,Jersey College - Cleveland,Cleveland,TN,0,3,,,,,,,,,,,,,,,,,21000,66087.0
45519611,Jersey College - Melbourne,Melbourne,FL,0,3,,,,,,,,,,,,,,,,,21000,66087.0
45519612,Jersey College - Scranton,Scranton,PA,0,3,,,,,,,,,,,,,,,,,21000,66087.0
45519613,Jersey College - Tucson,Tucson,AZ,0,3,,,,,,,,,,,,,,,,,21000,66087.0
45519614,Jersey College - Knoxville,Knoxville,TN,0,3,,,,,,,,,,,,,,,,,21000,66087.0
45519615,Jersey College - Jenkintown,Jenkintown,PA,0,3,,,,,,,,,,,,,,,,,21000,66087.0
45519616,Jersey College - Mesa,Mesa,AZ,0,3,,,,,,,,,,,,,,,,,21000,66087.0
45519617,Jersey College - Dothan,Dothan,AL,0,3,,,,,,,,,,,,,,,,,21000,66087.0
45519618,Jersey College - York,York,PA,0,3,,,,,,,,,,,,,,,,,21000,66087.0
45538101,Utah County Campus,Orem,UT,0,3,,,,,,,,,,,,,,,,,7667,27153.0
45763301,L'esprit Academy - Southfield,Southfield,MI,0,3,,,,,,,,,,,,,,,,,6333,22440.0
45891902,Strayer University-Morrow Campus,Morrow,GA,0,3,,,,,,,,,,,,,,,13920.0,13920.0,40621,40092.0
45891905,Strayer University-Lithonia Campus,Lithonia,GA,0,3,,,,,,,,,,,,,,,13920.0,13920.0,40621,40092.0
45891907,Strayer University-Augusta Campus,Augusta,GA,0,3,,,,,,,,,,,,,,,13920.0,13920.0,40621,40092.0
45897303,Strayer University-Northwest Houston,Houston,TX,0,3,,,,,,,,,,,,,,,13920.0,13920.0,40621,40092.0
45897306,Strayer University-North Dallas,Farmers Branch,TX,0,3,,,,,,,,,,,,,,,13920.0,13920.0,40621,40092.0
45920401,Unitek College - San Jose,San Jose,CA,0,3,,,,,,,,,,,,,,,,,10700,79550.0
45920402,Unitek College - Sacramento,Sacramento,CA,0,3,,,,,,,,,,,,,,,,,10700,79550.0
45920403,Unitek College - Concord,Concord,CA,0,3,,,,,,,,,,,,,,,,,10700,79550.0
45920404,Unitek College - Bakersfield,Bakersfield,CA,0,3,,,,,,,,,,,,,,,,,10700,79550.0
45920405,Unitek College - Reno,Reno,NV,0,3,,,,,,,,,,,,,,,,,10700,79550.0
46171301,Pure Aesthetics Natural Skincare School -  Arizona Holistic Institute,Tucson,AZ,0,3,,,,,,,,,,,,,,,,,PS,
46182901,Cinta Aveda Institute - San Jose,San Jose,CA,0,3,,,,,,,,,,,,,,,,,6333,34937.0
47503301,Relay Graduate School of Education - Newark,Newark,NJ,0,2,,,,,,,,,,,,,,,,,PS,
47503302,Relay Graduate School of Education - New Orleans,New Orleans,LA,0,2,,,,,,,,,,,,,,,,,PS,
47503303,Relay Graduate School of Education - Delaware,Wilmington,DE,0,2,,,,,,,,,,,,,,,,,PS,
47503304,Relay Graduate School of Education - Memphis,Memphis,TN,0,2,,,,,,,,,,,,,,,,,PS,
47503305,Relay Graduate School of Education - Houston,Houston,TX,0,2,,,,,,,,,,,,,,,,,PS,
47503306,Relay Graduate School of Education - Chicago,Chicago,IL,0,2,,,,,,,,,,,,,,,,,PS,
47503307,Relay Graduate School of Education - Baton Rouge,Baton Rouge,LA,0,2,,,,,,,,,,,,,,,,,PS,
47503308,Relay Graduate School of Education - Philadelphia & Camden,Philadelphia,PA,0,2,,,,,,,,,,,,,,,,,PS,
47503309,Relay Graduate School of Education - Denver,Denver,CO,0,2,,,,,,,,,,,,,,,,,PS,
47503310,Relay Graduate School of Education - Nashville,Nashville,TN,0,2,,,,,,,,,,,,,,,,,PS,
47503311,Relay Graduate School of Education - San Antonio,San Antonio,TX,0,2,,,,,,,,,,,,,,,,,PS,
47503312,Relay Graduate School of Education - Dallas-Fort Worth,Dallas,TX,0,2,,,,,,,,,,,,,,,,,PS,
47503313,Relay Graduate School of Education - Washington D.C,Washington,DC,0,2,,,,,,,,,,,,,,,,,PS,
47503314,Relay Graduate School of Education - Atlanta,Atlanta,GA,0,2,,,,,,,,,,,,,,,,,PS,
47503315,Relay Graduate School of Education - California,San Jose,CA,0,2,,,,,,,,,,,,,,,,,PS,
47503316,Relay Graduate School of Education - Indiana,Indianapolis,IN,0,2,,,,,,,,,,,,,,,,,PS,
47503317,Relay Graduate School of Education - Connecticut,New Haven,CT,0,2,,,,,,,,,,,,,,,,,PS,
47570501,Annenberg School of Nursing -  Los Angeles,Los Angeles,CA,0,2,,,,,,,,,,,,,,,,,PS,
47662901,Salon Institute - Columbus Campus,Lewis Center,OH,0,3,,,,,,,,,,,,,,,,,12000,
48065701,Rasmussen University - Overland Park,Overland Park,KS,0,3,,,,,,,,,,,,,,,17160.0,17160.0,20899,39080.0
48079001,Rocky Vista University - Utah,Ivins,UT,0,3,,,,,,,,,,,,,,,,,,
48092101,Designer Barber & Stylist School -,Fort Smith,AR,0,3,,,,,,,,,,,,,,,,,PS,
48100301,MT Training Center - Humble,Humble,TX,0,3,,,,,,,,,,,,,,,,,6755,
48133101,Sharp Edgez Barber Institute - Buffalo,Buffalo,NY,0,3,,,,,,,,,,,,,,,,,5476,
48152601,Chrysm Institute of Esthetics (The) - Hampton,Hampton,VA,0,3,,,,,,,,,,,,,,,,,6333,
48224601,Lynnes Welding Training - Ramsey,Ramsey,MN,0,3,,,,,,,,,,,,,,,,,PS,
48224602,Lynnes Welding Training-Bismarck,Bismarck,ND,0,3,,,,,,,,,,,,,,,,,PS,
48325801,Networks Barber College,Chicago,IL,0,3,,,,,,,,,,,,,,,,,16500,
48379901,East-West Healing Arts Institute - Milwaukee,Shorewood,WI,0,3,,,,,,,,,,,,,,,,,PS,
48387801,Bay Area Medical Academy - San Jose Satellite Location,San Jose,CA,0,3,,,,,,,,,,,,,,,,,9089,
48400201,High Desert Medical College - Bakerfield,Bakersfield,CA,0,3,,,,,,,,,,,,,,,,,13555,
48400202,High Desert Medical College - Temecula,Temecula,CA,0,3,,,,,,,,,,,,,,,,,13555,
48486201,University of West Los Angeles - Chatsworth,Woodland Hills,CA,0,3,,,,,,,,,,,,,,,,,,
48511103,Georgia Military College - Valdosta,Valdosta,GA,0,1,,,,,,,,,,,,,,,8112.0,8112.0,8563,39257.0
48511104,Georgia Military College - Augusta,Martinez,GA,0,1,,,,,,,,,,,,,,,8112.0,8112.0,8563,39257.0
48511105,Georgia Military College - Fairburn,Fairburn,GA,0,1,,,,,,,,,,,,,,,8112.0,8112.0,8563,39257.0
48511106,Georgia Military College - Robins,Warner Robins,GA,0,1,,,,,,,,,,,,,,,8112.0,8112.0,8563,39257.0
48511107,Georgia Military College - Columbus,Columbus,GA,0,1,,,,,,,,,,,,,,,8112.0,8112.0,8563,39257.0
48511109,Georgia Military College - Madison,Madison,GA,0,1,,,,,,,,,,,,,,,8112.0,8112.0,8563,39257.0
48511112,Georgia Military College - Dublin,Dublin,GA,0,1,,,,,,,,,,,,,,,8112.0,8112.0,8563,39257.0
48511113,Georgia Military College - Rockdale,Conyers,GA,0,1,,,,,,,,,,,,,,,8112.0,8112.0,8563,39257.0
48616901,American College of Barbering - Florence,Florence,KY,0,3,,,,,,,,,,,,,,,,,14143,
48839601,Phipps Academy of Barbering - Bradley,Bradley,IL,0,3,,,,,,,,,,,,,,,,,9500,
48891601,Alabama School of Nail Technology & Cosmetology - Saraland,Saraland,AL,0,3,,,,,,,,,,,,,,,,,16500,
49005401,HCI College - Fort Lauderdale Campus,Fort Lauderdale,FL,0,3,,,,,,,,,,,,,,,20838.0,20838.0,24149,
49010601,Virginia University of Integrative Medicine - New Jersey,Ridgefield,NJ,0,2,,,,,,,,,,,,,,,,,,
49010602,Virginia University of Integrative Medicine - Georgia,Duluth,GA,0,2,,,,,,,,,,,,,,,,,,
49146401,ABC Adult School - Cabrillo Lane,Cerritos,CA,0,1,,,,,,,,,,,,,,,,,PS,
49158901,Mystros Barber Academy - Missouri City,Missouri City,TX,0,2,,,,,,,,,,,,,,,,,PS,
49175601,Urban Barber College - San Jose,San Jose,CA,0,3,,,,,,,,,,,,,,,,,12365,
49175602,Urban Barber College -  Modesto,Modesto,CA,0,3,,,,,,,,,,,,,,,,,12365,
49178301,Wilton Simpson Technical College,Brooksville,FL,0,1,,,,,,,,,,,,,,,,,PS,
49362801,Pro Beauty Academy (The) -  Kenilworth,Kenilworth,NJ,0,3,,,,,,,,,,,,,,,,,5500,
49382201,College Unbound - Newport/Aquidneck Island,Newport,RI,0,2,,,,,,,,,,,,,,,11016.0,11016.0,12500,
49425001,Valley College - Fairlawn - School of Nursing,Fairlawn,OH,0,2,,,,,,,,,,,,,,,,,9500,24900.0
49501301,Western Maricopa Education Center - Southwest Campus,Buckeye,AZ,0,1,,,,,,,,,,,,,,,,,PS,
49501302,Western Maricopa Education Center - Northeast Campus,Phoenix,AZ,0,1,,,,,,,,,,,,,,,,,PS,
49501303,Western Maricopa Education Center - Northwest Campus,Surprise,AZ,0,1,,,,,,,,,,,,,,,,,PS,
49664501,Burlington County Institute of Technology - Adult Education -,Medford,NJ,0,1,,,,,,,,,,,,,,,,,,
